key,nl,en,pl,ro,ar,identical_langs
Admin.Feedback,Feedback,Feedback,Opinie,Feedback,ملاحظات,en|ro
Admin.FeedbackPr,Pull request,Pull request,Pull request,Pull request,طلب سحب,en|pl|ro
Admin.Logging,Platform logging,Platform logging,Logi platformy,Jurnal platformă,سجل المنصة,en
Admin.MarketingFlyerDownload,Download PDF,Download PDF,Pobierz PDF,Descarcă PDF,تنزيل PDF,en
Admin.MarketingFlyerIntro,Intro,Intro,Wstęp,Intro,المقدمة,en|ro
Admin.Masterdata,Masterdata,Master data,Dane podstawowe,Masterdata,البيانات الأساسية,ro
Admin.SupportAccessScope,Scope,Scope,Zakres,Scope,النطاق,en|ro
Ambassadeur.Onboarding,Onboarding,Onboarding,Onboarding,Onboarding,التسجيل,en|pl|ro
Apply.DirectContactLead,Neem direct contact op met de ondernemer voor sneller resultaat,Contact the employer directly for a faster result,Neem direct contact op met de ondernemer voor sneller resultaat,Neem direct contact op met de ondernemer voor sneller resultaat,Neem direct contact op met de ondernemer voor sneller resultaat,pl|ro|ar
Apply.Mail,Mail,Mail,E-mail,E-mail,بريد,en
Apps.StatusNow,Status: {0},Status: {0},Status: {0},Status: {0},الحالة: {0},en|pl|ro
Apps.Wizard.Contact,Contact,Contact,Kontakt,Contact,تواصل,en|ro
CareerDash.CollapsedMatch,match {0}%,match {0}%,match {0}%,match {0}%,match {0}%,en|pl|ro|ar
CareerDash.CollapsedMeta,{0} punten om aan te werken · {1} opleidingen,{0} points to work on · {1} courses,{0} punten om aan te werken · {1} opleidingen,{0} punten om aan te werken · {1} opleidingen,{0} punten om aan te werken · {1} opleidingen,pl|ro|ar
CareerDash.CollapseStep,Inklappen,Collapse,Inklappen,Inklappen,Inklappen,pl|ro|ar
CareerDash.Competencies,Benodigde competenties,Required competencies,Benodigde competenties,Benodigde competenties,Benodigde competenties,pl|ro|ar
CareerDash.CourseClaim,+ Heb ik al,+ I already have this,+ Heb ik al,+ Heb ik al,+ Heb ik al,pl|ro|ar
CareerDash.CourseOnProfile,Op je profiel,On your profile,Op je profiel,Op je profiel,Op je profiel,pl|ro|ar
CareerDash.Courses,Opleidingen & cursussen,Courses & training,Opleidingen & cursussen,Opleidingen & cursussen,Opleidingen & cursussen,pl|ro|ar
CareerDash.CoursesNone,Geen aparte cursus vereist voor deze stap.,No separate course required for this step.,Geen aparte cursus vereist voor deze stap.,Geen aparte cursus vereist voor deze stap.,Geen aparte cursus vereist voor deze stap.,pl|ro|ar
CareerDash.CoursesOnProfile,{0} van {1} op je profiel,{0} of {1} on your profile,{0} van {1} op je profiel,{0} van {1} op je profiel,{0} van {1} op je profiel,pl|ro|ar
CareerDash.CreatePlan,Maak mijn stappenplan,Create my step plan,Maak mijn stappenplan,Maak mijn stappenplan,Maak mijn stappenplan,pl|ro|ar
CareerDash.CurrentRole,Huidige rol,Current role,Huidige rol,Huidige rol,Huidige rol,pl|ro|ar
CareerDash.DreamPlaceholder,Typ je droombaan…,Type your dream role…,Typ je droombaan…,Typ je droombaan…,Typ je droombaan…,pl|ro|ar
CareerDash.DreamRequired,Vul eerst je stip op de horizon in.,Enter your horizon goal first.,Vul eerst je stip op de horizon in.,Vul eerst je stip op de horizon in.,Vul eerst je stip op de horizon in.,pl|ro|ar
CareerDash.DreamRole,Stip op de horizon,Horizon goal,Stip op de horizon,Stip op de horizon,Stip op de horizon,pl|ro|ar
CareerDash.EditDream,Droombaan aanpassen,Edit dream role,Droombaan aanpassen,Droombaan aanpassen,Droombaan aanpassen,pl|ro|ar
CareerDash.Generating,AI bouwt je diepe stappenplan…,AI is building your deep step plan…,AI bouwt je diepe stappenplan…,AI bouwt je diepe stappenplan…,AI bouwt je diepe stappenplan…,pl|ro|ar
CareerDash.GoalReachedEyebrow,Stip op de horizon,Horizon goal,Stip op de horizon,Stip op de horizon,Stip op de horizon,pl|ro|ar
CareerDash.GoalReachedLead,Je hebt alle stappen afgerond richting {0}.,You completed every step toward {0}.,Je hebt alle stappen afgerond richting {0}.,Je hebt alle stappen afgerond richting {0}.,Je hebt alle stappen afgerond richting {0}.,pl|ro|ar
CareerDash.GoalReachedTitle,Doel bereikt,Goal reached,Doel bereikt,Doel bereikt,Doel bereikt,pl|ro|ar
CareerDash.Horizon,Voortgang naar je doel,Progress toward your goal,Voortgang naar je doel,Voortgang naar je doel,Voortgang naar je doel,pl|ro|ar
CareerDash.HorizonEyebrow,Stip op de horizon,Horizon goal,Stip op de horizon,Stip op de horizon,Stip op de horizon,pl|ro|ar
CareerDash.Lead,Zet je stip op de horizon — zie hoe ver je bent en welke diepe stappen volgen op basis van je profiel en DNA.,Set your horizon goal — see how far you are and which deep steps follow from your profile and DNA.,Zet je stip op de horizon — zie hoe ver je bent en welke diepe stappen volgen op basis van je profiel en DNA.,Zet je stip op de horizon — zie hoe ver je bent en welke diepe stappen volgen op basis van je profiel en DNA.,Zet je stip op de horizon — zie hoe ver je bent en welke diepe stappen volgen op basis van je profiel en DNA.,pl|ro|ar
CareerDash.MarkComplete,✓ Markeer stap als voltooid,✓ Mark step as completed,✓ Markeer stap als voltooid,✓ Markeer stap als voltooid,✓ Markeer stap als voltooid,pl|ro|ar
CareerDash.MarkIncomplete,Markeer als niet voltooid,Mark as not completed,Markeer als niet voltooid,Markeer als niet voltooid,Markeer als niet voltooid,pl|ro|ar
CareerDash.MatchAria,{0} procent match met je talentprofiel,{0} percent match with your talent profile,{0} procent match met je talentprofiel,{0} procent match met je talentprofiel,{0} procent match met je talentprofiel,pl|ro|ar
CareerDash.MatchWithProfile,{0}% match met je profiel,{0}% match with your profile,{0}% match met je profiel,{0}% match met je profiel,{0}% match met je profiel,pl|ro|ar
CareerDash.MinRequirements,Minimale eisen,Minimum requirements,Minimale eisen,Minimale eisen,Minimale eisen,pl|ro|ar
CareerDash.MinRequirementsNone,Geen harde papieren eis voor deze stap.,No hard paperwork requirement for this step.,Geen harde papieren eis voor deze stap.,Geen harde papieren eis voor deze stap.,Geen harde papieren eis voor deze stap.,pl|ro|ar
CareerDash.NextStepEyebrow,Volgende stap · {0} van {1},Next step · {0} of {1},Volgende stap · {0} van {1},Volgende stap · {0} van {1},Volgende stap · {0} van {1},pl|ro|ar
CareerDash.OpenLink,Open mijn carrièrepad,Open my career path,Open mijn carrièrepad,Open mijn carrièrepad,Open mijn carrièrepad,pl|ro|ar
CareerDash.PlanLead,"Tik een stap voor gap-analyse, opleidingen, eisen en ervaring — rustig en diepgaand.","Tap a step for gap analysis, courses, requirements and experience — calm and thorough.","Tik een stap voor gap-analyse, opleidingen, eisen en ervaring — rustig en diepgaand.","Tik een stap voor gap-analyse, opleidingen, eisen en ervaring — rustig en diepgaand.","Tik een stap voor gap-analyse, opleidingen, eisen en ervaring — rustig en diepgaand.",pl|ro|ar
CareerDash.PlanTitle,Stappenplan,Step plan,Stappenplan,Stappenplan,Stappenplan,pl|ro|ar
CareerDash.ProgressLabel,Totale match met je droombaan,Overall match with your dream role,Totale match met je droombaan,Totale match met je droombaan,Totale match met je droombaan,pl|ro|ar
CareerDash.Regenerate,Stappenplan opnieuw maken,Rebuild step plan,Stappenplan opnieuw maken,Stappenplan opnieuw maken,Stappenplan opnieuw maken,pl|ro|ar
CareerDash.RegenerateConfirm,Je voortgang voor dit plan vervalt.,Your progress for this plan will be lost.,Je voortgang voor dit plan vervalt.,Je voortgang voor dit plan vervalt.,Je voortgang voor dit plan vervalt.,pl|ro|ar
CareerDash.RegenerateHint,Een nieuwe droombaan vervangt je huidige plan.,A new dream role replaces your current plan.,Een nieuwe droombaan vervangt je huidige plan.,Een nieuwe droombaan vervangt je huidige plan.,Een nieuwe droombaan vervangt je huidige plan.,pl|ro|ar
CareerDash.SkillsGap,Wat je nog mist,What you still need,Wat je nog mist,Wat je nog mist,Wat je nog mist,pl|ro|ar
CareerDash.SkillsGapNone,Geen openstaande skills gap — deze stap is rond.,No open skills gap — this step is done.,Geen openstaande skills gap — deze stap is rond.,Geen openstaande skills gap — deze stap is rond.,Geen openstaande skills gap — deze stap is rond.,pl|ro|ar
CareerDash.StatusActive,Actief,Active,Actief,Actief,Actief,pl|ro|ar
CareerDash.StatusCompleted,Voltooid,Completed,Voltooid,Voltooid,Voltooid,pl|ro|ar
CareerDash.StepEyebrowCompleted,Stap {0} van {1} · Voltooid,Step {0} of {1} · Completed,Stap {0} van {1} · Voltooid,Stap {0} van {1} · Voltooid,Stap {0} van {1} · Voltooid,pl|ro|ar
CareerDash.StepEyebrowOpen,Stap {0} van {1} · Open,Step {0} of {1} · Open,Stap {0} van {1} · Open,Stap {0} van {1} · Open,Stap {0} van {1} · Open,pl|ro|ar
CareerDash.StepMatch,Match op deze stap: {0}%,Match on this step: {0}%,Match op deze stap: {0}%,Match op deze stap: {0}%,Match op deze stap: {0}%,pl|ro|ar
CareerDash.StepMatchLabel,Match op deze stap,Match on this step,Match op deze stap,Match op deze stap,Match op deze stap,pl|ro|ar
CareerDash.StepN,Stap {0},Step {0},Stap {0},Stap {0},Stap {0},pl|ro|ar
CareerDash.Title,Mijn carrière,My career,Mijn carrière,Mijn carrière,Mijn carrière,pl|ro|ar
CareerDash.ToastCompleted,Stap {0} voltooid — op naar stap {1}.,Step {0} completed — on to step {1}.,Stap {0} voltooid — op naar stap {1}.,Stap {0} voltooid — op naar stap {1}.,Stap {0} voltooid — op naar stap {1}.,pl|ro|ar
CareerDash.ToastCompletedSimple,Stap {0} voltooid.,Step {0} completed.,Stap {0} voltooid.,Stap {0} voltooid.,Stap {0} voltooid.,pl|ro|ar
CareerDash.ToastGoal,Stap {0} voltooid — doel bereikt.,Step {0} completed — goal reached.,Stap {0} voltooid — doel bereikt.,Stap {0} voltooid — doel bereikt.,Stap {0} voltooid — doel bereikt.,pl|ro|ar
CareerDash.ToastUndo,Ongedaan maken,Undo,Ongedaan maken,Ongedaan maken,Ongedaan maken,pl|ro|ar
CareerDash.ViewStep,Bekijk stap,View step,Bekijk stap,Bekijk stap,Bekijk stap,pl|ro|ar
CareerDash.YearsExperience,Ervaring,Experience,Ervaring,Ervaring,Ervaring,pl|ro|ar
CareerDash.YearsExperienceValue,{0} jaar richtinggevend,{0} years as a guide,{0} jaar richtinggevend,{0} jaar richtinggevend,{0} jaar richtinggevend,pl|ro|ar
Common.Details,Details,Details,Szczegóły,Detalii,التفاصيل,en
Common.Filter,Filter,Filter,Filtr,Filtru,تصفية,en
Common.OpensNewTab,opent in een nieuw tabblad,opens in a new tab,opent in een nieuw tabblad,opent in een nieuw tabblad,opent in een nieuw tabblad,pl|ro|ar
Common.Tokens,Tokens,Tokens,Tokeny,Tokenuri,الرموز,en
Disc.Continue,Cultuurscan verder invullen,Continue culture scan,Cultuurscan verder invullen,Cultuurscan verder invullen,Cultuurscan verder invullen,pl|ro|ar
Disc.Empty,Je hebt de cultuurscan nog niet ingevuld.,You have not completed the culture scan yet.,Je hebt de cultuurscan nog niet ingevuld.,Je hebt de cultuurscan nog niet ingevuld.,Je hebt de cultuurscan nog niet ingevuld.,pl|ro|ar
Disc.Lead,Achttien korte stellingen over hoe jij graag werkt. Geen DISC-letters — wel een helder startpunt.,Eighteen short statements on how you like to work. No DISC letters — a clear starting point.,Achttien korte stellingen over hoe jij graag werkt. Geen DISC-letters — wel een helder startpunt.,Achttien korte stellingen over hoe jij graag werkt. Geen DISC-letters — wel een helder startpunt.,Achttien korte stellingen over hoe jij graag werkt. Geen DISC-letters — wel een helder startpunt.,pl|ro|ar
Disc.RadarLabel,Verdeling van je cultuurvoorkeuren,Your culture preferences,Verdeling van je cultuurvoorkeuren,Verdeling van je cultuurvoorkeuren,Verdeling van je cultuurvoorkeuren,pl|ro|ar
Disc.Retake,Cultuurscan opnieuw invullen / aanpassen,Retake / edit culture scan,Cultuurscan opnieuw invullen / aanpassen,Cultuurscan opnieuw invullen / aanpassen,Cultuurscan opnieuw invullen / aanpassen,pl|ro|ar
Disc.SavedComplete,Cultuurscan opgeslagen.,Culture scan saved.,Cultuurscan opgeslagen.,Cultuurscan opgeslagen.,Cultuurscan opgeslagen.,pl|ro|ar
Disc.Start,Start de cultuurscan,Start the culture scan,Start de cultuurscan,Start de cultuurscan,Start de cultuurscan,pl|ro|ar
Disc.Title,Cultuur & persoonlijkheid,Culture & personality,Cultuur & persoonlijkheid,Cultuur & persoonlijkheid,Cultuur & persoonlijkheid,pl|ro|ar
Disc.TrainingTitle,Workshops en cursussen,Workshops and courses,Workshops en cursussen,Workshops en cursussen,Workshops en cursussen,pl|ro|ar
Discovery.Filters,Filters,Filters,Filtry,Filtre,عوامل التصفية,en
Discovery.MaxMinutes,max {0} min,max {0} min,maks. {0} min,max {0} min,بحد أقصى {0} د,en|ro
Discovery.SelectedMore,{0} +{1},{0} +{1},{0} +{1},{0} +{1},{0} +{1},en|pl|ro|ar
Discovery.TravelModeMinutes,{0} min {1},{0} min {1},{0} min {1},{0} min {1},{0} د {1},en|pl|ro
Dna.CarouselDot,Grafiek {0} van {1},Chart {0} of {1},Grafiek {0} van {1},Grafiek {0} van {1},Grafiek {0} van {1},pl|ro|ar
Dna.CarouselLabel,Testgrafieken,Test charts,Testgrafieken,Testgrafieken,Testgrafieken,pl|ro|ar
Dna.ChartAlt.Career,Beroepen-RIASEC-grafiek,Career RIASEC chart,Beroepen-RIASEC-grafiek,Beroepen-RIASEC-grafiek,Beroepen-RIASEC-grafiek,pl|ro|ar
Dna.ChartAlt.Competence,Competentiegrafiek,Competence chart,Competentiegrafiek,Competentiegrafiek,Competentiegrafiek,pl|ro|ar
Dna.ChartAlt.Culture,Cultuurpolen,Culture poles,Cultuurpolen,Cultuurpolen,Cultuurpolen,pl|ro|ar
Dna.ChartAlt.Values,Waardengrafiek,Values chart,Waardengrafiek,Waardengrafiek,Waardengrafiek,pl|ro|ar
Dna.CultureHomeTitle,Waar je je thuis voelt,Where you feel at home,Waar je je thuis voelt,Waar je je thuis voelt,Waar je je thuis voelt,pl|ro|ar
Dna.CulturePole.Autonomy.High,Zelfstandig,Independent,Zelfstandig,Zelfstandig,Zelfstandig,pl|ro|ar
Dna.CulturePole.Autonomy.Low,Veel sturing,Lots of guidance,Veel sturing,Veel sturing,Veel sturing,pl|ro|ar
Dna.CulturePole.Collaboration.Low,Alleen,Solo,Alleen,Alleen,Alleen,pl|ro|ar
Dna.CulturePole.Flexibility.High,Flexibel,Flexible,Flexibel,Flexibel,Flexibel,pl|ro|ar
Dna.CulturePole.Flexibility.Low,Vaste structuur,Fixed structure,Vaste structuur,Vaste structuur,Vaste structuur,pl|ro|ar
Dna.CulturePole.Generic.Low,Minder,Less,Minder,Minder,Minder,pl|ro|ar
Dna.CulturePole.Informal.High,Informeel,Informal,Informeel,Informeel,Informeel,pl|ro|ar
Dna.CulturePole.Informal.Low,Formeel,Formal,Formeel,Formeel,Formeel,pl|ro|ar
Dna.CulturePole.Innovation.High,Vernieuwend,Innovative,Vernieuwend,Vernieuwend,Vernieuwend,pl|ro|ar
Dna.CulturePole.Innovation.Low,Bekend,Familiar,Bekend,Bekend,Bekend,pl|ro|ar
Dna.CulturePole.PeopleFirst.High,Mensen,People,Mensen,Mensen,Mensen,pl|ro|ar
Dna.CulturePole.PeopleFirst.Low,Resultaat,Results,Resultaat,Resultaat,Resultaat,pl|ro|ar
Dna.HighlightImportant,Belangrijk,Important,Belangrijk,Belangrijk,Belangrijk,pl|ro|ar
Dna.HighlightsAside,uit je tests,from your tests,uit je tests,uit je tests,uit je tests,pl|ro|ar
Dna.HighlightsTitle,Dit valt op,What stands out,Dit valt op,Dit valt op,Dit valt op,pl|ro|ar
Dna.HighlightStrongest,Sterkste punt,Strongest point,Sterkste punt,Sterkste punt,Sterkste punt,pl|ro|ar
Dna.HighlightWork,Werk dat past,Work that fits,Werk dat past,Werk dat past,Werk dat past,pl|ro|ar
Dna.KeywordsLabel,Trefwoorden,Keywords,Trefwoorden,Trefwoorden,Trefwoorden,pl|ro|ar
Dna.StartTest,Start test,Start test,Start test,Start test,Start test,en|pl|ro|ar
Dna.StatusComplete,Volledig,Complete,Volledig,Volledig,Volledig,pl|ro|ar
Dna.StoryEmpty,"Maak de volledige tests, dan schrijven we jouw verhaal","Take the full tests, then we write your story.","Maak de volledige tests, dan schrijven we jouw verhaal","Maak de volledige tests, dan schrijven we jouw verhaal","Maak de volledige tests, dan schrijven we jouw verhaal",pl|ro|ar
Dna.StoryEmptyCta,Naar de tests,Go to the tests,Naar de tests,Naar de tests,Naar de tests,pl|ro|ar
Dna.StoryLess,Minder,Less,Minder,Minder,Minder,pl|ro|ar
Dna.StoryMore,Lees verder,Read more,Lees verder,Lees verder,Lees verder,pl|ro|ar
Dna.StoryTitle,Jouw verhaal,Your story,Jouw verhaal,Jouw verhaal,Jouw verhaal,pl|ro|ar
Dna.StoryUpdated,Bijgewerkt op {0},Updated on {0},Bijgewerkt op {0},Bijgewerkt op {0},Bijgewerkt op {0},pl|ro|ar
Dna.StoryUpdating,wordt bijgewerkt,updating,wordt bijgewerkt,wordt bijgewerkt,wordt bijgewerkt,pl|ro|ar
Dna.TeaserCareer,Doe de beroepentest en zie welk werk bij je past.,Take the career test and see which work fits you.,Doe de beroepentest en zie welk werk bij je past.,Doe de beroepentest en zie welk werk bij je past.,Doe de beroepentest en zie welk werk bij je past.,pl|ro|ar
Dna.TeaserCompetence,Doe de competentietest en zie waar je sterk in bent.,Take the competence test and see where you are strong.,Doe de competentietest en zie waar je sterk in bent.,Doe de competentietest en zie waar je sterk in bent.,Doe de competentietest en zie waar je sterk in bent.,pl|ro|ar
Dna.TeaserCulture,Doe de cultuurtest en zie waar je je thuis voelt.,Take the culture test and see where you feel at home.,Doe de cultuurtest en zie waar je je thuis voelt.,Doe de cultuurtest en zie waar je je thuis voelt.,Doe de cultuurtest en zie waar je je thuis voelt.,pl|ro|ar
Dna.TeaserStart,Start {0} · {1} vragen,Start {0} · {1} questions,Start {0} · {1} vragen,Start {0} · {1} vragen,Start {0} · {1} vragen,pl|ro|ar
Dna.TeaserValues,Doe de waardentest en zie wat voor jou het zwaarst weegt.,Take the values test and see what matters most to you.,Doe de waardentest en zie wat voor jou het zwaarst weegt.,Doe de waardentest en zie wat voor jou het zwaarst weegt.,Doe de waardentest en zie wat voor jou het zwaarst weegt.,pl|ro|ar
Dna.TestsProgress,{0} van {1} volledig,{0} of {1} complete,{0} van {1} volledig,{0} van {1} volledig,{0} van {1} volledig,pl|ro|ar
Dna.TestsTitle,Je 4 tests,Your 4 tests,Je 4 tests,Je 4 tests,Je 4 tests,pl|ro|ar
Dna.TileA11y,"{0}, {1}, {2} van {3} beantwoord","{0}, {1}, {2} of {3} answered","{0}, {1}, {2} van {3} beantwoord","{0}, {1}, {2} van {3} beantwoord","{0}, {1}, {2} van {3} beantwoord",pl|ro|ar
Dna.TileContinue,Verder · {0} vr.,Continue · {0} q.,Verder · {0} vr.,Verder · {0} vr.,Verder · {0} vr.,pl|ro|ar
Dna.TileNotStarted,Nog niet gestart,Not started yet,Nog niet gestart,Nog niet gestart,Nog niet gestart,pl|ro|ar
Dna.TileStart,Start · ± {0} min,Start · ± {0} min,Start · ± {0} min,Start · ± {0} min,Start · ± {0} min,en|pl|ro|ar
Dna.TileSummaryStrong,Sterk in {0},Strong in {0},Sterk in {0},Sterk in {0},Sterk in {0},pl|ro|ar
Dna.TileSummaryTop,Top: {0},Top: {0},Top: {0},Top: {0},Top: {0},en|pl|ro|ar
Dna.ValuesWorkTitle,Waarden op werk,Values at work,Waarden op werk,Waarden op werk,Waarden op werk,pl|ro|ar
Dna.ViewResult,Bekijk uitslag,View result,Bekijk uitslag,Bekijk uitslag,Bekijk uitslag,pl|ro|ar
DreamJob.accountant,Accountant,Accountant,Accountant,Accountant,Accountant,en|pl|ro|ar
DreamJob.acteur,Acteur,Acteur,Acteur,Acteur,Acteur,en|pl|ro|ar
DreamJob.advocaat,Advocaat,Advocaat,Advocaat,Advocaat,Advocaat,en|pl|ro|ar
DreamJob.apotheker,Apotheker,Apotheker,Apotheker,Apotheker,Apotheker,en|pl|ro|ar
DreamJob.architect,Architect,Architect,Architect,Architect,Architect,en|pl|ro|ar
DreamJob.astronaut,Astronaut,Astronaut,Astronaut,Astronaut,Astronaut,en|pl|ro|ar
DreamJob.automonteur,Automonteur,Automonteur,Automonteur,Automonteur,Automonteur,en|pl|ro|ar
DreamJob.bakker,Bakker,Bakker,Bakker,Bakker,Bakker,en|pl|ro|ar
DreamJob.bioloog,Bioloog,Bioloog,Bioloog,Bioloog,Bioloog,en|pl|ro|ar
DreamJob.bouwkundige,Bouwkundige,Bouwkundige,Bouwkundige,Bouwkundige,Bouwkundige,en|pl|ro|ar
DreamJob.brandweer,Brandweerman/-vrouw,Brandweerman/-vrouw,Brandweerman/-vrouw,Brandweerman/-vrouw,Brandweerman/-vrouw,en|pl|ro|ar
DreamJob.cabinepersoneel,Cabinepersoneel,Cabinepersoneel,Cabinepersoneel,Cabinepersoneel,Cabinepersoneel,en|pl|ro|ar
DreamJob.contentmaker,Contentmaker,Contentmaker,Contentmaker,Contentmaker,Contentmaker,en|pl|ro|ar
DreamJob.data-scientist,Data scientist,Data scientist,Data scientist,Data scientist,Data scientist,en|pl|ro|ar
DreamJob.dierenarts,Dierenarts,Dierenarts,Dierenarts,Dierenarts,Dierenarts,en|pl|ro|ar
DreamJob.dierenverzorger,Dierenverzorger,Dierenverzorger,Dierenverzorger,Dierenverzorger,Dierenverzorger,en|pl|ro|ar
DreamJob.elektricien,Elektricien,Elektricien,Elektricien,Elektricien,Elektricien,en|pl|ro|ar
DreamJob.evenementenorganisator,Evenementenorganisator,Evenementenorganisator,Evenementenorganisator,Evenementenorganisator,Evenementenorganisator,en|pl|ro|ar
DreamJob.fotograaf,Fotograaf,Fotograaf,Fotograaf,Fotograaf,Fotograaf,en|pl|ro|ar
DreamJob.fysiotherapeut,Fysiotherapeut,Fysiotherapeut,Fysiotherapeut,Fysiotherapeut,Fysiotherapeut,en|pl|ro|ar
DreamJob.game-developer,Game developer,Game developer,Game developer,Game developer,Game developer,en|pl|ro|ar
DreamJob.grafisch-ontwerper,Grafisch ontwerper,Grafisch ontwerper,Grafisch ontwerper,Grafisch ontwerper,Grafisch ontwerper,en|pl|ro|ar
DreamJob.hovenier,Hovenier,Hovenier,Hovenier,Hovenier,Hovenier,en|pl|ro|ar
DreamJob.ingenieur,Ingenieur,Ingenieur,Ingenieur,Ingenieur,Ingenieur,en|pl|ro|ar
DreamJob.journalist,Journalist,Journalist,Journalist,Journalist,Journalist,en|pl|ro|ar
DreamJob.kapper,Kapper,Kapper,Kapper,Kapper,Kapper,en|pl|ro|ar
DreamJob.leraar,Leraar,Leraar,Leraar,Leraar,Leraar,en|pl|ro|ar
DreamJob.makelaar,Makelaar,Makelaar,Makelaar,Makelaar,Makelaar,en|pl|ro|ar
DreamJob.marketeer,Marketeer,Marketeer,Marketeer,Marketeer,Marketeer,en|pl|ro|ar
DreamJob.militair,Militair,Militair,Militair,Militair,Militair,en|pl|ro|ar
DreamJob.muzikant,Muzikant,Muzikant,Muzikant,Muzikant,Muzikant,en|pl|ro|ar
DreamJob.notaris,Notaris,Notaris,Notaris,Notaris,Notaris,en|pl|ro|ar
DreamJob.ondernemer,Ondernemer,Ondernemer,Ondernemer,Ondernemer,Ondernemer,en|pl|ro|ar
DreamJob.pedagogisch-medewerker,Pedagogisch medewerker,Pedagogisch medewerker,Pedagogisch medewerker,Pedagogisch medewerker,Pedagogisch medewerker,en|pl|ro|ar
DreamJob.personal-trainer,Personal trainer,Personal trainer,Personal trainer,Personal trainer,Personal trainer,en|pl|ro|ar
DreamJob.piloot,Piloot,Piloot,Piloot,Piloot,Piloot,en|pl|ro|ar
DreamJob.politie,Politieagent,Politieagent,Politieagent,Politieagent,Politieagent,en|pl|ro|ar
DreamJob.profsporter,Profsporter,Profsporter,Profsporter,Profsporter,Profsporter,en|pl|ro|ar
DreamJob.programmeur,Programmeur,Programmeur,Programmeur,Programmeur,Programmeur,en|pl|ro|ar
DreamJob.psycholoog,Psycholoog,Psycholoog,Psycholoog,Psycholoog,Psycholoog,en|pl|ro|ar
DreamJob.rechter,Rechter,Rechter,Rechter,Rechter,Rechter,en|pl|ro|ar
DreamJob.tandarts,Tandarts,Tandarts,Tandarts,Tandarts,Tandarts,en|pl|ro|ar
DreamJob.timmerman,Timmerman,Timmerman,Timmerman,Timmerman,Timmerman,en|pl|ro|ar
DreamJob.verloskundige,Verloskundige,Verloskundige,Verloskundige,Verloskundige,Verloskundige,en|pl|ro|ar
DreamJob.verpleegkundige,Verpleegkundige,Verpleegkundige,Verpleegkundige,Verpleegkundige,Verpleegkundige,en|pl|ro|ar
DreamJob.wetenschapper,Wetenschapper,Wetenschapper,Wetenschapper,Wetenschapper,Wetenschapper,en|pl|ro|ar
Employer.FactContact,Contact,Contact,Kontakt,Contact,التواصل,en|ro
Employer.Highlight,Highlight,Highlight,Wyróżnienie,Evidențiere,تمييز,en
Employer.PushBom,PushBom,PushBom,PushBom,PushBom,PushBom,en|pl|ro|ar
Feedback.Button,Feedback,Feedback,Opinia,Feedback,ملاحظات,en|ro
Feedback.Capturing,Screenshot…,Screenshot…,Zrzut…,Screenshot…,لقطة…,en|ro
Feedback.Type,Type,Type,Typ,Tip,النوع,en
Feedback.Type.Error,Error,Error,Błąd,Eroare,خطأ,en
Feedback.Type.Feature,Feature,Feature,Funkcja,Funcție,ميزة,en
Fit.Check,Past dit bij mij?,Does this fit me?,Past dit bij mij?,Past dit bij mij?,Past dit bij mij?,pl|ro|ar
Fit.CheckMyFit,Check mijn fit,Check my fit,Check mijn fit,Check mijn fit,Check mijn fit,pl|ro|ar
Fit.CheckSimilar,Toets deze functie,Check this role,Toets deze functie,Toets deze functie,Toets deze functie,pl|ro|ar
Fit.CheckVacancy,Past deze vacature bij mij?,Does this vacancy fit me?,Past deze vacature bij mij?,Past deze vacature bij mij?,Past deze vacature bij mij?,pl|ro|ar
Fit.CultureBlock,Cultuur & teamfit,Culture & team fit,Cultuur & teamfit,Cultuur & teamfit,Cultuur & teamfit,pl|ro|ar
Fit.CultureMissing,Deze vacature heeft nog geen team-cultuurpijlers. We toetsen vooral of het werk bij jouw richting past.,This vacancy has no team-culture pillars yet. We mainly check whether the work matches your direction.,Deze vacature heeft nog geen team-cultuurpijlers. We toetsen vooral of het werk bij jouw richting past.,Deze vacature heeft nog geen team-cultuurpijlers. We toetsen vooral of het werk bij jouw richting past.,Deze vacature heeft nog geen team-cultuurpijlers. We toetsen vooral of het werk bij jouw richting past.,pl|ro|ar
Fit.Dealbreaker,Dealbreaker,Dealbreaker,Dealbreaker,Dealbreaker,Dealbreaker,en|pl|ro|ar
Fit.DeepUpsell,"Wil je een nóg preciezere analyse op maat met een haarscherp groeistappenplan? Ontgrendel dan de uitgebreide diepte-analyse (€ 2,99) voor een waterdichte vergelijking.",Want an even sharper tailored analysis with a clear growth plan? Unlock the extended deep analysis (€ 2.99) for a watertight comparison.,"Wil je een nóg preciezere analyse op maat met een haarscherp groeistappenplan? Ontgrendel dan de uitgebreide diepte-analyse (€ 2,99) voor een waterdichte vergelijking.","Wil je een nóg preciezere analyse op maat met een haarscherp groeistappenplan? Ontgrendel dan de uitgebreide diepte-analyse (€ 2,99) voor een waterdichte vergelijking.","Wil je een nóg preciezere analyse op maat met een haarscherp groeistappenplan? Ontgrendel dan de uitgebreide diepte-analyse (€ 2,99) voor een waterdichte vergelijking.",pl|ro|ar
Fit.DirectEmpty,We vinden nu geen vacature waar je zonder extra papierwerk op kunt starten. Kijk op de banenkaart of kies een vergelijkbare functie.,We cannot find a vacancy you can start without extra papers. Open the job map or try a similar role.,We vinden nu geen vacature waar je zonder extra papierwerk op kunt starten. Kijk op de banenkaart of kies een vergelijkbare functie.,We vinden nu geen vacature waar je zonder extra papierwerk op kunt starten. Kijk op de banenkaart of kies een vergelijkbare functie.,We vinden nu geen vacature waar je zonder extra papierwerk op kunt starten. Kijk op de banenkaart of kies een vergelijkbare functie.,pl|ro|ar
Fit.DirectLead,Openstaande banen in hetzelfde vakgebied in Den Haag en het Westland waar je met je huidige profiel kunt starten.,Open jobs in the same field in The Hague and Westland that you can start with your current profile.,Openstaande banen in hetzelfde vakgebied in Den Haag en het Westland waar je met je huidige profiel kunt starten.,Openstaande banen in hetzelfde vakgebied in Den Haag en het Westland waar je met je huidige profiel kunt starten.,Openstaande banen in hetzelfde vakgebied in Den Haag en het Westland waar je met je huidige profiel kunt starten.,pl|ro|ar
Fit.DirectTitle,Direct passende vacatures op Lobsy,Vacancies on Lobsy you can start now,Direct passende vacatures op Lobsy,Direct passende vacatures op Lobsy,Direct passende vacatures op Lobsy,pl|ro|ar
Fit.FormalBlock,Formele randvoorwaarden,Formal requirements,Formele randvoorwaarden,Formele randvoorwaarden,Formele randvoorwaarden,pl|ro|ar
Fit.Gaps,Wat je mist,What you are missing,Wat je mist,Wat je mist,Wat je mist,pl|ro|ar
Fit.HeroTitle,Ontdek of deze functie bij jou past,Discover if this role fits you,Ontdek of deze functie bij jou past,Ontdek of deze functie bij jou past,Ontdek of deze functie bij jou past,pl|ro|ar
Fit.HideScores,Verberg scores,Hide scores,Verberg scores,Verberg scores,Verberg scores,pl|ro|ar
Fit.Important,Belangrijk,Important,Belangrijk,Belangrijk,Belangrijk,pl|ro|ar
Fit.JobTitle,Functietitel,Job title,Functietitel,Functietitel,Functietitel,pl|ro|ar
Fit.Lead,Typ de functie die je overweegt — we toetsen die in vier rustige stappen tegen jouw tests en laten zien waar jij past.,Type the role you are considering — we check it in four calm steps against your tests and show where you fit.,Typ de functie die je overweegt — we toetsen die in vier rustige stappen tegen jouw tests en laten zien waar jij past.,Typ de functie die je overweegt — we toetsen die in vier rustige stappen tegen jouw tests en laten zien waar jij past.,Typ de functie die je overweegt — we toetsen die in vier rustige stappen tegen jouw tests en laten zien waar jij past.,pl|ro|ar
Fit.Locked,Ontgrendel de Functie-Fit Checker door eerst je korte competentie- en beroepentest in te vullen (ca. 3 minuten).,Unlock the role-fit checker by first completing your short competence and occupation tests (about 3 minutes).,Ontgrendel de Functie-Fit Checker door eerst je korte competentie- en beroepentest in te vullen (ca. 3 minuten).,Ontgrendel de Functie-Fit Checker door eerst je korte competentie- en beroepentest in te vullen (ca. 3 minuten).,Ontgrendel de Functie-Fit Checker door eerst je korte competentie- en beroepentest in te vullen (ca. 3 minuten).,pl|ro|ar
Fit.LowBarrierNote,Geen extra diploma’s of certificaten nodig. Reistijd en beschikbaarheid zijn genoeg.,No extra diplomas or certificates needed. Travel time and availability are enough.,Geen extra diploma’s of certificaten nodig. Reistijd en beschikbaarheid zijn genoeg.,Geen extra diploma’s of certificaten nodig. Reistijd en beschikbaarheid zijn genoeg.,Geen extra diploma’s of certificaten nodig. Reistijd en beschikbaarheid zijn genoeg.,pl|ro|ar
Fit.NeedsRecheck,Je profiel is gewijzigd — opnieuw checken?,Your profile changed — check again?,Je profiel is gewijzigd — opnieuw checken?,Je profiel is gewijzigd — opnieuw checken?,Je profiel is gewijzigd — opnieuw checken?,pl|ro|ar
Fit.OpenMap,Vergelijkbare vacatures in Den Haag en het Westland,Similar vacancies in The Hague and Westland,Vergelijkbare vacatures in Den Haag en het Westland,Vergelijkbare vacatures in Den Haag en het Westland,Vergelijkbare vacatures in Den Haag en het Westland,pl|ro|ar
Fit.PathTitle,Opleidingspad,Training path,Opleidingspad,Opleidingspad,Opleidingspad,pl|ro|ar
Fit.PathWithin,binnen {0},within {0},binnen {0},binnen {0},binnen {0},pl|ro|ar
Fit.Placeholder,"Bijv. verpleegkundige, juf, magazijnmedewerker…","E.g. nurse, teacher, warehouse worker…","Bijv. verpleegkundige, juf, magazijnmedewerker…","Bijv. verpleegkundige, juf, magazijnmedewerker…","Bijv. verpleegkundige, juf, magazijnmedewerker…",pl|ro|ar
Fit.ShowScores,Bekijk scores en werkstijl,View scores and work style,Bekijk scores en werkstijl,Bekijk scores en werkstijl,Bekijk scores en werkstijl,pl|ro|ar
Fit.SimilarLead,Alleen functies in hetzelfde vakgebied of met een direct verwante opleiding. Overeenkomst in soft skills is niet genoeg.,"Only roles in the same field, or with a directly related course of study. Shared soft skills are not enough.",Alleen functies in hetzelfde vakgebied of met een direct verwante opleiding. Overeenkomst in soft skills is niet genoeg.,Alleen functies in hetzelfde vakgebied of met een direct verwante opleiding. Overeenkomst in soft skills is niet genoeg.,Alleen functies in hetzelfde vakgebied of met een direct verwante opleiding. Overeenkomst in soft skills is niet genoeg.,pl|ro|ar
Fit.SimilarTitle,Vergelijkbare functies,Similar roles,Vergelijkbare functies,Vergelijkbare functies,Vergelijkbare functies,pl|ro|ar
Fit.Step1,Stap 1 — Matchpercentage,Step 1 — Match percentage,Stap 1 — Matchpercentage,Stap 1 — Matchpercentage,Stap 1 — Matchpercentage,pl|ro|ar
Fit.Step2,Stap 2 — Waar je op matcht,Step 2 — Where you match,Stap 2 — Waar je op matcht,Stap 2 — Waar je op matcht,Stap 2 — Waar je op matcht,pl|ro|ar
Fit.Step3,Stap 3 — Wat je mist,Step 3 — What you are missing,Stap 3 — Wat je mist,Stap 3 — Wat je mist,Stap 3 — Wat je mist,pl|ro|ar
Fit.Step4,Stap 4 — Wat je gaat doen,Step 4 — What you will do,Stap 4 — Wat je gaat doen,Stap 4 — Wat je gaat doen,Stap 4 — Wat je gaat doen,pl|ro|ar
Fit.Steps,Wat je gaat doen,What you will do next,Wat je gaat doen,Wat je gaat doen,Wat je gaat doen,pl|ro|ar
Fit.Strengths,Waar je op matcht,Where you already match,Waar je op matcht,Waar je op matcht,Waar je op matcht,pl|ro|ar
Fit.TrainingLead,Een korte cursus kan dit stukje aanvullen. Eerst lokale praktijkopleiders; landelijke cursussen als vangnet.,A short course can fill this gap. Local providers first; national courses as a fallback.,Een korte cursus kan dit stukje aanvullen. Eerst lokale praktijkopleiders; landelijke cursussen als vangnet.,Een korte cursus kan dit stukje aanvullen. Eerst lokale praktijkopleiders; landelijke cursussen als vangnet.,Een korte cursus kan dit stukje aanvullen. Eerst lokale praktijkopleiders; landelijke cursussen als vangnet.,pl|ro|ar
Fit.TrainingTitle,Passende cursus,Matching course,Passende cursus,Passende cursus,Passende cursus,pl|ro|ar
Footer.Westland,Westland,Westland,Westland,Westland,Westland,en|pl|ro|ar
GratisDna.Share.Instagram,Instagram,Instagram,Instagram,Instagram,Instagram,en|pl|ro|ar
GratisDna.Tile.Culture.Autonomy,Je werkt graag met ruimte om zelf keuzes te maken.,Je werkt graag met ruimte om zelf keuzes te maken.,Je werkt graag met ruimte om zelf keuzes te maken.,Je werkt graag met ruimte om zelf keuzes te maken.,Je werkt graag met ruimte om zelf keuzes te maken.,en|pl|ro|ar
GratisDna.Tile.Culture.Collaboration,Je floreert in teams die echt samenwerken.,Je floreert in teams die echt samenwerken.,Je floreert in teams die echt samenwerken.,Je floreert in teams die echt samenwerken.,Je floreert in teams die echt samenwerken.,en|pl|ro|ar
GratisDna.Tile.Culture.Flexibility,Je past je makkelijk aan als het werk verandert.,Je past je makkelijk aan als het werk verandert.,Je past je makkelijk aan als het werk verandert.,Je past je makkelijk aan als het werk verandert.,Je past je makkelijk aan als het werk verandert.,en|pl|ro|ar
GratisDna.Tile.Culture.Informal,Je voelt je prettig in een informele werksfeer.,Je voelt je prettig in een informele werksfeer.,Je voelt je prettig in een informele werksfeer.,Je voelt je prettig in een informele werksfeer.,Je voelt je prettig in een informele werksfeer.,en|pl|ro|ar
GratisDna.Tile.Culture.Innovation,Je zoekt een cultuur die vernieuwing waardeert.,Je zoekt een cultuur die vernieuwing waardeert.,Je zoekt een cultuur die vernieuwing waardeert.,Je zoekt een cultuur die vernieuwing waardeert.,Je zoekt een cultuur die vernieuwing waardeert.,en|pl|ro|ar
GratisDna.Tile.Culture.PeopleFirst,Je kiest voor plekken waar mensen voorop staan.,Je kiest voor plekken waar mensen voorop staan.,Je kiest voor plekken waar mensen voorop staan.,Je kiest voor plekken waar mensen voorop staan.,Je kiest voor plekken waar mensen voorop staan.,en|pl|ro|ar
GratisDna.Tile.Value.Achievement,Je wilt groeien en resultaat laten zien.,Je wilt groeien en resultaat laten zien.,Je wilt groeien en resultaat laten zien.,Je wilt groeien en resultaat laten zien.,Je wilt groeien en resultaat laten zien.,en|pl|ro|ar
GratisDna.Tile.Value.Autonomy,Je vindt eigen regie en uitdaging belangrijk.,Je vindt eigen regie en uitdaging belangrijk.,Je vindt eigen regie en uitdaging belangrijk.,Je vindt eigen regie en uitdaging belangrijk.,Je vindt eigen regie en uitdaging belangrijk.,en|pl|ro|ar
GratisDna.Tile.Value.Connection,Je hecht aan warme banden met collega’s en klanten.,Je hecht aan warme banden met collega’s en klanten.,Je hecht aan warme banden met collega’s en klanten.,Je hecht aan warme banden met collega’s en klanten.,Je hecht aan warme banden met collega’s en klanten.,en|pl|ro|ar
GratisDna.Tile.Value.Impact,Je wilt bijdragen aan iets dat ertoe doet.,Je wilt bijdragen aan iets dat ertoe doet.,Je wilt bijdragen aan iets dat ertoe doet.,Je wilt bijdragen aan iets dat ertoe doet.,Je wilt bijdragen aan iets dat ertoe doet.,en|pl|ro|ar
GratisDna.Tile.Value.Stability,Je zoekt zekerheid en voorspelbaarheid in werk.,Je zoekt zekerheid en voorspelbaarheid in werk.,Je zoekt zekerheid en voorspelbaarheid in werk.,Je zoekt zekerheid en voorspelbaarheid in werk.,Je zoekt zekerheid en voorspelbaarheid in werk.,en|pl|ro|ar
HowLobsy.Ambassadeur.Lead,Van onboarding tot commissie — zo werf je kandidaten én ondernemers met jouw trackingcode.,From onboarding to commission — grow candidates and employers with your tracking code.,Van onboarding tot commissie — zo werf je kandidaten én ondernemers met jouw trackingcode.,Van onboarding tot commissie — zo werf je kandidaten én ondernemers met jouw trackingcode.,Van onboarding tot commissie — zo werf je kandidaten én ondernemers met jouw trackingcode.,pl|ro|ar
HowLobsy.Ambassadeur.PartnerLabel,werven-pagina,recruit page,werven-pagina,werven-pagina,werven-pagina,pl|ro|ar
HowLobsy.Ambassadeur.PrimaryCta,Naar toolkit,Go to toolkit,Naar toolkit,Naar toolkit,Naar toolkit,pl|ro|ar
HowLobsy.Ambassadeur.SecondaryCta,Naar dashboard →,Go to dashboard →,Naar dashboard →,Naar dashboard →,Naar dashboard →,pl|ro|ar
HowLobsy.Ambassadeur.Step1Body,"Vul onder {0} KvK, BTW en NAW in en onderteken de overeenkomst. Daarna ontvang je jouw unieke trackingcode (AM-…).","Under {0} enter Chamber of Commerce, VAT and address details and sign the agreement. Then you receive your unique tracking code (AM-…).","Vul onder {0} KvK, BTW en NAW in en onderteken de overeenkomst. Daarna ontvang je jouw unieke trackingcode (AM-…).","Vul onder {0} KvK, BTW en NAW in en onderteken de overeenkomst. Daarna ontvang je jouw unieke trackingcode (AM-…).","Vul onder {0} KvK, BTW en NAW in en onderteken de overeenkomst. Daarna ontvang je jouw unieke trackingcode (AM-…).",pl|ro|ar
HowLobsy.Ambassadeur.Step1Title,1. Rond je onboarding af,1. Finish onboarding,1. Rond je onboarding af,1. Rond je onboarding af,1. Rond je onboarding af,pl|ro|ar
HowLobsy.Ambassadeur.Step2Body,"In de {0} vind je je deelbare link, kandidatenflyer en ondernemersflyer (met QR) met jouw code.","In the {0} you find your shareable link, candidate flyer and entrepreneur flyer (with QR) with your code.","In de {0} vind je je deelbare link, kandidatenflyer en ondernemersflyer (met QR) met jouw code.","In de {0} vind je je deelbare link, kandidatenflyer en ondernemersflyer (met QR) met jouw code.","In de {0} vind je je deelbare link, kandidatenflyer en ondernemersflyer (met QR) met jouw code.",pl|ro|ar
HowLobsy.Ambassadeur.Step2Title,2. Gebruik de ambassadeur-toolkit,2. Use the ambassador toolkit,2. Gebruik de ambassadeur-toolkit,2. Gebruik de ambassadeur-toolkit,2. Gebruik de ambassadeur-toolkit,pl|ro|ar
HowLobsy.Ambassadeur.Step3Body,Stuur mensen naar jouw persoonlijke {0} (met trackingcode). Zij registreren met jouw code; jij bouwt pipeline en commissie op. Zonder code open je eerst de toolkit.,"Send people to your personal {0} (with tracking code). They register with your code; you build pipeline and commission. Without a code, open the toolkit first.",Stuur mensen naar jouw persoonlijke {0} (met trackingcode). Zij registreren met jouw code; jij bouwt pipeline en commissie op. Zonder code open je eerst de toolkit.,Stuur mensen naar jouw persoonlijke {0} (met trackingcode). Zij registreren met jouw code; jij bouwt pipeline en commissie op. Zonder code open je eerst de toolkit.,Stuur mensen naar jouw persoonlijke {0} (met trackingcode). Zij registreren met jouw code; jij bouwt pipeline en commissie op. Zonder code open je eerst de toolkit.,pl|ro|ar
HowLobsy.Ambassadeur.Step3Title,3. Deel je werven-pagina,3. Share your recruit page,3. Deel je werven-pagina,3. Deel je werven-pagina,3. Deel je werven-pagina,pl|ro|ar
HowLobsy.Ambassadeur.Step4Body,"Op {0} zie je trackingcode, kandidaten-KPI’s, sollicitaties en je commissiepercentage.","On {0} you see tracking code, candidate KPIs, applications and your commission percentage.","Op {0} zie je trackingcode, kandidaten-KPI’s, sollicitaties en je commissiepercentage.","Op {0} zie je trackingcode, kandidaten-KPI’s, sollicitaties en je commissiepercentage.","Op {0} zie je trackingcode, kandidaten-KPI’s, sollicitaties en je commissiepercentage.",pl|ro|ar
HowLobsy.Ambassadeur.Step4Title,4. Volg resultaat op je dashboard,4. Track results on your dashboard,4. Volg resultaat op je dashboard,4. Volg resultaat op je dashboard,4. Volg resultaat op je dashboard,pl|ro|ar
HowLobsy.Ambassadeur.Step5Body,Bekijk commissies per transactie en vraag uitbetaling aan via {0}.,Review commissions per transaction and request payout via {0}.,Bekijk commissies per transactie en vraag uitbetaling aan via {0}.,Bekijk commissies per transactie en vraag uitbetaling aan via {0}.,Bekijk commissies per transactie en vraag uitbetaling aan via {0}.,pl|ro|ar
HowLobsy.Ambassadeur.Step5Title,5. Financieel en uitbetaling,5. Finance and payout,5. Financieel en uitbetaling,5. Financieel en uitbetaling,5. Financieel en uitbetaling,pl|ro|ar
HowLobsy.Ambassadeur.Title,Hoe werkt Lobsy als ambassadeur?,How does Lobsy work for ambassadors?,Hoe werkt Lobsy als ambassadeur?,Hoe werkt Lobsy als ambassadeur?,Hoe werkt Lobsy als ambassadeur?,pl|ro|ar
HowLobsy.Branch.Lead,Van dashboard tot sollicitant — zo werf je lokaal met tokens.,From dashboard to applicants — hire locally with tokens.,Van dashboard tot sollicitant — zo werf je lokaal met tokens.,Van dashboard tot sollicitant — zo werf je lokaal met tokens.,Van dashboard tot sollicitant — zo werf je lokaal met tokens.,pl|ro|ar
HowLobsy.Branch.PrimaryCta,Naar vacatures,Go to vacancies,Naar vacatures,Naar vacatures,Naar vacatures,pl|ro|ar
HowLobsy.Branch.SecondaryCta,Naar dashboard →,Go to dashboard →,Naar dashboard →,Naar dashboard →,Naar dashboard →,pl|ro|ar
HowLobsy.Branch.Step1Body,"Open {0} voor KPI’s van jouw vestiging: actieve vacatures, sollicitaties, clicks en meer. Kies een periode en klik een tegel voor detail.","Open {0} for your branch KPIs: active vacancies, applications, clicks and more. Pick a period and tap a tile for detail.","Open {0} voor KPI’s van jouw vestiging: actieve vacatures, sollicitaties, clicks en meer. Kies een periode en klik een tegel voor detail.","Open {0} voor KPI’s van jouw vestiging: actieve vacatures, sollicitaties, clicks en meer. Kies een periode en klik een tegel voor detail.","Open {0} voor KPI’s van jouw vestiging: actieve vacatures, sollicitaties, clicks en meer. Kies een periode en klik een tegel voor detail.",pl|ro|ar
HowLobsy.Branch.Step1Title,1. Start op je dashboard,1. Start on your dashboard,1. Start op je dashboard,1. Start op je dashboard,1. Start op je dashboard,pl|ro|ar
HowLobsy.Branch.Step2Body,"Onder {0} maak je concepten of publiceer je banen. Bij publiceren kies je basis, highlight, PushBom of verlengen — dat kost tokens. Bij te weinig saldo kan publicatie op goedkeuring wachten.","Under {0} you create drafts or publish jobs. When publishing you choose basic, highlight, PushBom or extend — that costs tokens. With a low balance, publishing may wait for approval.","Onder {0} maak je concepten of publiceer je banen. Bij publiceren kies je basis, highlight, PushBom of verlengen — dat kost tokens. Bij te weinig saldo kan publicatie op goedkeuring wachten.","Onder {0} maak je concepten of publiceer je banen. Bij publiceren kies je basis, highlight, PushBom of verlengen — dat kost tokens. Bij te weinig saldo kan publicatie op goedkeuring wachten.","Onder {0} maak je concepten of publiceer je banen. Bij publiceren kies je basis, highlight, PushBom of verlengen — dat kost tokens. Bij te weinig saldo kan publicatie op goedkeuring wachten.",pl|ro|ar
HowLobsy.Branch.Step2Title,2. Beheer en publiceer vacatures,2. Manage and publish vacancies,2. Beheer en publiceer vacatures,2. Beheer en publiceer vacatures,2. Beheer en publiceer vacatures,pl|ro|ar
HowLobsy.Branch.Step3Body,Via vacatures of {0} zie je kandidaten. Contactgegevens (PII) verschijnen pas nadat je iemand accepteert of contact opneemt — privacy by design.,Via vacancies or {0} you see candidates. Contact details (PII) appear only after you accept someone or start contacting them — privacy by design.,Via vacatures of {0} zie je kandidaten. Contactgegevens (PII) verschijnen pas nadat je iemand accepteert of contact opneemt — privacy by design.,Via vacatures of {0} zie je kandidaten. Contactgegevens (PII) verschijnen pas nadat je iemand accepteert of contact opneemt — privacy by design.,Via vacatures of {0} zie je kandidaten. Contactgegevens (PII) verschijnen pas nadat je iemand accepteert of contact opneemt — privacy by design.,pl|ro|ar
HowLobsy.Branch.Step3Title,3. Beoordeel sollicitanten,3. Review applicants,3. Beoordeel sollicitanten,3. Beoordeel sollicitanten,3. Beoordeel sollicitanten,pl|ro|ar
HowLobsy.Branch.Step4Body,Op {0} zie je saldo en verbruik. Zonder tokens publiceer of boost je niet — vraag bij je organisatie om bijvulling als dat nodig is.,On {0} you see balance and spend. Without tokens you cannot publish or boost — ask your organisation to top up when needed.,Op {0} zie je saldo en verbruik. Zonder tokens publiceer of boost je niet — vraag bij je organisatie om bijvulling als dat nodig is.,Op {0} zie je saldo en verbruik. Zonder tokens publiceer of boost je niet — vraag bij je organisatie om bijvulling als dat nodig is.,Op {0} zie je saldo en verbruik. Zonder tokens publiceer of boost je niet — vraag bij je organisatie om bijvulling als dat nodig is.,pl|ro|ar
HowLobsy.Branch.Step4Title,4. Houd je tokens in de gaten,4. Watch your tokens,4. Houd je tokens in de gaten,4. Houd je tokens in de gaten,4. Houd je tokens in de gaten,pl|ro|ar
HowLobsy.Branch.Step5Body,"Controleer {0} (adres, contactvoorkeur, eventueel API/CSV). Onder {1} behandel je overnameverzoeken van vestigingen.","Check {0} (address, contact preference, optional API/CSV). Under {1} you handle branch takeover requests.","Controleer {0} (adres, contactvoorkeur, eventueel API/CSV). Onder {1} behandel je overnameverzoeken van vestigingen.","Controleer {0} (adres, contactvoorkeur, eventueel API/CSV). Onder {1} behandel je overnameverzoeken van vestigingen.","Controleer {0} (adres, contactvoorkeur, eventueel API/CSV). Onder {1} behandel je overnameverzoeken van vestigingen.",pl|ro|ar
HowLobsy.Branch.Step5Title,5. Bedrijfsgegevens en overnames,5. Company details and takeovers,5. Bedrijfsgegevens en overnames,5. Bedrijfsgegevens en overnames,5. Bedrijfsgegevens en overnames,pl|ro|ar
HowLobsy.Branch.Step6Body,Open de {0} om te zien hoe jouw vacatures op de kaart staan voor werkzoekenden in de buurt.,Open the {0} to see how your vacancies appear on the map for nearby job seekers.,Open de {0} om te zien hoe jouw vacatures op de kaart staan voor werkzoekenden in de buurt.,Open de {0} om te zien hoe jouw vacatures op de kaart staan voor werkzoekenden in de buurt.,Open de {0} om te zien hoe jouw vacatures op de kaart staan voor werkzoekenden in de buurt.,pl|ro|ar
HowLobsy.Branch.Step6Title,6. Check hoe kandidaten je zien,6. See how candidates see you,6. Check hoe kandidaten je zien,6. Check hoe kandidaten je zien,6. Check hoe kandidaten je zien,pl|ro|ar
HowLobsy.Branch.Title,Hoe werkt Lobsy voor jouw vestiging?,How does Lobsy work for your branch?,Hoe werkt Lobsy voor jouw vestiging?,Hoe werkt Lobsy voor jouw vestiging?,Hoe werkt Lobsy voor jouw vestiging?,pl|ro|ar
HowLobsy.Enterprise.Lead,Op mobiel snel werken; op desktop diep organisatiebeheer via Organisatie.,Move fast on mobile; deep organization admin lives under Organization on desktop.,Op mobiel snel werken; op desktop diep organisatiebeheer via Organisatie.,Op mobiel snel werken; op desktop diep organisatiebeheer via Organisatie.,Op mobiel snel werken; op desktop diep organisatiebeheer via Organisatie.,pl|ro|ar
HowLobsy.Enterprise.PrimaryCta,Naar vacatures,Go to vacancies,Naar vacatures,Naar vacatures,Naar vacatures,pl|ro|ar
HowLobsy.Enterprise.SecondaryCta,Naar dashboard →,Go to dashboard →,Naar dashboard →,Naar dashboard →,Naar dashboard →,pl|ro|ar
HowLobsy.Enterprise.Step1Body,"Start op {0} met kerncijfers over groei, engagement en activiteit. Klik tegels voor drilldown.","Start on {0} with core figures for growth, engagement and activity. Tap tiles for drilldown.","Start op {0} met kerncijfers over groei, engagement en activiteit. Klik tegels voor drilldown.","Start op {0} met kerncijfers over groei, engagement en activiteit. Klik tegels voor drilldown.","Start op {0} met kerncijfers over groei, engagement en activiteit. Klik tegels voor drilldown.",pl|ro|ar
HowLobsy.Enterprise.Step1Title,1. Bedrijfsdashboard,1. Company dashboard,1. Bedrijfsdashboard,1. Bedrijfsdashboard,1. Bedrijfsdashboard,pl|ro|ar
HowLobsy.Enterprise.Step2Body,"Beheer alle vacatures onder {0}. Je kunt publiceren, pauzeren en waar nodig publicaties goedkeuren die op tokens wachten.","Manage all vacancies under {0}. You can publish, pause and approve publishes that are waiting on tokens.","Beheer alle vacatures onder {0}. Je kunt publiceren, pauzeren en waar nodig publicaties goedkeuren die op tokens wachten.","Beheer alle vacatures onder {0}. Je kunt publiceren, pauzeren en waar nodig publicaties goedkeuren die op tokens wachten.","Beheer alle vacatures onder {0}. Je kunt publiceren, pauzeren en waar nodig publicaties goedkeuren die op tokens wachten.",pl|ro|ar
HowLobsy.Enterprise.Step2Title,2. Vacatures en publicatie,2. Vacancies and publishing,2. Vacatures en publicatie,2. Vacatures en publicatie,2. Vacatures en publicatie,pl|ro|ar
HowLobsy.Enterprise.Step3Body,"Koop en verdeel tokens via {0}. Stel vestiging-opt-in in, volg logs en zorg dat teams kunnen publiceren zonder stilstand.","Buy and allocate tokens via {0}. Set branch opt-in, follow logs and keep teams able to publish.","Koop en verdeel tokens via {0}. Stel vestiging-opt-in in, volg logs en zorg dat teams kunnen publiceren zonder stilstand.","Koop en verdeel tokens via {0}. Stel vestiging-opt-in in, volg logs en zorg dat teams kunnen publiceren zonder stilstand.","Koop en verdeel tokens via {0}. Stel vestiging-opt-in in, volg logs en zorg dat teams kunnen publiceren zonder stilstand.",pl|ro|ar
HowLobsy.Enterprise.Step3Title,3. Tokenpot en uitgifte,3. Token pool and allocation,3. Tokenpot en uitgifte,3. Tokenpot en uitgifte,3. Tokenpot en uitgifte,pl|ro|ar
HowLobsy.Enterprise.Step4Body,Bekijk en nodig collega’s uit onder {0}. Ideaal voor snelle checks onderweg.,Review and invite colleagues under {0}. Ideal for quick checks on the go.,Bekijk en nodig collega’s uit onder {0}. Ideaal voor snelle checks onderweg.,Bekijk en nodig collega’s uit onder {0}. Ideaal voor snelle checks onderweg.,Bekijk en nodig collega’s uit onder {0}. Ideaal voor snelle checks onderweg.,pl|ro|ar
HowLobsy.Enterprise.Step4Title,4. Gebruikers (ook op mobiel),4. Users (also on mobile),4. Gebruikers (ook op mobiel),4. Gebruikers (ook op mobiel),4. Gebruikers (ook op mobiel),pl|ro|ar
HowLobsy.Enterprise.Step5Body,"Open {0} op een groot scherm voor vestigingen, regio’s, salaristabellen, bedrijfsgegevens, CSV-import en overnames.","Open {0} on a large screen for branches, regions, salary tables, company details, CSV import and takeovers.","Open {0} op een groot scherm voor vestigingen, regio’s, salaristabellen, bedrijfsgegevens, CSV-import en overnames.","Open {0} op een groot scherm voor vestigingen, regio’s, salaristabellen, bedrijfsgegevens, CSV-import en overnames.","Open {0} op een groot scherm voor vestigingen, regio’s, salaristabellen, bedrijfsgegevens, CSV-import en overnames.",pl|ro|ar
HowLobsy.Enterprise.Step5Title,5. Organisatiebeheer (desktop),5. Organization admin (desktop),5. Organisatiebeheer (desktop),5. Organisatiebeheer (desktop),5. Organisatiebeheer (desktop),pl|ro|ar
HowLobsy.Enterprise.Step6Body,"Salaristabellen, CSV en structuurbeheer zitten onder {0}. Op mobiel zie je daar een duidelijke desktop-melding.","Salary tables, CSV and structure management live under {0}. On mobile you get a clear desktop notice.","Salaristabellen, CSV en structuurbeheer zitten onder {0}. Op mobiel zie je daar een duidelijke desktop-melding.","Salaristabellen, CSV en structuurbeheer zitten onder {0}. Op mobiel zie je daar een duidelijke desktop-melding.","Salaristabellen, CSV en structuurbeheer zitten onder {0}. Op mobiel zie je daar een duidelijke desktop-melding.",pl|ro|ar
HowLobsy.Enterprise.Step6Title,6. Zware modules op desktop,6. Heavy modules on desktop,6. Zware modules op desktop,6. Zware modules op desktop,6. Zware modules op desktop,pl|ro|ar
HowLobsy.Enterprise.Title,Hoe werkt Lobsy voor jouw organisatie?,How does Lobsy work for your organisation?,Hoe werkt Lobsy voor jouw organisatie?,Hoe werkt Lobsy voor jouw organisatie?,Hoe werkt Lobsy voor jouw organisatie?,pl|ro|ar
HowLobsy.Guest.DnaLabel,Ontdek je werk-DNA,Discover your work DNA,Ontdek je werk-DNA,Ontdek je werk-DNA,Ontdek je werk-DNA,pl|ro|ar
HowLobsy.Guest.Lead,"Vacatures op reistijd, een gratis werk-DNA en solliciteren wanneer jij er klaar voor bent — zonder account te hoeven starten.","Jobs by travel time, a free work DNA, and apply when you are ready — no account required to start exploring.","Vacatures op reistijd, een gratis werk-DNA en solliciteren wanneer jij er klaar voor bent — zonder account te hoeven starten.","Vacatures op reistijd, een gratis werk-DNA en solliciteren wanneer jij er klaar voor bent — zonder account te hoeven starten.","Vacatures op reistijd, een gratis werk-DNA en solliciteren wanneer jij er klaar voor bent — zonder account te hoeven starten.",pl|ro|ar
HowLobsy.Guest.PrimaryCta,Ontdek je gratis werk-DNA,Discover your free work DNA,Ontdek je gratis werk-DNA,Ontdek je gratis werk-DNA,Ontdek je gratis werk-DNA,pl|ro|ar
HowLobsy.Guest.SecondaryCta,Account maken →,Create an account →,Account maken →,Account maken →,Account maken →,pl|ro|ar
HowLobsy.Guest.Step1Body,"Open {0}. Je ziet vacatures op een kaart rondom jouw regio. Sleep of zoom, tik op pins of clusters, en gebruik filters om banen te vinden die bij je passen.","Open {0}. You see vacancies on a map around your area. Pan or zoom, tap pins or clusters, and use filters to find jobs that fit.","Open {0}. Je ziet vacatures op een kaart rondom jouw regio. Sleep of zoom, tik op pins of clusters, en gebruik filters om banen te vinden die bij je passen.","Open {0}. Je ziet vacatures op een kaart rondom jouw regio. Sleep of zoom, tik op pins of clusters, en gebruik filters om banen te vinden die bij je passen.","Open {0}. Je ziet vacatures op een kaart rondom jouw regio. Sleep of zoom, tik op pins of clusters, en gebruik filters om banen te vinden die bij je passen.",pl|ro|ar
HowLobsy.Guest.Step1Title,1. Verken de banenkaart,1. Explore the job map,1. Verken de banenkaart,1. Verken de banenkaart,1. Verken de banenkaart,pl|ro|ar
HowLobsy.Guest.Step2Body,"Doe de gratis test via {0}: korte vragen, geen account nodig. Je ziet meteen hoe jij werkt en wat bij je past.","Take the free test via {0}: short questions, no account needed. See right away how you work and what fits you.","Doe de gratis test via {0}: korte vragen, geen account nodig. Je ziet meteen hoe jij werkt en wat bij je past.","Doe de gratis test via {0}: korte vragen, geen account nodig. Je ziet meteen hoe jij werkt en wat bij je past.","Doe de gratis test via {0}: korte vragen, geen account nodig. Je ziet meteen hoe jij werkt en wat bij je past.",pl|ro|ar
HowLobsy.Guest.Step2Title,2. Ontdek je werk-DNA,2. Discover your work DNA,2. Ontdek je werk-DNA,2. Ontdek je werk-DNA,2. Ontdek je werk-DNA,pl|ro|ar
HowLobsy.Guest.Step3Body,Klaar om te solliciteren? {0} duurt een minuut. Je werk-DNA en voorkeuren gaan mee.,Ready to apply? {0} takes a minute. Your work DNA and preferences come along.,Klaar om te solliciteren? {0} duurt een minuut. Je werk-DNA en voorkeuren gaan mee.,Klaar om te solliciteren? {0} duurt een minuut. Je werk-DNA en voorkeuren gaan mee.,Klaar om te solliciteren? {0} duurt een minuut. Je werk-DNA en voorkeuren gaan mee.,pl|ro|ar
HowLobsy.Guest.Step3Title,3. Maak een account als je wilt solliciteren,3. Create an account when you want to apply,3. Maak een account als je wilt solliciteren,3. Maak een account als je wilt solliciteren,3. Maak een account als je wilt solliciteren,pl|ro|ar
HowLobsy.Guest.Step4Body,"Bewaar vacatures, vul je profiel aan en solliciteer wanneer het past. Werkgevers zien je contactgegevens pas als jij matcht of zij contact opnemen.","Save vacancies, complete your profile and apply when it suits you. Employers only see your contact details after a match or when they reach out.","Bewaar vacatures, vul je profiel aan en solliciteer wanneer het past. Werkgevers zien je contactgegevens pas als jij matcht of zij contact opnemen.","Bewaar vacatures, vul je profiel aan en solliciteer wanneer het past. Werkgevers zien je contactgegevens pas als jij matcht of zij contact opnemen.","Bewaar vacatures, vul je profiel aan en solliciteer wanneer het past. Werkgevers zien je contactgegevens pas als jij matcht of zij contact opnemen.",pl|ro|ar
HowLobsy.Guest.Step4Title,4. Solliciteer op jouw tempo,4. Apply at your own pace,4. Solliciteer op jouw tempo,4. Solliciteer op jouw tempo,4. Solliciteer op jouw tempo,pl|ro|ar
HowLobsy.Guest.Title,Hoe werkt Lobsy?,How does Lobsy work?,Hoe werkt Lobsy?,Hoe werkt Lobsy?,Hoe werkt Lobsy?,pl|ro|ar
HowLobsy.Intermediary.Lead,"Werven voor meerdere opdrachtgevers: dashboard, bedrijvenoverzicht en tokens.","Hire for multiple clients: dashboard, company performance board and tokens.","Werven voor meerdere opdrachtgevers: dashboard, bedrijvenoverzicht en tokens.","Werven voor meerdere opdrachtgevers: dashboard, bedrijvenoverzicht en tokens.","Werven voor meerdere opdrachtgevers: dashboard, bedrijvenoverzicht en tokens.",pl|ro|ar
HowLobsy.Intermediary.PrimaryCta,Naar vacatures,Go to vacancies,Naar vacatures,Naar vacatures,Naar vacatures,pl|ro|ar
HowLobsy.Intermediary.SecondaryCta,Naar dashboard →,Go to dashboard →,Naar dashboard →,Naar dashboard →,Naar dashboard →,pl|ro|ar
HowLobsy.Intermediary.Step1Body,"Op {0} zie je resultaten over je gekoppelde opdrachtgevers: vacatures, sollicitaties, clicks en engagement.","On {0} you see results across linked clients: vacancies, applications, clicks and engagement.","Op {0} zie je resultaten over je gekoppelde opdrachtgevers: vacatures, sollicitaties, clicks en engagement.","Op {0} zie je resultaten over je gekoppelde opdrachtgevers: vacatures, sollicitaties, clicks en engagement.","Op {0} zie je resultaten over je gekoppelde opdrachtgevers: vacatures, sollicitaties, clicks en engagement.",pl|ro|ar
HowLobsy.Intermediary.Step1Title,1. Jouw KPI-dashboard,1. Your KPI dashboard,1. Jouw KPI-dashboard,1. Jouw KPI-dashboard,1. Jouw KPI-dashboard,pl|ro|ar
HowLobsy.Intermediary.Step2Body,"Onder {0} zie je prestaties per opdrachtgever: vacatures, openstaande sollicitaties, conversie, tokens en snelle acties.","Under {0} you see per-client performance: vacancies, unanswered applications, conversion, tokens and quick actions.","Onder {0} zie je prestaties per opdrachtgever: vacatures, openstaande sollicitaties, conversie, tokens en snelle acties.","Onder {0} zie je prestaties per opdrachtgever: vacatures, openstaande sollicitaties, conversie, tokens en snelle acties.","Onder {0} zie je prestaties per opdrachtgever: vacatures, openstaande sollicitaties, conversie, tokens en snelle acties.",pl|ro|ar
HowLobsy.Intermediary.Step2Title,2. Bedrijvenoverzicht,2. Company performance board,2. Bedrijvenoverzicht,2. Bedrijvenoverzicht,2. Bedrijvenoverzicht,pl|ro|ar
HowLobsy.Intermediary.Step3Body,Publiceer en beheer banen via {0}. Kies het juiste bedrijf/locatie en de juiste token-opties bij publicatie.,Publish and manage jobs via {0}. Pick the right company/location and token options when publishing.,Publiceer en beheer banen via {0}. Kies het juiste bedrijf/locatie en de juiste token-opties bij publicatie.,Publiceer en beheer banen via {0}. Kies het juiste bedrijf/locatie en de juiste token-opties bij publicatie.,Publiceer en beheer banen via {0}. Kies het juiste bedrijf/locatie en de juiste token-opties bij publicatie.,pl|ro|ar
HowLobsy.Intermediary.Step3Title,3. Vacatures per opdrachtgever,3. Vacancies per client,3. Vacatures per opdrachtgever,3. Vacatures per opdrachtgever,3. Vacatures per opdrachtgever,pl|ro|ar
HowLobsy.Intermediary.Step4Body,Houd saldo’s bij via {0}. Zonder tokens geen publicatie of boost.,Track balances via {0}. Without tokens there is no publish or boost.,Houd saldo’s bij via {0}. Zonder tokens geen publicatie of boost.,Houd saldo’s bij via {0}. Zonder tokens geen publicatie of boost.,Houd saldo’s bij via {0}. Zonder tokens geen publicatie of boost.,pl|ro|ar
HowLobsy.Intermediary.Step4Title,4. Tokens,4. Tokens,4. Tokens,4. Tokens,4. Tokens,en|pl|ro|ar
HowLobsy.Intermediary.Step5Body,Bekijk op de {0} hoe kandidaten jouw geplaatste vacatures vinden.,On the {0} see how candidates find the vacancies you placed.,Bekijk op de {0} hoe kandidaten jouw geplaatste vacatures vinden.,Bekijk op de {0} hoe kandidaten jouw geplaatste vacatures vinden.,Bekijk op de {0} hoe kandidaten jouw geplaatste vacatures vinden.,pl|ro|ar
HowLobsy.Intermediary.Step5Title,5. Check de banenkaart,5. Check the job map,5. Check de banenkaart,5. Check de banenkaart,5. Check de banenkaart,pl|ro|ar
HowLobsy.Intermediary.Title,Hoe werkt Lobsy als intermediair?,How does Lobsy work for intermediaries?,Hoe werkt Lobsy als intermediair?,Hoe werkt Lobsy als intermediair?,Hoe werkt Lobsy als intermediair?,pl|ro|ar
HowLobsy.Regional.Lead,"Overzicht houden over vestigingen, vacatures en werving in jouw regio.","Keep an overview of branches, vacancies and hiring in your region.","Overzicht houden over vestigingen, vacatures en werving in jouw regio.","Overzicht houden over vestigingen, vacatures en werving in jouw regio.","Overzicht houden over vestigingen, vacatures en werving in jouw regio.",pl|ro|ar
HowLobsy.Regional.PrimaryCta,Naar mijn vestigingen,Go to my branches,Naar mijn vestigingen,Naar mijn vestigingen,Naar mijn vestigingen,pl|ro|ar
HowLobsy.Regional.SecondaryCta,Naar dashboard →,Go to dashboard →,Naar dashboard →,Naar dashboard →,Naar dashboard →,pl|ro|ar
HowLobsy.Regional.Step1Body,Op {0} zie je KPI’s over de vestigingen in jouw regio. Gebruik periodefilters en drilldowns om trends te volgen.,On {0} you see KPIs across branches in your region. Use period filters and drilldowns to follow trends.,Op {0} zie je KPI’s over de vestigingen in jouw regio. Gebruik periodefilters en drilldowns om trends te volgen.,Op {0} zie je KPI’s over de vestigingen in jouw regio. Gebruik periodefilters en drilldowns om trends te volgen.,Op {0} zie je KPI’s over de vestigingen in jouw regio. Gebruik periodefilters en drilldowns om trends te volgen.,pl|ro|ar
HowLobsy.Regional.Step1Title,1. Regio-dashboard,1. Region dashboard,1. Regio-dashboard,1. Regio-dashboard,1. Regio-dashboard,pl|ro|ar
HowLobsy.Regional.Step2Body,Onder {0} bekijk je vacatures en sollicitaties binnen je scope. Zo zie je waar vestigingen actief werven.,Under {0} you review vacancies and applications in your scope — where branches are actively hiring.,Onder {0} bekijk je vacatures en sollicitaties binnen je scope. Zo zie je waar vestigingen actief werven.,Onder {0} bekijk je vacatures en sollicitaties binnen je scope. Zo zie je waar vestigingen actief werven.,Onder {0} bekijk je vacatures en sollicitaties binnen je scope. Zo zie je waar vestigingen actief werven.,pl|ro|ar
HowLobsy.Regional.Step2Title,2. Vacatures inzien en opvolgen,2. Review vacancies,2. Vacatures inzien en opvolgen,2. Vacatures inzien en opvolgen,2. Vacatures inzien en opvolgen,pl|ro|ar
HowLobsy.Regional.Step3Body,Via {0} open je het overzicht van gekoppelde vestigingen en ga je gericht verder.,Via {0} open the list of linked branches and drill into the right location.,Via {0} open je het overzicht van gekoppelde vestigingen en ga je gericht verder.,Via {0} open je het overzicht van gekoppelde vestigingen en ga je gericht verder.,Via {0} open je het overzicht van gekoppelde vestigingen en ga je gericht verder.,pl|ro|ar
HowLobsy.Regional.Step3Title,3. Jouw vestigingen,3. Your branches,3. Jouw vestigingen,3. Jouw vestigingen,3. Jouw vestigingen,pl|ro|ar
HowLobsy.Regional.Step4Body,Op {0} zie je tokenbewegingen die relevant zijn voor jouw regio. Publiceren en boosts lopen via tokens.,On {0} you see token activity relevant to your region. Publishing and boosts run on tokens.,Op {0} zie je tokenbewegingen die relevant zijn voor jouw regio. Publiceren en boosts lopen via tokens.,Op {0} zie je tokenbewegingen die relevant zijn voor jouw regio. Publiceren en boosts lopen via tokens.,Op {0} zie je tokenbewegingen die relevant zijn voor jouw regio. Publiceren en boosts lopen via tokens.,pl|ro|ar
HowLobsy.Regional.Step4Title,4. Tokens en bereik,4. Tokens and reach,4. Tokens en bereik,4. Tokens en bereik,4. Tokens en bereik,pl|ro|ar
HowLobsy.Regional.Step5Body,De {0} toont hoe kandidaten openstaande banen in de regio vinden — handig om dekking te checken.,The {0} shows how candidates find open jobs in the region — useful to check coverage.,De {0} toont hoe kandidaten openstaande banen in de regio vinden — handig om dekking te checken.,De {0} toont hoe kandidaten openstaande banen in de regio vinden — handig om dekking te checken.,De {0} toont hoe kandidaten openstaande banen in de regio vinden — handig om dekking te checken.,pl|ro|ar
HowLobsy.Regional.Step5Title,5. Banenkaart als spiegel,5. Job map as a mirror,5. Banenkaart als spiegel,5. Banenkaart als spiegel,5. Banenkaart als spiegel,pl|ro|ar
HowLobsy.Regional.Title,Hoe werkt Lobsy voor jouw regio?,How does Lobsy work for your region?,Hoe werkt Lobsy voor jouw regio?,Hoe werkt Lobsy voor jouw regio?,Hoe werkt Lobsy voor jouw regio?,pl|ro|ar
HowLobsy.Sales.Lead,Van onboarding tot commissie — zo werf je ondernemers met jouw trackingcode.,From onboarding to commission — grow employers with your tracking code.,Van onboarding tot commissie — zo werf je ondernemers met jouw trackingcode.,Van onboarding tot commissie — zo werf je ondernemers met jouw trackingcode.,Van onboarding tot commissie — zo werf je ondernemers met jouw trackingcode.,pl|ro|ar
HowLobsy.Sales.PartnerLabel,partnerpagina,partner page,partnerpagina,partnerpagina,partnerpagina,pl|ro|ar
HowLobsy.Sales.PrimaryCta,Naar sales-toolkit,Go to sales toolkit,Naar sales-toolkit,Naar sales-toolkit,Naar sales-toolkit,pl|ro|ar
HowLobsy.Sales.SecondaryCta,Naar dashboard →,Go to dashboard →,Naar dashboard →,Naar dashboard →,Naar dashboard →,pl|ro|ar
HowLobsy.Sales.Step1Body,"Vul onder {0} KvK, BTW en NAW in en onderteken de overeenkomst. Daarna ontvang je jouw unieke trackingcode.","Under {0} enter Chamber of Commerce, VAT and address details and sign the agreement. Then you receive your unique tracking code.","Vul onder {0} KvK, BTW en NAW in en onderteken de overeenkomst. Daarna ontvang je jouw unieke trackingcode.","Vul onder {0} KvK, BTW en NAW in en onderteken de overeenkomst. Daarna ontvang je jouw unieke trackingcode.","Vul onder {0} KvK, BTW en NAW in en onderteken de overeenkomst. Daarna ontvang je jouw unieke trackingcode.",pl|ro|ar
HowLobsy.Sales.Step1Title,1. Rond je onboarding af,1. Finish onboarding,1. Rond je onboarding af,1. Rond je onboarding af,1. Rond je onboarding af,pl|ro|ar
HowLobsy.Sales.Step2Body,"In de {0} vind je je partnerlink, PDF-flyer en deelknoppen (mail/WhatsApp) met jouw code.","In the {0} you find your partner link, PDF flyer and share buttons (mail/WhatsApp) with your code.","In de {0} vind je je partnerlink, PDF-flyer en deelknoppen (mail/WhatsApp) met jouw code.","In de {0} vind je je partnerlink, PDF-flyer en deelknoppen (mail/WhatsApp) met jouw code.","In de {0} vind je je partnerlink, PDF-flyer en deelknoppen (mail/WhatsApp) met jouw code.",pl|ro|ar
HowLobsy.Sales.Step2Title,2. Gebruik de sales-toolkit,2. Use the sales toolkit,2. Gebruik de sales-toolkit,2. Gebruik de sales-toolkit,2. Gebruik de sales-toolkit,pl|ro|ar
HowLobsy.Sales.Step3Body,Stuur ondernemers naar jouw persoonlijke {0} (met trackingcode). Zij registreren met jouw code; jij bouwt pipeline en commissie op. Zonder code open je eerst de toolkit.,"Send employers to your personal {0} (with tracking code). They register with your code; you build pipeline and commission. Without a code, open the toolkit first.",Stuur ondernemers naar jouw persoonlijke {0} (met trackingcode). Zij registreren met jouw code; jij bouwt pipeline en commissie op. Zonder code open je eerst de toolkit.,Stuur ondernemers naar jouw persoonlijke {0} (met trackingcode). Zij registreren met jouw code; jij bouwt pipeline en commissie op. Zonder code open je eerst de toolkit.,Stuur ondernemers naar jouw persoonlijke {0} (met trackingcode). Zij registreren met jouw code; jij bouwt pipeline en commissie op. Zonder code open je eerst de toolkit.,pl|ro|ar
HowLobsy.Sales.Step3Title,3. Deel de partnerpagina,3. Share the partner page,3. Deel de partnerpagina,3. Deel de partnerpagina,3. Deel de partnerpagina,pl|ro|ar
HowLobsy.Sales.Step4Body,"Op {0} zie je trackingcode, gekoppelde ondernemers, saldo en openstaande commissies.","On {0} you see tracking code, linked entrepreneurs, balance and outstanding commissions.","Op {0} zie je trackingcode, gekoppelde ondernemers, saldo en openstaande commissies.","Op {0} zie je trackingcode, gekoppelde ondernemers, saldo en openstaande commissies.","Op {0} zie je trackingcode, gekoppelde ondernemers, saldo en openstaande commissies.",pl|ro|ar
HowLobsy.Sales.Step4Title,4. Volg resultaat op je dashboard,4. Track results on your dashboard,4. Volg resultaat op je dashboard,4. Volg resultaat op je dashboard,4. Volg resultaat op je dashboard,pl|ro|ar
HowLobsy.Sales.Step5Body,Vraag uitbetaling aan via {0} (self-billing). Na betaling download je de factuur als PDF.,"Request payout via {0} (self-billing). After payment, download the invoice as PDF.",Vraag uitbetaling aan via {0} (self-billing). Na betaling download je de factuur als PDF.,Vraag uitbetaling aan via {0} (self-billing). Na betaling download je de factuur als PDF.,Vraag uitbetaling aan via {0} (self-billing). Na betaling download je de factuur als PDF.,pl|ro|ar
HowLobsy.Sales.Step5Title,5. Facturen en uitbetaling,5. Invoices and payout,5. Facturen en uitbetaling,5. Facturen en uitbetaling,5. Facturen en uitbetaling,pl|ro|ar
HowLobsy.Sales.Title,Hoe werkt Lobsy als salesmanager?,How does Lobsy work for sales managers?,Hoe werkt Lobsy als salesmanager?,Hoe werkt Lobsy als salesmanager?,Hoe werkt Lobsy als salesmanager?,pl|ro|ar
Insights.Updating,Wordt bijgewerkt…,Updating…,Wordt bijgewerkt…,Wordt bijgewerkt…,Wordt bijgewerkt…,pl|ro|ar
Kompas.BandBroaden,Handige verbreding — meer dan 75% (doorgroeirichtingen),Useful broadening — over 75% (growth directions),Handige verbreding — meer dan 75% (doorgroeirichtingen),Handige verbreding — meer dan 75% (doorgroeirichtingen),Handige verbreding — meer dan 75% (doorgroeirichtingen),pl|ro|ar
Kompas.BandStrong,Sterke keus — meer dan 85% (uitstekende alternatieven),Strong choice — over 85% (excellent alternatives),Sterke keus — meer dan 85% (uitstekende alternatieven),Sterke keus — meer dan 85% (uitstekende alternatieven),Sterke keus — meer dan 85% (uitstekende alternatieven),pl|ro|ar
Kompas.BandSuper,Super-match — meer dan 95% (de kernfit),Super-match — over 95% (core fit),Super-match — meer dan 95% (de kernfit),Super-match — meer dan 95% (de kernfit),Super-match — meer dan 95% (de kernfit),pl|ro|ar
Kompas.Career,Mijn Beroepen-kompas,My career compass,Mijn Beroepen-kompas,Mijn Beroepen-kompas,Mijn Beroepen-kompas,pl|ro|ar
Kompas.CareerDeepDone,Uitgebreide beroepentest (200 vragen) afgerond,Extended career test (200 questions) completed,Uitgebreide beroepentest (200 vragen) afgerond,Uitgebreide beroepentest (200 vragen) afgerond,Uitgebreide beroepentest (200 vragen) afgerond,pl|ro|ar
Kompas.CareerDeepLocked,Uitgebreide beroepentest (200 vragen) nog vergrendeld,Extended career test (200 questions) still locked,Uitgebreide beroepentest (200 vragen) nog vergrendeld,Uitgebreide beroepentest (200 vragen) nog vergrendeld,Uitgebreide beroepentest (200 vragen) nog vergrendeld,pl|ro|ar
Kompas.CareerDeepProgress,Voortgang uitgebreide test: {0} van {1} vragen,Extended test progress: {0} of {1} questions,Voortgang uitgebreide test: {0} van {1} vragen,Voortgang uitgebreide test: {0} van {1} vragen,Voortgang uitgebreide test: {0} van {1} vragen,pl|ro|ar
Kompas.CareerDeepReady,Uitgebreide beroepentest (200 vragen) ontgrendeld,Extended career test (200 questions) unlocked,Uitgebreide beroepentest (200 vragen) ontgrendeld,Uitgebreide beroepentest (200 vragen) ontgrendeld,Uitgebreide beroepentest (200 vragen) ontgrendeld,pl|ro|ar
Kompas.CareerStrengths,Jij bent het sterkst in,You are strongest in,Jij bent het sterkst in,Jij bent het sterkst in,Jij bent het sterkst in,pl|ro|ar
Kompas.CareerTabLead,"Mijn Beroepen-kompas: algemene beroepen in drie match-niveaus, wat dat voor jou betekent, en je loopbaanrapport als pdf.","My career compass: general occupations in three match levels, what that means for you, and your career report as a PDF.","Mijn Beroepen-kompas: algemene beroepen in drie match-niveaus, wat dat voor jou betekent, en je loopbaanrapport als pdf.","Mijn Beroepen-kompas: algemene beroepen in drie match-niveaus, wat dat voor jou betekent, en je loopbaanrapport als pdf.","Mijn Beroepen-kompas: algemene beroepen in drie match-niveaus, wat dat voor jou betekent, en je loopbaanrapport als pdf.",pl|ro|ar
Kompas.Competence,Competentie-balans,Competence balance,Competentie-balans,Competentie-balans,Competentie-balans,pl|ro|ar
Kompas.CompetenceLead,Je scores uit de Quick-Scan of diepte-analyse. Open een vaardigheid voor een korte uitleg en workshops om te groeien.,Your scores from the Quick-Scan or deep analysis. Open a skill for a short explanation and workshops to grow.,Je scores uit de Quick-Scan of diepte-analyse. Open een vaardigheid voor een korte uitleg en workshops om te groeien.,Je scores uit de Quick-Scan of diepte-analyse. Open een vaardigheid voor een korte uitleg en workshops om te groeien.,Je scores uit de Quick-Scan of diepte-analyse. Open een vaardigheid voor een korte uitleg en workshops om te groeien.,pl|ro|ar
Kompas.CompletenessAria,Profiel {0} procent compleet,Profile {0} percent complete,Profiel {0} procent compleet,Profiel {0} procent compleet,Profiel {0} procent compleet,pl|ro|ar
Kompas.CompletenessFill,aanvullen,complete it,aanvullen,aanvullen,aanvullen,pl|ro|ar
Kompas.CompletenessLine,Profiel {0}% compleet · ,Profile {0}% complete · ,Profiel {0}% compleet · ,Profiel {0}% compleet · ,Profiel {0}% compleet · ,pl|ro|ar
Kompas.Criteria,Praktische harde criteria,Practical hard criteria,Praktische harde criteria,Praktische harde criteria,Praktische harde criteria,pl|ro|ar
Kompas.CultureLead,"Hoe jij graag werkt: zelfstandig of met kaders, informeel of formeler, samen of alleen — plus hoe jij in een team past.","How you like to work: independently or with structure, informal or more formal, together or alone — plus how you fit a team.","Hoe jij graag werkt: zelfstandig of met kaders, informeel of formeler, samen of alleen — plus hoe jij in een team past.","Hoe jij graag werkt: zelfstandig of met kaders, informeel of formeler, samen of alleen — plus hoe jij in een team past.","Hoe jij graag werkt: zelfstandig of met kaders, informeel of formeler, samen of alleen — plus hoe jij in een team past.",pl|ro|ar
Kompas.DeepDone,Uitgebreide analyse afgerond,Extended analysis completed,Uitgebreide analyse afgerond,Uitgebreide analyse afgerond,Uitgebreide analyse afgerond,pl|ro|ar
Kompas.DeepLocked,Uitgebreide analyse nog vergrendeld,Extended analysis still locked,Uitgebreide analyse nog vergrendeld,Uitgebreide analyse nog vergrendeld,Uitgebreide analyse nog vergrendeld,pl|ro|ar
Kompas.DeepReady,Uitgebreide analyse ontgrendeld,Extended analysis unlocked,Uitgebreide analyse ontgrendeld,Uitgebreide analyse ontgrendeld,Uitgebreide analyse ontgrendeld,pl|ro|ar
Kompas.DiscLead,"Hoe jij graag werkt: zelfstandig of met kaders, informeel of formeler, samen of alleen — plus hoe jij in een team past.","How you like to work: independently or with structure, informal or more formal, together or alone — plus how you fit a team.","Hoe jij graag werkt: zelfstandig of met kaders, informeel of formeler, samen of alleen — plus hoe jij in een team past.","Hoe jij graag werkt: zelfstandig of met kaders, informeel of formeler, samen of alleen — plus hoe jij in een team past.","Hoe jij graag werkt: zelfstandig of met kaders, informeel of formeler, samen of alleen — plus hoe jij in een team past.",pl|ro|ar
Kompas.HideWorkStyle,Verberg scores en inzichten,Hide scores and insights,Verberg scores en inzichten,Verberg scores en inzichten,Verberg scores en inzichten,pl|ro|ar
Kompas.Lead,"Je tests, beroepsrichting en criteria op één plek.","Your tests, career direction and criteria in one place.","Je tests, beroepsrichting en criteria op één plek.","Je tests, beroepsrichting en criteria op één plek.","Je tests, beroepsrichting en criteria op één plek.",pl|ro|ar
Kompas.LicenseNone,Geen rijbewijs,No driving licence,Geen rijbewijs,Geen rijbewijs,Geen rijbewijs,pl|ro|ar
Kompas.OpenMap,Naar de banenkaart,Open the job map,Naar de banenkaart,Naar de banenkaart,Naar de banenkaart,pl|ro|ar
Kompas.PracticalTitle,Wat betekent dit voor jou?,What does this mean for you?,Wat betekent dit voor jou?,Wat betekent dit voor jou?,Wat betekent dit voor jou?,pl|ro|ar
Kompas.PreferredBranches,Voorkeursbranches,Preferred sectors,Voorkeursbranches,Voorkeursbranches,Voorkeursbranches,pl|ro|ar
Kompas.PreferredEmpty,Nog geen branches gekozen. Zet ze hier of in je profiel.,No sectors chosen yet. Set them here or in your profile.,Nog geen branches gekozen. Zet ze hier of in je profiel.,Nog geen branches gekozen. Zet ze hier of in je profiel.,Nog geen branches gekozen. Zet ze hier of in je profiel.,pl|ro|ar
Kompas.ProfileLead,"Je harde criteria: beschikbaarheid, reistijd, vervoer (bijvoorbeeld e-bike of auto) en rijbewijs. Matching gebruikt dit meteen.","Your hard criteria: availability, travel time, transport (for example e-bike or car) and driving licence. Matching uses this immediately.","Je harde criteria: beschikbaarheid, reistijd, vervoer (bijvoorbeeld e-bike of auto) en rijbewijs. Matching gebruikt dit meteen.","Je harde criteria: beschikbaarheid, reistijd, vervoer (bijvoorbeeld e-bike of auto) en rijbewijs. Matching gebruikt dit meteen.","Je harde criteria: beschikbaarheid, reistijd, vervoer (bijvoorbeeld e-bike of auto) en rijbewijs. Matching gebruikt dit meteen.",pl|ro|ar
Kompas.QuickScanDone,Gratis 25-vragen Quick-Scan afgerond,Free 25-question Quick-Scan completed,Gratis 25-vragen Quick-Scan afgerond,Gratis 25-vragen Quick-Scan afgerond,Gratis 25-vragen Quick-Scan afgerond,pl|ro|ar
Kompas.QuickScanOpen,Gratis 25-vragen Quick-Scan nog niet afgerond,Free 25-question Quick-Scan not completed yet,Gratis 25-vragen Quick-Scan nog niet afgerond,Gratis 25-vragen Quick-Scan nog niet afgerond,Gratis 25-vragen Quick-Scan nog niet afgerond,pl|ro|ar
Kompas.Saved,Je criteria zijn opgeslagen. Matches op de banenkaart worden live herberekend.,Your criteria are saved. Matches on the job map are recalculated live.,Je criteria zijn opgeslagen. Matches op de banenkaart worden live herberekend.,Je criteria zijn opgeslagen. Matches op de banenkaart worden live herberekend.,Je criteria zijn opgeslagen. Matches op de banenkaart worden live herberekend.,pl|ro|ar
Kompas.ShowWorkStyle,Bekijk scores en inzichten over werkstijl,View scores and work-style insights,Bekijk scores en inzichten over werkstijl,Bekijk scores en inzichten over werkstijl,Bekijk scores en inzichten over werkstijl,pl|ro|ar
Kompas.TabCareers,Beroepentest,Career test,Beroepentest,Beroepentest,Beroepentest,pl|ro|ar
Kompas.TabCompetencies,Competenties,Competencies,Competenties,Competenties,Competenties,pl|ro|ar
Kompas.TabCulture,Cultuurscan,Culture scan,Cultuurscan,Cultuurscan,Cultuurscan,pl|ro|ar
Kompas.TabDisc,Cultuurscan,Culture scan,Cultuurscan,Cultuurscan,Cultuurscan,pl|ro|ar
Kompas.TabDna,Mijn DNA,My DNA,Mijn DNA,Mijn DNA,Mijn DNA,pl|ro|ar
Kompas.TabFit,Functiefit,Role fit,Functiefit,Functiefit,Functiefit,pl|ro|ar
Kompas.TabProfile,Profiel,Profile,Profiel,Profiel,Profiel,pl|ro|ar
Kompas.TabsLabel,Onderdelen van Mijn Lobsy Kompas,Sections of My Lobsy Compass,Onderdelen van Mijn Lobsy Kompas,Onderdelen van Mijn Lobsy Kompas,Onderdelen van Mijn Lobsy Kompas,pl|ro|ar
Kompas.TabValues,Waarden,Values,Waarden,Waarden,Waarden,pl|ro|ar
Kompas.TabWhoAmI,Wie ben ik?,Who am I?,Wie ben ik?,Wie ben ik?,Wie ben ik?,pl|ro|ar
Kompas.Title,Mijn Lobsy Kompas,My Lobsy Compass,Mijn Lobsy Kompas,Mijn Lobsy Kompas,Mijn Lobsy Kompas,pl|ro|ar
Kompas.ValuesDeepDone,Diepteanalyse waarden afgerond,Values deep analysis completed,Diepteanalyse waarden afgerond,Diepteanalyse waarden afgerond,Diepteanalyse waarden afgerond,pl|ro|ar
Kompas.ValuesDeepLocked,Diepteanalyse (150 vragen) nog niet ontgrendeld,Deep analysis (150 questions) not unlocked yet,Diepteanalyse (150 vragen) nog niet ontgrendeld,Diepteanalyse (150 vragen) nog niet ontgrendeld,Diepteanalyse (150 vragen) nog niet ontgrendeld,pl|ro|ar
Kompas.ValuesDeepReady,Diepteanalyse waarden ontgrendeld — ga verder waar je was,Values deep analysis unlocked — continue where you left off,Diepteanalyse waarden ontgrendeld — ga verder waar je was,Diepteanalyse waarden ontgrendeld — ga verder waar je was,Diepteanalyse waarden ontgrendeld — ga verder waar je was,pl|ro|ar
Kompas.ValuesLead,"Wat jij belangrijk vindt op werk: eigen regie, verbinding, prestatie, zekerheid en impact.","What matters to you at work: autonomy, connection, achievement, stability and impact.","Wat jij belangrijk vindt op werk: eigen regie, verbinding, prestatie, zekerheid en impact.","Wat jij belangrijk vindt op werk: eigen regie, verbinding, prestatie, zekerheid en impact.","Wat jij belangrijk vindt op werk: eigen regie, verbinding, prestatie, zekerheid en impact.",pl|ro|ar
Kompas.WorkStyleTitle,Scores en inzichten over werkstijl,Scores and work-style insights,Scores en inzichten over werkstijl,Scores en inzichten over werkstijl,Scores en inzichten over werkstijl,pl|ro|ar
Metrics.Likes,Likes,Likes,Polubienia,Like-uri,الإعجابات,en
Metrics.Shares,Shares,Shares,Udostępnienia,Distribuiri,المشاركات,en
Metrics.Week,Week,Week,Tydzień,Săptămână,أسبوع,en
Nav.AmbassadeurToolkit,Toolkit,Toolkit,Toolkit,Toolkit,الأدوات,en|pl|ro
Nav.CareerPath,Carrière,Career,Carrière,Carrière,Carrière,pl|ro|ar
Nav.CsvImport,CSV Import,CSV Import,Import CSV,Import CSV,استيراد CSV,en
Nav.Dashboard,Dashboard,Dashboard,Panel,Dashboard,لوحة التحكم,en|ro
Nav.Feedback,Feedback,Feedback,Opinie,Feedback,ملاحظات,en|ro
Nav.Home,Home,Home,Start,Acasă,الرئيسية,en
Nav.Logging,Logging,Logging,Logi,Jurnal,السجلات,en
Nav.Onboarding,Onboarding,Onboarding,Onboarding,Onboarding,التسجيل,en|pl|ro
Nav.Settings,Settings,Settings,Ustawienia,Setări,الإعدادات,en
Nav.Talent,Talentpool,Talent pool,Talentpool,Talentpool,مجمع المواهب,pl|ro
Nav.Team,Team,Team,Zespół,Echipă,الفريق,en
Nav.Tokens,Tokens,Tokens,Tokeny,Tokenuri,الرموز,en
Onboarding.Postcode,Postcode,Postcode,Postcode,Postcode,Postcode,en|pl|ro|ar
ProfileHub.Account,Account,Account,Account,Account,Account,en|pl|ro|ar
ProfileHub.ActionDeepEdit,Herhaal of bewerk diepteanalyse,Retake or edit deep analysis,Herhaal of bewerk diepteanalyse,Herhaal of bewerk diepteanalyse,Herhaal of bewerk diepteanalyse,pl|ro|ar
ProfileHub.ActionDeepStart,"Voer diepteanalyse (€2,99)",Start deep analysis (€2.99),"Voer diepteanalyse (€2,99)","Voer diepteanalyse (€2,99)","Voer diepteanalyse (€2,99)",pl|ro|ar
ProfileHub.ActionFreeRetake,Herhaal gratis test,Retake free test,Herhaal gratis test,Herhaal gratis test,Herhaal gratis test,pl|ro|ar
ProfileHub.ActionFreeStart,Start gratis test,Start free test,Start gratis test,Start gratis test,Start gratis test,pl|ro|ar
ProfileHub.AddTests,Naar Mijn Lobsy Kompas,Open My Lobsy Compass,Naar Mijn Lobsy Kompas,Naar Mijn Lobsy Kompas,Naar Mijn Lobsy Kompas,pl|ro|ar
ProfileHub.Basics,Persoonlijk,Personal,Persoonlijk,Persoonlijk,Persoonlijk,pl|ro|ar
ProfileHub.Completeness,Profielcompleetheid,Profile completeness,Profielcompleetheid,Profielcompleetheid,Profielcompleetheid,pl|ro|ar
ProfileHub.CompletenessAria,Profiel is voor {0} procent compleet,Profile is {0} percent complete,Profiel is voor {0} procent compleet,Profiel is voor {0} procent compleet,Profiel is voor {0} procent compleet,pl|ro|ar
ProfileHub.CvStatus,CV-status,CV status,CV-status,CV-status,CV-status,pl|ro|ar
ProfileHub.Dna,Mijn DNA,My DNA,Mijn DNA,Mijn DNA,Mijn DNA,pl|ro|ar
ProfileHub.EditBasics,Gegevens bewerken,Edit details,Gegevens bewerken,Gegevens bewerken,Gegevens bewerken,pl|ro|ar
ProfileHub.GatewayLead,Zie in één oogopslag hoe compleet je profiel is — en open Mijn Lobsy Kompas voor alles wat erbij hoort.,See at a glance how complete your profile is — then open My Lobsy Compass for everything that belongs with it.,Zie in één oogopslag hoe compleet je profiel is — en open Mijn Lobsy Kompas voor alles wat erbij hoort.,Zie in één oogopslag hoe compleet je profiel is — en open Mijn Lobsy Kompas voor alles wat erbij hoort.,Zie in één oogopslag hoe compleet je profiel is — en open Mijn Lobsy Kompas voor alles wat erbij hoort.,pl|ro|ar
ProfileHub.KompasEyebrow,Alles op één plek,Everything in one place,Alles op één plek,Alles op één plek,Alles op één plek,pl|ro|ar
ProfileHub.KompasLead,"Wie ben ik, DNA-tests, cultuurfit, waarden en Functiefit — overzichtelijk in Mijn Kompas.","Who am I, DNA tests, culture fit, values and role fit — clearly in My Compass.","Wie ben ik, DNA-tests, cultuurfit, waarden en Functiefit — overzichtelijk in Mijn Kompas.","Wie ben ik, DNA-tests, cultuurfit, waarden en Functiefit — overzichtelijk in Mijn Kompas.","Wie ben ik, DNA-tests, cultuurfit, waarden en Functiefit — overzichtelijk in Mijn Kompas.",pl|ro|ar
ProfileHub.Lead,"Wie je bent, je baseline en je voorkeuren — rustig en overzichtelijk.","Who you are, your baseline and preferences — calm and clear.","Wie je bent, je baseline en je voorkeuren — rustig en overzichtelijk.","Wie je bent, je baseline en je voorkeuren — rustig en overzichtelijk.","Wie je bent, je baseline en je voorkeuren — rustig en overzichtelijk.",pl|ro|ar
ProfileHub.Location,Locatie & reistijd,Location & travel,Locatie & reistijd,Locatie & reistijd,Locatie & reistijd,pl|ro|ar
ProfileHub.OpenKompas,Open Mijn Kompas,Open My Compass,Open Mijn Kompas,Open Mijn Kompas,Open Mijn Kompas,pl|ro|ar
ProfileHub.Role,Huidige rol,Current role,Huidige rol,Huidige rol,Huidige rol,pl|ro|ar
ProfileHub.ScoresLead,Subtiele voortgang per categorie — zonder ruis.,Subtle progress per category — without clutter.,Subtiele voortgang per categorie — zonder ruis.,Subtiele voortgang per categorie — zonder ruis.,Subtiele voortgang per categorie — zonder ruis.,pl|ro|ar
ProfileHub.ScoresTitle,Scores in het kort,Scores at a glance,Scores in het kort,Scores in het kort,Scores in het kort,pl|ro|ar
ProfileHub.SettingEmail,E-mailmeldingen over matches en sollicitaties,Email alerts about matches and applications,E-mailmeldingen over matches en sollicitaties,E-mailmeldingen over matches en sollicitaties,E-mailmeldingen over matches en sollicitaties,pl|ro|ar
ProfileHub.SettingPrivacy,Contactgegevens pas delen na match / akkoord,Share contact details only after a match / consent,Contactgegevens pas delen na match / akkoord,Contactgegevens pas delen na match / akkoord,Contactgegevens pas delen na match / akkoord,pl|ro|ar
ProfileHub.SettingPush,Pushmeldingen op dit apparaat,Push notifications on this device,Pushmeldingen op dit apparaat,Pushmeldingen op dit apparaat,Pushmeldingen op dit apparaat,pl|ro|ar
ProfileHub.SettingsLead,Meldingen en wat werkgevers van je mogen zien.,Notifications and what employers may see about you.,Meldingen en wat werkgevers van je mogen zien.,Meldingen en wat werkgevers van je mogen zien.,Meldingen en wat werkgevers van je mogen zien.,pl|ro|ar
ProfileHub.SettingsSaved,Voorkeuren bijgewerkt.,Preferences updated.,Voorkeuren bijgewerkt.,Voorkeuren bijgewerkt.,Voorkeuren bijgewerkt.,pl|ro|ar
ProfileHub.SettingsTitle,Instellingen & privacy,Settings & privacy,Instellingen & privacy,Instellingen & privacy,Instellingen & privacy,pl|ro|ar
ProfileHub.SettingTalent,Zichtbaar in anonieme talentpool,Visible in the anonymous talent pool,Zichtbaar in anonieme talentpool,Zichtbaar in anonieme talentpool,Zichtbaar in anonieme talentpool,pl|ro|ar
ProfileHub.StatusDeep,Diepteanalyse,Deep analysis,Diepteanalyse,Diepteanalyse,Diepteanalyse,pl|ro|ar
ProfileHub.StatusFree,Gratis test,Free test,Gratis test,Gratis test,Gratis test,pl|ro|ar
ProfileHub.StatusOpen,Nog te doen,Not started,Nog te doen,Nog te doen,Nog te doen,pl|ro|ar
ProfileHub.TestsLead,"Competentieanalyse, beroepentest en cultuurfit — overzichtelijk op één plek.","Competence analysis, career test and culture fit — together in one place.","Competentieanalyse, beroepentest en cultuurfit — overzichtelijk op één plek.","Competentieanalyse, beroepentest en cultuurfit — overzichtelijk op één plek.","Competentieanalyse, beroepentest en cultuurfit — overzichtelijk op één plek.",pl|ro|ar
ProfileHub.TestsTitle,Tests & cultuurfit,Tests & culture fit,Tests & cultuurfit,Tests & cultuurfit,Tests & cultuurfit,pl|ro|ar
ProfileHub.Title,Profiel,Profile,Profiel,Profiel,Profiel,pl|ro|ar
ProfileHub.Travel,Max. {0} min · {1},Max. {0} min · {1},Max. {0} min · {1},Max. {0} min · {1},Max. {0} min · {1},en|pl|ro|ar
ProfileHub.ValuesScience,Gebaseerd op het Schwartz Value Model,Based on the Schwartz Value Model,Gebaseerd op het Schwartz Value Model,Gebaseerd op het Schwartz Value Model,Gebaseerd op het Schwartz Value Model,pl|ro|ar
Push.Denied,Meldingen zijn niet toegestaan. Pas dit aan in je browser- of telefooninstellingen.,Notifications are not allowed. Change this in your browser or phone settings.,Meldingen zijn niet toegestaan. Pas dit aan in je browser- of telefooninstellingen.,Meldingen zijn niet toegestaan. Pas dit aan in je browser- of telefooninstellingen.,Meldingen zijn niet toegestaan. Pas dit aan in je browser- of telefooninstellingen.,pl|ro|ar
Push.Enable,Meldingen aanzetten,Enable notifications,Meldingen aanzetten,Meldingen aanzetten,Meldingen aanzetten,pl|ro|ar
Push.Enabled,Systeemmeldingen staan aan op dit apparaat.,System notifications are on for this device.,Systeemmeldingen staan aan op dit apparaat.,Systeemmeldingen staan aan op dit apparaat.,Systeemmeldingen staan aan op dit apparaat.,pl|ro|ar
Push.Later,Nu niet,Not now,Nu niet,Nu niet,Nu niet,pl|ro|ar
Push.PromptBody,"Wil je echte meldingen op je telefoon bij een nieuwe match, sollicitatiestatus of carrièrestap? Je kunt dit later uitzetten in Profiel.","Get real phone notifications for a new match, application update or career step? You can turn this off later in Profile.","Wil je echte meldingen op je telefoon bij een nieuwe match, sollicitatiestatus of carrièrestap? Je kunt dit later uitzetten in Profiel.","Wil je echte meldingen op je telefoon bij een nieuwe match, sollicitatiestatus of carrièrestap? Je kunt dit later uitzetten in Profiel.","Wil je echte meldingen op je telefoon bij een nieuwe match, sollicitatiestatus of carrièrestap? Je kunt dit later uitzetten in Profiel.",pl|ro|ar
Push.PromptTitle,Blijf op de hoogte,Stay in the loop,Blijf op de hoogte,Blijf op de hoogte,Blijf op de hoogte,pl|ro|ar
Push.Unavailable,Pushmeldingen zijn nu niet beschikbaar. Probeer het later opnieuw.,Push notifications are unavailable right now. Try again later.,Pushmeldingen zijn nu niet beschikbaar. Probeer het later opnieuw.,Pushmeldingen zijn nu niet beschikbaar. Probeer het later opnieuw.,Pushmeldingen zijn nu niet beschikbaar. Probeer het later opnieuw.,pl|ro|ar
Questionnaire.BackAria,Terug naar profiel,Back to profile,Terug naar profiel,Terug naar profiel,Terug naar profiel,pl|ro|ar
Questionnaire.CategoryProgress,{0} · {1} van {2},{0} · {1} of {2},{0} · {1} van {2},{0} · {1} van {2},{0} · {1} van {2},pl|ro|ar
Questionnaire.Disagree,Oneens,Disagree,Oneens,Oneens,Oneens,pl|ro|ar
Questionnaire.ExampleLink,Voorbeeld uit de praktijk,Real-world example,Voorbeeld uit de praktijk,Voorbeeld uit de praktijk,Voorbeeld uit de praktijk,pl|ro|ar
Questionnaire.FinishAfter,Afronden komt na vraag {0},Finish unlocks after question {0},Afronden komt na vraag {0},Afronden komt na vraag {0},Afronden komt na vraag {0},pl|ro|ar
Questionnaire.FinishCta,Afronden en bekijk je resultaat,Finish and view your result,Afronden en bekijk je resultaat,Afronden en bekijk je resultaat,Afronden en bekijk je resultaat,pl|ro|ar
Questionnaire.FinishCtaShort,Afronden,Finish,Afronden,Afronden,Afronden,pl|ro|ar
Questionnaire.Likert.Aria,{0} van 5,{0} of 5,{0} van 5,{0} van 5,{0} van 5,pl|ro|ar
Questionnaire.Likert.High,Past wel,Fits,Past wel,Past wel,Past wel,pl|ro|ar
Questionnaire.Likert.Low,Past niet,Does not fit,Past niet,Past niet,Past niet,pl|ro|ar
Questionnaire.NextCta,Volgende,Next,Volgende,Volgende,Volgende,pl|ro|ar
Questionnaire.PrivacyShort,Werkgevers zien je antwoorden niet.,Employers cannot see your answers.,Werkgevers zien je antwoorden niet.,Werkgevers zien je antwoorden niet.,Werkgevers zien je antwoorden niet.,pl|ro|ar
Questionnaire.ProgressCount,{0} van {1},{0} of {1},{0} van {1},{0} van {1},{0} van {1},pl|ro|ar
Questionnaire.RemainingHint,Nog {0} vragen · op de laatste vraag wordt dit “Afronden”,{0} questions left · on the last question this becomes “Finish”,Nog {0} vragen · op de laatste vraag wordt dit “Afronden”,Nog {0} vragen · op de laatste vraag wordt dit “Afronden”,Nog {0} vragen · op de laatste vraag wordt dit “Afronden”,pl|ro|ar
Questionnaire.Saved,Bewaard,Saved,Bewaard,Bewaard,Bewaard,pl|ro|ar
Questionnaire.SaveFailed,Niet bewaard,Not saved,Niet bewaard,Niet bewaard,Niet bewaard,pl|ro|ar
Questionnaire.Saving,Bewaren…,Saving…,Bewaren…,Bewaren…,Bewaren…,pl|ro|ar
Register.Role,Rol: {0},Role: {0},Rola: {0},Rol: {0},الدور: {0},ro
Register.StepContact,4. Contact,4. Contact,4. Kontakt,4. Contact,4. الاتصال,en|ro
Register.StepKvk,1. KVK,1. CoC,1. KVK,1. KVK,1. KVK,pl|ro|ar
Register.StepScope,3. Scope,3. Scope,3. Zakres,3. Scop,3. النطاق,en
Sales.Dashboard,Dashboard,Dashboard,Panel,Dashboard,لوحة التحكم,en|ro
Sales.Onboarding,Onboarding,Onboarding,Onboarding,Onboarding,التسجيل,en|pl|ro
Seo.DashboardTitle,Dashboard,Dashboard,Panel,Dashboard,لوحة التحكم,en|ro
Talent.Accept,"Ja, ik wil contact","Yes, I want contact","Ja, ik wil contact","Ja, ik wil contact","Ja, ik wil contact",pl|ro|ar
Talent.Accepted,Contactgegevens zijn gedeeld met de werkgever.,Your contact details were shared with the employer.,Contactgegevens zijn gedeeld met de werkgever.,Contactgegevens zijn gedeeld met de werkgever.,Contactgegevens zijn gedeeld met de werkgever.,pl|ro|ar
Talent.AlreadyPlaced,Ik ben al voorzien,I am already placed,Ik ben al voorzien,Ik ben al voorzien,Ik ben al voorzien,pl|ro|ar
Talent.CandidateEmpty,Je hebt nog geen contactverzoeken.,You have no contact requests yet.,Je hebt nog geen contactverzoeken.,Je hebt nog geen contactverzoeken.,Je hebt nog geen contactverzoeken.,pl|ro|ar
Talent.CandidateLead,Werkgevers kunnen je via Lobsy benaderen zonder je naam of 06 te zien. Reageer binnen 48 uur; daarna worden contactgegevens gedeeld.,Employers can reach you via Lobsy without seeing your name or phone number. Reply within 48 hours; then contact details are shared.,Werkgevers kunnen je via Lobsy benaderen zonder je naam of 06 te zien. Reageer binnen 48 uur; daarna worden contactgegevens gedeeld.,Werkgevers kunnen je via Lobsy benaderen zonder je naam of 06 te zien. Reageer binnen 48 uur; daarna worden contactgegevens gedeeld.,Werkgevers kunnen je via Lobsy benaderen zonder je naam of 06 te zien. Reageer binnen 48 uur; daarna worden contactgegevens gedeeld.,pl|ro|ar
Talent.CandidateOpen,Bekijk contactverzoeken,View contact requests,Bekijk contactverzoeken,Bekijk contactverzoeken,Bekijk contactverzoeken,pl|ro|ar
Talent.CandidateTitle,Contactverzoeken van werkgevers,Employer contact requests,Contactverzoeken van werkgevers,Contactverzoeken van werkgevers,Contactverzoeken van werkgevers,pl|ro|ar
Talent.CompanyUnknown,Werkgever,Employer,Werkgever,Werkgever,Werkgever,pl|ro|ar
Talent.Decline,Geen interesse,Not interested,Geen interesse,Geen interesse,Geen interesse,pl|ro|ar
Talent.Declined,Je hebt het verzoek afgewezen. De werkgever kan het token terugkrijgen.,You declined the request. The employer can reclaim the token.,Je hebt het verzoek afgewezen. De werkgever kan het token terugkrijgen.,Je hebt het verzoek afgewezen. De werkgever kan het token terugkrijgen.,Je hebt het verzoek afgewezen. De werkgever kan het token terugkrijgen.,pl|ro|ar
Talent.EmployerContactsEmpty,Nog geen contactverzoeken.,No contact requests yet.,Nog geen contactverzoeken.,Nog geen contactverzoeken.,Nog geen contactverzoeken.,pl|ro|ar
Talent.EmployerContactsLead,48-uurs reactievenster. Zonder reactie kun je intrekken en het token terugkrijgen. Na een geslaagde contactuitwisseling geen refund.,48-hour reply window. Without a reply you can withdraw and reclaim the token. No refund after a successful contact exchange.,48-uurs reactievenster. Zonder reactie kun je intrekken en het token terugkrijgen. Na een geslaagde contactuitwisseling geen refund.,48-uurs reactievenster. Zonder reactie kun je intrekken en het token terugkrijgen. Na een geslaagde contactuitwisseling geen refund.,48-uurs reactievenster. Zonder reactie kun je intrekken en het token terugkrijgen. Na een geslaagde contactuitwisseling geen refund.,pl|ro|ar
Talent.EmployerContactsTitle,Contactverzoeken,Contact requests,Contactverzoeken,Contactverzoeken,Contactverzoeken,pl|ro|ar
Talent.Lead,"Zoek kandidaten op competenties, reistijd, beschikbaarheid en rijbewijs — zonder leeftijdsfilter. Contact kost 1 token; binnen 48 uur zonder reactie kun je het token terugkrijgen.","Search candidates by competencies, travel time, availability and driving licence — no age filter. Contact costs 1 token; after 48h without a reply you can reclaim the token.","Zoek kandidaten op competenties, reistijd, beschikbaarheid en rijbewijs — zonder leeftijdsfilter. Contact kost 1 token; binnen 48 uur zonder reactie kun je het token terugkrijgen.","Zoek kandidaten op competenties, reistijd, beschikbaarheid en rijbewijs — zonder leeftijdsfilter. Contact kost 1 token; binnen 48 uur zonder reactie kun je het token terugkrijgen.","Zoek kandidaten op competenties, reistijd, beschikbaarheid en rijbewijs — zonder leeftijdsfilter. Contact kost 1 token; binnen 48 uur zonder reactie kun je het token terugkrijgen.",pl|ro|ar
Talent.Nav,Talentpool,Talent pool,Talentpool,Talentpool,Talentpool,pl|ro|ar
Talent.NoAge,Geen leeftijdsfilter (gelijke behandeling).,No age filter (equal treatment).,Geen leeftijdsfilter (gelijke behandeling).,Geen leeftijdsfilter (gelijke behandeling).,Geen leeftijdsfilter (gelijke behandeling).,pl|ro|ar
Talent.RespondBy,Reageer vóór {0},Respond by {0},Reageer vóór {0},Reageer vóór {0},Reageer vóór {0},pl|ro|ar
Talent.StillAnonymous,Contactgegevens nog niet gedeeld (anoniem).,Contact details not shared yet (anonymous).,Contactgegevens nog niet gedeeld (anoniem).,Contactgegevens nog niet gedeeld (anoniem).,Contactgegevens nog niet gedeeld (anoniem).,pl|ro|ar
Talent.Title,Anonieme talentpool,Anonymous talent pool,Anonieme talentpool,Anonieme talentpool,Anonieme talentpool,pl|ro|ar
Talent.Unlock,Start contact (1 token),Start contact (1 token),Start contact (1 token),Start contact (1 token),Start contact (1 token),en|pl|ro|ar
Talent.Withdraw,Intrekken & token terug,Withdraw & refund token,Intrekken & token terug,Intrekken & token terug,Intrekken & token terug,pl|ro|ar
Talent.WithdrawWait,"Intrekken met token-terugstorting kan pas na 48 uur zonder reactie, of als de kandidaat aangeeft al voorzien te zijn.","Withdraw-and-refund is available after 48 hours without a reply, or when the candidate says they are already placed.","Intrekken met token-terugstorting kan pas na 48 uur zonder reactie, of als de kandidaat aangeeft al voorzien te zijn.","Intrekken met token-terugstorting kan pas na 48 uur zonder reactie, of als de kandidaat aangeeft al voorzien te zijn.","Intrekken met token-terugstorting kan pas na 48 uur zonder reactie, of als de kandidaat aangeeft al voorzien te zijn.",pl|ro|ar
Test.Career.Title,Beroepentest,Career test,Beroepentest,Beroepentest,Beroepentest,pl|ro|ar
Test.Competence.Title,Competentietest,Competency test,Competentietest,Competentietest,Competentietest,pl|ro|ar
Test.Culture.Title,Cultuur & persoonlijkheid,Culture & personality,Cultuur & persoonlijkheid,Cultuur & persoonlijkheid,Cultuur & persoonlijkheid,pl|ro|ar
Test.Status.Extended,Uitgebreid,Extended,Uitgebreid,Uitgebreid,Uitgebreid,pl|ro|ar
Test.Status.FreeDone,Gedaan,Free completed,Gedaan,Gedaan,Gedaan,pl|ro|ar
Test.Status.NotDone,Nog niet gedaan,Not yet done,Nog niet gedaan,Nog niet gedaan,Nog niet gedaan,pl|ro|ar
Test.Values.Title,Waarden op werk,Values at work,Waarden op werk,Waarden op werk,Waarden op werk,pl|ro|ar
Tests.BackToOverview,Terug naar mijn tests,Back to my tests,Terug naar mijn tests,Terug naar mijn tests,Terug naar mijn tests,pl|ro|ar
Tests.CareerResultLead,"Zorg, horeca, retail, begeleiding en inwerken van seizoenscollega’s sluiten aan.","Care, hospitality, retail, coaching and onboarding seasonal colleagues fit well.","Zorg, horeca, retail, begeleiding en inwerken van seizoenscollega’s sluiten aan.","Zorg, horeca, retail, begeleiding en inwerken van seizoenscollega’s sluiten aan.","Zorg, horeca, retail, begeleiding en inwerken van seizoenscollega’s sluiten aan.",pl|ro|ar
Tests.ContinueExtended,Ga verder met de uitgebreide test,Continue the extended test,Ga verder met de uitgebreide test,Ga verder met de uitgebreide test,Ga verder met de uitgebreide test,pl|ro|ar
Tests.ExtendedLabel,Uitgebreide test,Extended test,Uitgebreide test,Uitgebreide test,Uitgebreide test,pl|ro|ar
Tests.ExtendedMeta,{0} vragen · € {1},{0} questions · € {1},{0} vragen · € {1},{0} vragen · € {1},{0} vragen · € {1},pl|ro|ar
Tests.FreeMeta,{0} vragen · gratis,{0} questions · free,{0} vragen · gratis,{0} vragen · gratis,{0} vragen · gratis,pl|ro|ar
Tests.MetaFree,{0} stellingen · ca. {1} min,{0} statements · approx. {1} min,{0} stellingen · ca. {1} min,{0} stellingen · ca. {1} min,{0} stellingen · ca. {1} min,pl|ro|ar
Tests.MoreAboutModel,Meer over het model,More about the model,Meer over het model,Meer over het model,Meer over het model,pl|ro|ar
Tests.OverviewTitle,Mijn tests,My tests,Mijn tests,Mijn tests,Mijn tests,pl|ro|ar
Tests.PaymentFailed,De betaling is geannuleerd of mislukt. Je kunt het opnieuw proberen vanaf deze testpagina.,The payment was cancelled or failed. You can try again from this test page.,De betaling is geannuleerd of mislukt. Je kunt het opnieuw proberen vanaf deze testpagina.,De betaling is geannuleerd of mislukt. Je kunt het opnieuw proberen vanaf deze testpagina.,De betaling is geannuleerd of mislukt. Je kunt het opnieuw proberen vanaf deze testpagina.,pl|ro|ar
Tests.PersonalityScores,Persoonlijkheid op het werk,Personality at work,Persoonlijkheid op het werk,Persoonlijkheid op het werk,Persoonlijkheid op het werk,pl|ro|ar
Tests.Progress,{0} van {1} gedaan,{0} of {1} done,{0} van {1} gedaan,{0} van {1} gedaan,{0} van {1} gedaan,pl|ro|ar
Tests.ScanExtended,Uitgebreid,Extended,Uitgebreid,Uitgebreid,Uitgebreid,pl|ro|ar
Tests.ScanQuick,Quick-Scan,Quick-Scan,Quick-Scan,Quick-Scan,Quick-Scan,en|pl|ro|ar
Tests.ScienceModel,Wetenschappelijk model,Scientific model,Wetenschappelijk model,Wetenschappelijk model,Wetenschappelijk model,pl|ro|ar
Tests.ScoresLabel,Scores per richting,Scores by dimension,Scores per richting,Scores per richting,Scores per richting,pl|ro|ar
Tests.SecureMollie,Veilig betalen via Mollie,Secure payment via Mollie,Veilig betalen via Mollie,Veilig betalen via Mollie,Veilig betalen via Mollie,pl|ro|ar
Tests.StartExtended,Voer uitgebreide test uit,Take the extended test,Voer uitgebreide test uit,Voer uitgebreide test uit,Voer uitgebreide test uit,pl|ro|ar
Tests.StartFree,Start gratis test,Start free test,Start gratis test,Start gratis test,Start gratis test,pl|ro|ar
Tests.Unknown,Deze test kennen we niet.,We do not know this test.,Deze test kennen we niet.,Deze test kennen we niet.,Deze test kennen we niet.,pl|ro|ar
Tests.WhatIsIt,Wat is het?,What is it?,Wat is het?,Wat is het?,Wat is het?,pl|ro|ar
Tests.WhatItMeans,Wat betekent dit voor jou?,What does this mean for you?,Wat betekent dit voor jou?,Wat betekent dit voor jou?,Wat betekent dit voor jou?,pl|ro|ar
Tests.WhyThis,Waarom deze test?,Why this test?,Waarom deze test?,Waarom deze test?,Waarom deze test?,pl|ro|ar
Tests.WithPdf,met loopbaanrapport (pdf),with career report (pdf),met loopbaanrapport (pdf),met loopbaanrapport (pdf),met loopbaanrapport (pdf),pl|ro|ar
Vacancy.Deadline,Deadline,Deadline,Termin,Termen limită,الموعد النهائي,en
Vacancy.Like,♡ Like,♡ Like,♡ Lubię,♡ Like,♡ إعجاب,en|ro
Vacancy.StreetView,Street View,Street View,Street View,Street View,Street View,en|pl|ro|ar
VacancyAction.Highlight,Highlight,Highlight,Wyróżnij,Evidențiază,تمييز,en
VacancyAction.PushBom,PushBom,PushBom,PushBom,PushBom,PushBom,en|pl|ro|ar
WhoAmI.AttachCv,Voeg dit persoonsprofiel toe als officiële bijlage bij mijn Lobsy-cv.,Add this personal profile as an official attachment to my Lobsy CV.,Voeg dit persoonsprofiel toe als officiële bijlage bij mijn Lobsy-cv.,Voeg dit persoonsprofiel toe als officiële bijlage bij mijn Lobsy-cv.,Voeg dit persoonsprofiel toe als officiële bijlage bij mijn Lobsy-cv.,pl|ro|ar
WhoAmI.AttachHint,"Als je solliciteert of meedoet aan batch-hiring in Den Haag / het Westland, gaat dit verhaal als PDF-bijlage mee met je Lobsy-CV. Werkgevers zien het pas na acceptatie.","When you apply or join batch hiring in The Hague / Westland, this story goes with your Lobsy CV as a PDF attachment. Employers see it only after they accept.","Als je solliciteert of meedoet aan batch-hiring in Den Haag / het Westland, gaat dit verhaal als PDF-bijlage mee met je Lobsy-CV. Werkgevers zien het pas na acceptatie.","Als je solliciteert of meedoet aan batch-hiring in Den Haag / het Westland, gaat dit verhaal als PDF-bijlage mee met je Lobsy-CV. Werkgevers zien het pas na acceptatie.","Als je solliciteert of meedoet aan batch-hiring in Den Haag / het Westland, gaat dit verhaal als PDF-bijlage mee met je Lobsy-CV. Werkgevers zien het pas na acceptatie.",pl|ro|ar
WhoAmI.Courses,Opleiding & cursussen,Education & courses,Opleiding & cursussen,Opleiding & cursussen,Opleiding & cursussen,pl|ro|ar
WhoAmI.CultureTitle,Hoe ik graag werk,How I like to work,Hoe ik graag werk,Hoe ik graag werk,Hoe ik graag werk,pl|ro|ar
WhoAmI.DiscTitle,Hoe ik graag werk,How I like to work,Hoe ik graag werk,Hoe ik graag werk,Hoe ik graag werk,pl|ro|ar
WhoAmI.Keywords,Sterke punten,Strengths,Sterke punten,Sterke punten,Sterke punten,pl|ro|ar
WhoAmI.LeadLocked,"Vier stappen tot jouw persoonsprofiel. Zodra elk vinkje groen is, ontvouwt zich je verhaal.","Four steps to your personal profile. When every box is green, your story unlocks.","Vier stappen tot jouw persoonsprofiel. Zodra elk vinkje groen is, ontvouwt zich je verhaal.","Vier stappen tot jouw persoonsprofiel. Zodra elk vinkje groen is, ontvouwt zich je verhaal.","Vier stappen tot jouw persoonsprofiel. Zodra elk vinkje groen is, ontvouwt zich je verhaal.",pl|ro|ar
WhoAmI.LeadOpen,"Jouw samenvattende verhaal: wie je bent, hoe je samenwerkt, en wat je sterke punten zijn.","Your summary story: who you are, how you work with others, and your strengths.","Jouw samenvattende verhaal: wie je bent, hoe je samenwerkt, en wat je sterke punten zijn.","Jouw samenvattende verhaal: wie je bent, hoe je samenwerkt, en wat je sterke punten zijn.","Jouw samenvattende verhaal: wie je bent, hoe je samenwerkt, en wat je sterke punten zijn.",pl|ro|ar
WhoAmI.OpenCareer,Start beroepentest,Start career test,Start beroepentest,Start beroepentest,Start beroepentest,pl|ro|ar
WhoAmI.OpenCareerResults,Bekijk mijn Beroepen-kompas,Open my career compass,Bekijk mijn Beroepen-kompas,Bekijk mijn Beroepen-kompas,Bekijk mijn Beroepen-kompas,pl|ro|ar
WhoAmI.OpenCompetency,Start competentietest,Start competency test,Start competentietest,Start competentietest,Start competentietest,pl|ro|ar
WhoAmI.OpenCulture,Start cultuurscan,Start culture scan,Start cultuurscan,Start cultuurscan,Start cultuurscan,pl|ro|ar
WhoAmI.OpenDisc,Start cultuurscan,Start culture scan,Start cultuurscan,Start cultuurscan,Start cultuurscan,pl|ro|ar
WhoAmI.OpenProfile,Naar mijn profiel,Go to my profile,Naar mijn profiel,Naar mijn profiel,Naar mijn profiel,pl|ro|ar
WhoAmI.ProfileTitle,Mijn achtergrond,My background,Mijn achtergrond,Mijn achtergrond,Mijn achtergrond,pl|ro|ar
WhoAmI.Progress,{0} van 4 stappen klaar,{0} of 4 steps done,{0} van 4 stappen klaar,{0} van 4 stappen klaar,{0} van 4 stappen klaar,pl|ro|ar
WhoAmI.Saved,Keuze opgeslagen.,Saved.,Keuze opgeslagen.,Keuze opgeslagen.,Keuze opgeslagen.,pl|ro|ar
WhoAmI.StepCareer,Beroepentest gevuld,Career test complete,Beroepentest gevuld,Beroepentest gevuld,Beroepentest gevuld,pl|ro|ar
WhoAmI.StepCompetency,Competentietest gevuld,Competency test complete,Competentietest gevuld,Competentietest gevuld,Competentietest gevuld,pl|ro|ar
WhoAmI.StepCulture,Cultuurscan uitgevoerd,Culture scan complete,Cultuurscan uitgevoerd,Cultuurscan uitgevoerd,Cultuurscan uitgevoerd,pl|ro|ar
WhoAmI.StepDisc,Cultuurscan uitgevoerd,Culture scan complete,Cultuurscan uitgevoerd,Cultuurscan uitgevoerd,Cultuurscan uitgevoerd,pl|ro|ar
WhoAmI.StepProfile,Profiel gevuld,Profile complete,Profiel gevuld,Profiel gevuld,Profiel gevuld,pl|ro|ar
WhoAmI.StepProfileHint,"Naam, achtergrond en reistijd/vervoer","Name, background and travel time/transport","Naam, achtergrond en reistijd/vervoer","Naam, achtergrond en reistijd/vervoer","Naam, achtergrond en reistijd/vervoer",pl|ro|ar
WhoAmI.StoryTitle,Mijn verhaal,My story,Mijn verhaal,Mijn verhaal,Mijn verhaal,pl|ro|ar
WhoAmI.WorkExperience,Werkervaring,Work experience,Werkervaring,Werkervaring,Werkervaring,pl|ro|ar
WorkType.Horeca,Horeca,Hospitality,Gastronomia,Horeca,الضيافة,ro
