isco;beroep;taak (en);vertaling (nl);score_2025;Akkoord (ja/nee/opmerking)
1111;burgemeester;"Determining, formulating and directing policies of national, state, regional or local governments;";Het bepalen, formuleren en sturen van beleid van nationale, provinciale, regionale of lokale overheden;0.3575;
1111;burgemeester;"Investigating matters of concern to the public and promoting the interests of the constituencies which they represent;";Het onderzoeken van zaken die van belang zijn voor het publiek en het behartigen van de belangen van de kiesdistricten die zij vertegenwoordigen;0.345;
1111;burgemeester;"Negotiating with other legislators and representatives of interest groups in order to reconcile differing interests, and to create policies and agreements;";Onderhandelen met andere wetgevers en vertegenwoordigers van belangengroepen om verschillende belangen te verzoenen en beleid en afspraken te maken;0.2625;
1111;burgemeester;"Serving on government administrative boards or official committees;";Die werkzaam zijn in bestuursorganen of officiële comités van de overheid;0.25;
1112;ambassaderaad;"Recommending, reviewing, evaluating and approving documents, briefs and reports submitted by middle managers and senior staff members;";Het aanbevelen, evalueren, evalueren en goedkeuren van documenten, briefings en verslagen die zijn ingediend door middenkaders en hoge functionarissen;0.535;
1112;ambassaderaad;"Advising on the preparation of government budgets, laws and regulations, including amendments;";Adviseren over het opstellen van overheidsbegrotingen, wet- en regelgeving, inclusief wijzigingen;0.435;
1112;ambassaderaad;"Advising national, state, regional or local governments and legislators on policy matters;";Het adviseren van nationale, provinciale, regionale of lokale overheden en wetgevers over beleidsaangelegenheden;0.35;
1112;ambassaderaad;"Coordinating activities with other senior government managers and officials;";Coördineren van activiteiten met andere senior overheidsmanagers en -functionarissen;0.24;
1114;functionaris van een belangengroep;"Monitoring and evaluating performance of the organization or enterprise against established objectives and policies;";Het monitoren en evalueren van de prestaties van de organisatie of onderneming ten opzichte van vastgestelde doelstellingen en beleid;0.455;
1114;functionaris van een belangengroep;"Promoting the interests of the organization, its members and relevant special-interest groups before the legislature, government or general public;";Bevordering van de belangen van de organisatie, haar leden en relevante belangengroepen voor de wetgever, de overheid of het grote publiek;0.4225;
1114;functionaris van een belangengroep;Representing the organization at official occasions and board meetings, in negotiations, at conventions, public hearings and forums.;Vertegenwoordiging van de organisatie bij officiële gelegenheden en vergaderingen van de raad, tijdens onderhandelingen, op conventies, openbare hoorzittingen en fora;0.29;
1114;functionaris van een belangengroep;"Negotiating on behalf of the organization, its members and relevant special-interest groups;";Onderhandelen namens de organisatie, haar leden en relevante belangengroepen;0.28;
1120;algemeen directeur;"Determining objectives, strategies, policies and programmes for the enterprise or organization;";Het bepalen van doelstellingen, strategieën, beleid en programma's voor de onderneming of organisatie;0.465;
1120;algemeen directeur;"Monitoring and evaluating performance of the organization or enterprise against established objectives and policies;";Het monitoren en evalueren van de prestaties van de organisatie of onderneming ten opzichte van vastgestelde doelstellingen en beleid;0.465;
1120;algemeen directeur;"Selecting or approving the selection of senior staff;";Selectie of goedkeuring van de selectie van senioren;0.32;
1120;algemeen directeur;"Providing overall leadership and management to the enterprise or organization;";Het verstrekken van algemeen leiderschap en management aan de onderneming of organisatie;0.315;
1211;beheerscontroleur budget;"Assessing the financial situation of the enterprise or organization, preparing budgets and overseeing financial operations;";Het beoordelen van de financiële situatie van de onderneming of organisatie, het opstellen van budgetten en het toezicht houden op de financiële activiteiten;0.435;
1211;beheerscontroleur budget;"Planning, directing and coordinating the financial operations of an enterprise or organization;";Planning, leiding en coördinatie van de financiële activiteiten van een onderneming of organisatie;0.415;
1211;beheerscontroleur budget;Consulting with the chief executive and with managers of other departments or sections;Overleg met de chief executive en met managers van andere afdelingen of secties;0.3375;
1211;beheerscontroleur budget;"Overseeing the selection, training and performance of staff;";Toezicht houden op de selectie, training en prestaties van personeel;0.32;
1212;beleidscoördinator emancipatiezaken;"Overseeing the development and implementation of management information systems;";Toezicht houden op de ontwikkeling en implementatie van managementinformatiesystemen;0.475;
1212;beleidscoördinator emancipatiezaken;"Consulting with senior management and with managers of other departments;";Overleg met het senior management en met managers van andere afdelingen;0.385;
1212;beleidscoördinator emancipatiezaken;"Ensuring compliance with standards and legislation relating to employees rights, health and safety, equal opportunity and related concerns;";Zorgen voor naleving van normen en wetgeving met betrekking tot werknemersrechten, gezondheid en veiligheid, gelijke kansen en aanverwante zorgen;0.305;
1212;beleidscoördinator emancipatiezaken;"Overseeing safety, health and related programmes and activities;";Toezicht houden op veiligheids-, gezondheids- en aanverwante programma's en activiteiten;0.275;
1213;beheerder van EU-fondsen;"Developing, directing, administering and participating in policy research and analysis;";Ontwikkelen, aansturen, besturen en deelnemen aan beleidsonderzoek en -analyse;0.4125;
1213;beheerder van EU-fondsen;"Coordinating the implementation of policies and practices;";Coördineren van de uitvoering van beleid en praktijken;0.385;
1213;beheerder van EU-fondsen;"Planning and directing daily operations;";Plannen en aansturen van de dagelijkse bedrijfsvoering;0.355;
1213;beheerder van EU-fondsen;"Overseeing the selection, training and performance of staff;";Toezicht houden op de selectie, training en prestaties van personeel;0.28;
1219;afdelingsmanager;"Developing and implementing administrative and procedural statements and guidelines for use by staff in the organization;";Het ontwikkelen en implementeren van administratieve en procedurele verklaringen en richtlijnen voor gebruik door medewerkers in de organisatie;0.565;
1219;afdelingsmanager;"Providing information and support for the preparation of financial reports and budgets;";Voorlichting en ondersteuning bij de opstelling van financiële verslagen en begrotingen;0.565;
1219;afdelingsmanager;"Providing administrative, strategic planning and operational support, research and advice to senior management on matters such as the management of building facilities and administrative services;";Het verlenen van administratieve, strategische planning en operationele ondersteuning, onderzoek en advies aan senior management over zaken als het beheer van bouwfaciliteiten en administratieve diensten;0.355;
1219;afdelingsmanager;Overseeing the selection, training and performance of staff.;Toezicht houden op de selectie, training en prestaties van personeel;0.3;
1221;aftersales servicemanager;"Determining price lists, discount and delivery terms, sales promotion budgets, sales methods, special incentives and campaigns;";Het bepalen van prijslijsten, kortings- en leveringsvoorwaarden, verkoopbevorderingsbudgetten, verkoopmethoden, speciale incentives en campagnes;0.5925;
1221;aftersales servicemanager;"Establishing and directing operational and administrative procedures related to sales and marketing activities;";Vaststellen en aansturen van operationele en administratieve procedures met betrekking tot verkoop- en marketingactiviteiten;0.445;
1221;aftersales servicemanager;"Planning and directing daily operations;";Plannen en aansturen van de dagelijkse bedrijfsvoering;0.355;
1221;aftersales servicemanager;"Overseeing the selection, training and performance of staff;";Toezicht houden op de selectie, training en prestaties van personeel;0.3025;
1222;advertentiemanager;"Planning, directing and coordinating the advertising and public relations activities of an enterprise or organization;";Planning, leiding en coördinatie van de activiteiten op het gebied van reclame en public relations van een onderneming of organisatie;0.445;
1222;advertentiemanager;"Planning and managing information programmes to inform legislators, the mass media and the general public about the plans, accomplishments and points of view of the enterprise or organization;";Het plannen en beheren van informatieprogramma's om wetgevers, de massamedia en het grote publiek te informeren over de plannen, prestaties en standpunten van de onderneming of organisatie;0.435;
1222;advertentiemanager;"Establishing and directing operational and administrative procedures;";Vaststellen en aansturen van operationele en administratieve procedures;0.345;
1222;advertentiemanager;Overseeing the selection, training and performance of staff.;Toezicht houden op de selectie, training en prestaties van personeel;0.315;
1223;ICT-researchmanager;"Planning, directing and coordinating research and development activities, in-house or commissioned from external research organizations, to develop new or improved technical processes, products, knowledge, or utilization of materials;";Het plannen, aansturen en coördineren van onderzoeks- en ontwikkelingsactiviteiten, intern of in opdracht van externe onderzoeksorganisaties, om nieuwe of verbeterde technische processen, producten, kennis of gebruik van materialen te ontwikkelen;0.5;
1223;ICT-researchmanager;"Establishing and directing operational and administrative procedures;";Vaststellen en aansturen van operationele en administratieve procedures;0.465;
1223;ICT-researchmanager;"Planning and directing daily operations;";Plannen en aansturen van de dagelijkse bedrijfsvoering;0.33;
1223;ICT-researchmanager;"Overseeing the selection, training and performance of staff;";Toezicht houden op de selectie, training en prestaties van personeel;0.3225;
1311;bosopzichter;"Establishing and managing budgets, monitoring production output and costs, recording information such as farm management practices, and preparing financial and operational reports;";Het opstellen en beheren van budgetten, het bewaken van productie-output en kosten, het vastleggen van informatie zoals bedrijfsmanagementpraktijken en het opstellen van financiële en operationele rapporten;0.565;
1311;bosopzichter;"Monitoring agricultural and forestry market activity and planning production to meet contract requirements and market demand;";Monitoring van land- en bosbouwmarktactiviteiten en planning van de productie om te voldoen aan contractvereisten en marktvraag;0.42;
1311;bosopzichter;"Organizing farming operations such as maintaining buildings, water supply systems and equipment;";Het organiseren van landbouwactiviteiten zoals het onderhouden van gebouwen, watervoorzieningssystemen en apparatuur;0.14;
1311;bosopzichter;"Directing and coordinating activities such as planting, irrigation, chemical application, harvesting, and grading;";Regisseren en coördineren van activiteiten zoals planten, irrigatie, chemische toepassing, oogsten en sorteren;0.135;
1312;manager aquacultuur;"Establishing and managing budgets, monitoring production output and costs, recording information such as fisheries management practices, and preparing financial and operational reports;";Het opstellen en beheren van budgetten, het bewaken van productie-output en kosten, het vastleggen van informatie zoals visserijbeheerpraktijken en het opstellen van financiële en operationele rapporten;0.41;
1312;manager aquacultuur;Overseeing the selection, training and performance of aquaculture or fishery workers and contractors.;Toezicht houden op de selectie, opleiding en prestaties van aquacultuur- of visserijarbeiders en aannemers;0.3;
1312;manager aquacultuur;"Directing and monitoring the transfer of mature fish to lakes, ponds, streams, or commercial tanks;";Het sturen en bewaken van de overbrenging van volwassen vis naar meren, vijvers, beken of commerciële tanks;0.14;
1312;manager aquacultuur;"Monitoring environments to maintain or improve conditions for aquatic life;";Omgevingen bewaken om de omstandigheden voor het waterleven te behouden of te verbeteren;0.14;
1321;beleidsmedewerker afvalverwerking;"Controlling the preparation of production records and reports;";Het aansturen van het opstellen van productierecords en rapportages;0.52;
1321;beleidsmedewerker afvalverwerking;"Establishing and managing budgets, monitoring production output and costs, and adjusting processes and resources to minimize costs;";Budgetten opstellen en beheren, productie-output en kosten bewaken en processen en middelen aanpassen om kosten te minimaliseren;0.51;
1321;beleidsmedewerker afvalverwerking;"Coordinating the implementation of occupational health and safety requirements;";Coördineren van de implementatie van arbo-eisen;0.265;
1321;beleidsmedewerker afvalverwerking;"Overseeing the acquisition and installation of new plant and equipment;";Toezicht houden op de aanschaf en installatie van nieuwe installaties en apparatuur;0.1675;
1322;manager olie- en gaswinning;"Controlling the preparation of production records and reports;";Het aansturen van het opstellen van productierecords en rapportages;0.5475;
1322;manager olie- en gaswinning;"Establishing and managing budgets, monitoring production output and costs, and adjusting processes and resources to minimize costs;";Budgetten opstellen en beheren, productie-output en kosten bewaken en processen en middelen aanpassen om kosten te minimaliseren;0.465;
1322;manager olie- en gaswinning;"Coordinating the implementation of health and safety requirements;";Coördineren van de implementatie van gezondheids- en veiligheidseisen;0.256;
1322;manager olie- en gaswinning;"Overseeing the acquisition and installation of new plant and equipment;";Toezicht houden op de aanschaf en installatie van nieuwe installaties en apparatuur;0.18;
1323;bouwkundig projectontwikkelaar;"Preparing tenders and contract bids;";Het voorbereiden van inschrijvingen en aanbestedingsaanbiedingen;0.4625;
1323;bouwkundig projectontwikkelaar;"Establishing and managing budgets, controlling expenditure and ensuring the efficient use of resources;";Het opstellen en beheren van budgetten, het beheersen van uitgaven en het zorgen voor een efficiënt gebruik van middelen;0.385;
1323;bouwkundig projectontwikkelaar;"Negotiating with building owners, property developers and subcontractors involved in the construction process to ensure projects are completed on time and within budget;";Onderhandelen met gebouweigenaren, projectontwikkelaars en onderaannemers die betrokken zijn bij het bouwproces om ervoor te zorgen dat projecten op tijd en binnen het budget worden voltooid;0.28;
1323;bouwkundig projectontwikkelaar;"Building under contract, or subcontracting specialized building services;";Bouwen onder contract, of het uitbesteden van gespecialiseerde bouwdiensten;0.255;
1324;algemeen directeur vrachtvervoer binnenvaart;"Overseeing the recording of purchase, storage and distribution transactions;";Toezicht houden op de registratie van aankoop-, opslag- en distributietransacties;0.4575;
1324;algemeen directeur vrachtvervoer binnenvaart;"Monitoring and reviewing storage and inventory systems to meet supply requirements and control stock levels;";Bewaken en beoordelen van opslag- en inventarisatiesystemen om aan de leveringsvereisten te voldoen en voorraadniveaus te controleren;0.445;
1324;algemeen directeur vrachtvervoer binnenvaart;Overseeing the selection, training and performance of staff.;Toezicht houden op de selectie, training en prestaties van personeel;0.3175;
1324;algemeen directeur vrachtvervoer binnenvaart;"Negotiating contracts with suppliers to meet quality, cost and delivery requirements;";Onderhandelen over contracten met leveranciers om te voldoen aan kwaliteits-, kosten- en leveringsvereisten;0.315;
1330;chief data officer;"Evaluating the organization's technology use and needs and recommending improvements such as hardware and software upgrades;";Het evalueren van het technologiegebruik en de behoeften van de organisatie en het aanbevelen van verbeteringen zoals hardware- en software-upgrades;0.56;
1330;chief data officer;"Overseeing the security of ICT systems;";Toezicht houden op de beveiliging van ICT-systemen;0.51;
1330;chief data officer;"Assigning, reviewing, managing and leading the work of systems analysts, programmers, and other computer-related workers;";Het toewijzen, beoordelen, beheren en leiden van het werk van systeemanalisten, programmeurs en andere computergerelateerde werknemers;0.35;
1330;chief data officer;"Overseeing the selection, training and performance of staff;";Toezicht houden op de selectie, training en prestaties van personeel;0.31;
1341;begeleider-coördinator kinderopvang;"Preparing and maintaining records and accounts for a child care centre;";Het opstellen en bijhouden van dossiers en de boekhouding van een kinderopvangcentrum;0.615;
1341;begeleider-coördinator kinderopvang;"Establishing and monitoring budgets and determining allocation of funds for staff, supplies, materials, equipment and maintenance;";Het opstellen en bewaken van budgetten en het bepalen van de toewijzing van middelen voor personeel, benodigdheden, materialen, apparatuur en onderhoud;0.4175;
1341;begeleider-coördinator kinderopvang;"Directing and supervising child carers in providing care and supervision for young children;";Het aansturen en begeleiden van kinderverzorgers bij het verzorgen en begeleiden van jonge kinderen;0.185;
1341;begeleider-coördinator kinderopvang;"Developing and implementing programmes to enhance the physical, social, emotional and intellectual development of young children;";Ontwikkelen en uitvoeren van programma's om de fysieke, sociale, emotionele en intellectuele ontwikkeling van jonge kinderen te verbeteren;0.165;
1342;manager klinische informatiesystemen;"Controlling administrative operations such as budget planning, report preparation and expenditure on supplies, equipment and services;";Beheersing van administratieve handelingen zoals budgetplanning, rapportvoorbereiding en uitgaven aan leveringen, apparatuur en diensten;0.485;
1342;manager klinische informatiesystemen;"Liaising with other health and welfare service providers, boards and funding bodies to coordinate the provision of services;";Contact onderhouden met andere aanbieders van gezondheids- en welzijnsdiensten, besturen en financieringsorganen om de dienstverlening te coördineren;0.415;
1342;manager klinische informatiesystemen;"Directing or conducting recruitment, hiring and training of personnel;";Aansturen of uitvoeren van werving, inhuur en training van personeel;0.32;
1342;manager klinische informatiesystemen;Representing the organization in negotiations, and at conventions, seminars, public hearings and forums.;Vertegenwoordiging van de organisatie in de onderhandelingen, en op conventies, seminars, openbare hoorzittingen en fora;0.29;
1343;manager verzorgingshuis;"Controlling administrative operations such as budget planning, report preparation, and expenditure on supplies, equipment and services;";Het controleren van administratieve activiteiten zoals budgetplanning, het opstellen van rapporten en uitgaven aan benodigdheden, apparatuur en diensten;0.535;
1343;manager verzorgingshuis;"Advising government bodies about measures to improve health and welfare services and facilities;";Adviseren van overheden over maatregelen ter verbetering van gezondheids- en welzijnsdiensten en -voorzieningen;0.385;
1343;manager verzorgingshuis;"Directing, supervising and evaluating the work activities of medical, nursing, technical, clerical, service, maintenance, and other personnel;";Het aansturen, begeleiden en evalueren van de werkzaamheden van medisch, verpleegkundig, technisch, administratief, service-, onderhouds- en ander personeel;0.3025;
1343;manager verzorgingshuis;"Coordinating and administering welfare programmes and care services for the elderly;";Coördineren en uitvoeren van welzijnsprogramma's en ouderenzorg;0.155;
1344;coördinator jeugdwerk;"Controlling administrative operations such as budget planning, report preparation, and expenditure on supplies, equipment and services;";Het controleren van administratieve activiteiten zoals budgetplanning, het opstellen van rapporten en uitgaven aan benodigdheden, apparatuur en diensten;0.535;
1344;coördinator jeugdwerk;"Advising government bodies about measures to improve welfare services and facilities;";Adviseren van overheden over maatregelen ter verbetering van welzijnsdiensten en voorzieningen;0.39;
1344;coördinator jeugdwerk;Overseeing the selection, training and performance of staff.;Toezicht houden op de selectie, training en prestaties van personeel;0.315;
1344;coördinator jeugdwerk;"Liaising with other welfare and health services providers, boards and funding bodies to discuss areas of health and welfare service cooperation and coordination;";Contact onderhouden met andere welzijns- en gezondheidsdiensten, besturen en financieringsorganen om gebieden van samenwerking en coördinatie op het gebied van gezondheid en welzijnsdiensten te bespreken;0.295;
1345;adjunct-directeur;"Controlling administrative operations such as budget planning, report preparation, and expenditure on supplies, equipment and services;";Het controleren van administratieve activiteiten zoals budgetplanning, het opstellen van rapporten en uitgaven aan benodigdheden, apparatuur en diensten;0.565;
1345;adjunct-directeur;"Promoting the educational programme, and representing the service or institution in the wider community;";Bevordering van het onderwijsprogramma en vertegenwoordiging van de dienst of instelling in de bredere gemeenschap;0.475;
1345;adjunct-directeur;"Developing and enforcing a disciplinary code to create a safe and conducive environment for students and teachers;";Het ontwikkelen en handhaven van een disciplinaire code om een veilige en bevorderlijke omgeving voor studenten en docenten te creëren;0.26;
1345;adjunct-directeur;"Supervising the maintenance of educational facilities;";Toezicht houden op het onderhoud van onderwijsfaciliteiten;0.2575;
1346;bankdirecteur;"Examining, evaluating and processing loan and insurance applications;";Het onderzoeken, evalueren en verwerken van krediet- en verzekeringsaanvragen;0.635;
1346;bankdirecteur;"Providing advice and assistance to customers on their financial and insurance needs and with matters such as changes in law that may affect customers;";Het verstrekken van advies en bijstand aan klanten over hun financiële en verzekeringsbehoeften en over zaken zoals wetswijzigingen die gevolgen kunnen hebben voor klanten;0.605;
1346;bankdirecteur;Overseeing the selection, training and performance of staff.;Toezicht houden op de selectie, training en prestaties van personeel;0.3025;
1346;bankdirecteur;"Establishing and maintaining relationships with individual and business customers;";Het aangaan en onderhouden van relaties met individuele en zakelijke klanten;0.29;
1349;artistiek leider;"Controlling administrative operations such as budget planning, report preparation, and expenditure on supplies, equipment and services;";Het controleren van administratieve activiteiten zoals budgetplanning, het opstellen van rapporten en uitgaven aan benodigdheden, apparatuur en diensten;0.555;
1349;artistiek leider;"Planning, directing and coordinating the provision of services;";Planning, leiding en coördinatie van de dienstverlening;0.435;
1349;artistiek leider;"Coordinating cooperation with other service provision agencies in the same or related fields;";Coördineren van de samenwerking met andere dienstverlenende instanties op dezelfde of aanverwante gebieden;0.3325;
1349;artistiek leider;Overseeing the selection, training and performance of staff.;Toezicht houden op de selectie, training en prestaties van personeel;0.32;
1411;accommodatiemanager;Providing guests with local tourism information, and arranging tours and transportation.;Het verstrekken van gasten met lokale toeristische informatie, en het regelen van rondleidingen en vervoer;0.6;
1411;accommodatiemanager;"Assessing and reviewing customer satisfaction;";Het beoordelen en beoordelen van klanttevredenheid;0.5;
1411;accommodatiemanager;"Supervising security arrangements and garden and property maintenance;";Toezicht houden op beveiligingsvoorzieningen en tuin- en vastgoedonderhoud;0.2075;
1411;accommodatiemanager;"Ensuring compliance with occupational health and safety regulations;";Zorgen voor naleving van de voorschriften inzake gezondheid en veiligheid op het werk;0.205;
1412;restaurantmanager;"Maintaining records of stock levels and financial transactions;";Het bijhouden van registers van voorraadniveaus en financiële transacties;0.595;
1412;restaurantmanager;"Arranging the purchasing and pricing of goods according to budget;";Het regelen van de inkoop en prijsstelling van goederen volgens budget;0.485;
1412;restaurantmanager;"Negotiating arrangements with clients and suppliers;";Onderhandelen over afspraken met klanten en leveranciers;0.2575;
1412;restaurantmanager;"Ensuring dining, kitchen and food storage facilities comply with health regulations and are clean, functional and of suitable appearance;";Ervoor zorgen dat eet-, keuken- en voedselopslagfaciliteiten voldoen aan de gezondheidsvoorschriften en schoon, functioneel en van een geschikt uiterlijk zijn;0.2325;
1420;accountmanager;"Promoting and advertising the establishment's goods and services;";Bevordering en reclame van de goederen en diensten van de vestiging;0.635;
1420;accountmanager;"Maintaining records of stock levels and financial transactions;";Het bijhouden van registers van voorraadniveaus en financiële transacties;0.6;
1420;accountmanager;"Controlling selection, training and supervision of staff;";Controleren van selectie, training en supervisie van personeel;0.28;
1420;accountmanager;Ensuring compliance with occupational health and safety regulations.;Zorgen voor naleving van de voorschriften voor gezondheid en veiligheid op het werk;0.26;
1431;collectiebeheerder dierentuin;"Establishing and managing budgets, controlling expenditure and ensuring the efficient use of resources;";Het opstellen en beheren van budgetten, het beheersen van uitgaven en het zorgen voor een efficiënt gebruik van middelen;0.435;
1431;collectiebeheerder dierentuin;"Advising on the facilities available and promoting publicity in relation to events, shows and activities;";Adviseren over de beschikbare faciliteiten en het bevorderen van publiciteit met betrekking tot evenementen, shows en activiteiten;0.38;
1431;collectiebeheerder dierentuin;Ensuring compliance with health and safety regulations.;Zorgen voor naleving van gezondheids- en veiligheidsvoorschriften;0.2425;
1431;collectiebeheerder dierentuin;"Ensuring that facilities are kept clean and in good condition;";Ervoor zorgen dat de faciliteiten schoon en in goede staat worden gehouden;0.0975;
2111;kosmoloog;"Evaluating results of investigations and experiments and expressing conclusions, mainly using mathematical techniques and models;";Het evalueren van resultaten van onderzoeken en experimenten en het formuleren van conclusies, voornamelijk met behulp van wiskundige technieken en modellen;0.56;
2111;kosmoloog;"Observing, analysing and interpreting celestial phenomena and developing methods, numerical models and techniques to extend knowledge of fields such as navigation, satellite communication, space exploration, celestial bodies and cosmic radiation;";Observatie, analyse en interpretatie van hemelse verschijnselen en ontwikkeling van methoden, numerieke modellen en technieken om de kennis van gebieden zoals navigatie, satellietcommunicatie, ruimteverkenning, hemellichamen en kosmische straling uit te breiden;0.5425;
2111;kosmoloog;"Testing, commissioning and evaluating equipment used in applications such as imaging, medical treatment and dosimetry;";Apparatuur voor het testen, in bedrijf stellen en evalueren van toepassingen zoals beeldvorming, medische behandeling en dosimetrie;0.25;
2111;kosmoloog;"Ensuring the safe and effective delivery of radiation (ionising and non-ionising) to patients to achieve a diagnostic or therapeutic result as prescribed by a medical practitioner;";Zorgen voor een veilige en effectieve afgifte van straling (ioniserend en niet-ioniserend) aan patiënten om een diagnostisch of therapeutisch resultaat te bereiken zoals voorgeschreven door een arts;0.185;
2112;klimatoloog;"Studying data collected from meteorological stations, radar and satellite imagery and computer model output to plot and forecast weather conditions;";Het bestuderen van gegevens verzameld van meteorologische stations, radar- en satellietbeelden en computermodellen om weersomstandigheden te bepalen en te voorspellen;0.6525;
2112;klimatoloog;"Developing and testing mathematical computer models of weather and climate for experimental or operational use;";Het ontwikkelen en testen van wiskundige computermodellen van weer en klimaat voor experimenteel of operationeel gebruik;0.6375;
2112;klimatoloog;"Participating in studies of the effect of weather on the environment;";Deelname aan studies naar het effect van het weer op het milieu;0.43;
2112;klimatoloog;"Conducting experiments in fog dispersal, cloud seeding, rain enhancement and other types of weather modification programmes;";Het uitvoeren van experimenten in mistverspreiding, wolkenzaaien, regenverbetering en andere soorten weermodificatieprogramma's;0.26;
2113;analytisch scheikundige;"Conducting research and improving or developing concepts, instruments, theories and operational methods related to chemistry;";Het uitvoeren van onderzoek en het verbeteren of ontwikkelen van concepten, instrumenten, theorieën en operationele methoden met betrekking tot chemie;0.55;
2113;analytisch scheikundige;Preparing scientific papers and reports.;Voorbereiding van wetenschappelijke papers en rapporten;0.51;
2113;analytisch scheikundige;Determining ways to strengthen or combine materials or develop new materials.;Bepalen van manieren om materialen te versterken of te combineren of nieuwe materialen te ontwikkelen;0.29;
2113;analytisch scheikundige;"Using micro-organisms to convert substances into new compounds;";Gebruik van micro-organismen om stoffen om te zetten in nieuwe verbindingen;0.225;
2114;delfstofkundige;"Charting the Earth's magnetic field and applying this and other collected data for broadcasting, navigation and other purposes;";Het in kaart brengen van het aardmagnetisch veld en het toepassen van deze en andere verzamelde gegevens voor uitzending, navigatie en andere doeleinden;0.51;
2114;delfstofkundige;"Studying and measuring physical properties of seas and the atmosphere and their inter-relationship, such as the exchange of thermal energy;";Het bestuderen en meten van de fysische eigenschappen van zeeën en de atmosfeer en hun onderlinge relatie, zoals de uitwisseling van thermische energie;0.5;
2114;delfstofkundige;"Locating and determining the nature and extent of oil, gas and mineral deposits using seismological, gravimetric, magnetic, electrical or radiometric methods;";Het lokaliseren en bepalen van de aard en omvang van olie-, gas- en minerale afzettingen met behulp van seismologische, gravimetrische, magnetische, elektrische of radiometrische methoden;0.25;
2114;delfstofkundige;"Identifying deposits of construction materials and determining their characteristics and suitability for use as concrete aggregates, road fill or for other applications;";Het identificeren van afzettingen van bouwmaterialen en het bepalen van hun kenmerken en geschiktheid voor gebruik als betonaggregaten, wegvulling of voor andere toepassingen;0.235;
2120;biometricus;"Planning and organizing surveys and other statistical collections, and designing questionnaires;";Het plannen en organiseren van enquêtes en andere statistische verzamelingen en het opstellen van vragenlijsten;0.6725;
2120;biometricus;"Designing and putting into operation pension schemes and life, health, social and other types of insurance systems;";Het ontwerpen en in werking stellen van pensioenregelingen en levens-, gezondheids-, sociale en andere soorten verzekeringssystemen;0.6325;
2120;biometricus;"Preparing scientific papers and reports;";Wetenschappelijke papers en verslagen opstellen;0.5275;
2120;biometricus;Supervising the work of mathematical, actuarial and statistical assistants and statistical clerks.;Het toezicht houden op het werk van wiskundige, actuariële en statistische assistenten en statistische medewerkers;0.35;
2131;aquacultuurbioloog;"Writing scientific papers and reports detailing research and any new findings which are then made available to the scientific community in scientific journals or at conferences for scrutiny and further debate;";Schrijven van wetenschappelijke papers en rapporten over onderzoek en nieuwe bevindingen die vervolgens ter beschikking worden gesteld van de wetenschappelijke gemeenschap in wetenschappelijke tijdschriften of op conferenties voor onderzoek en verder debat;0.515;
2131;aquacultuurbioloog;Providing advice to governments, organizations and businesses in areas such as conservation, management of natural resources, the effects of climate change and pollution.;Advies geven aan overheden, organisaties en bedrijven op gebieden als behoud, beheer van natuurlijke hulpbronnen, de gevolgen van klimaatverandering en vervuiling;0.5;
2131;aquacultuurbioloog;"Identifying, classifying, recording and monitoring living organisms and maintaining databases;";Identificeren, classificeren, registreren en monitoren van levende organismen en onderhouden van databases;0.31;
2131;aquacultuurbioloog;"Gathering human, animal, insect and plant specimens and data, and studying their origin, development, chemical and physical form, structure, composition, and life and reproductive processes;";Het verzamelen van menselijke, dierlijke, insecten- en plantenspecimens en -gegevens en het bestuderen van hun oorsprong, ontwikkeling, chemische en fysische vorm, structuur, samenstelling en levens- en voortplantingsprocessen;0.2325;
2132;adviseur visserij;Preparing scientific reports and conducting advisory information sessions and lectures for farming, forestry and fishing communities and other groups.;Voorbereiden van wetenschappelijke rapporten en het geven van adviesbijeenkomsten en lezingen voor landbouw-, bosbouw- en visserijgemeenschappen en andere groepen;0.5375;
2132;adviseur visserij;"Developing procedures and techniques for solving agricultural problems and improving the efficiency of production;";Het ontwikkelen van procedures en technieken voor het oplossen van landbouwproblemen en het verbeteren van de efficiëntie van de productie;0.365;
2132;adviseur visserij;"Studying the propagation and culture of forest trees, methods for improving the growth of stock, and the effects of thinning on forest yields;";Het bestuderen van de voortplanting en de cultuur van bosbomen, methoden om de groei van het bestand te verbeteren en de effecten van dunner worden op de bosopbrengst;0.175;
2132;adviseur visserij;"Studying fish migration, growth, feeding and spawning and devising methods of collecting, fertilizing, incubating and hatching fish eggs;";Het bestuderen van vismigratie, groei, voeding en paaien en het ontwerpen van methoden voor het verzamelen, bemesten, uitbroeden en uitbroeden van viseieren;0.14;
2133;analist luchtvervuiling;Developing conservation plans.;Het ontwikkelen van instandhoudingsplannen;0.4475;
2133;analist luchtvervuiling;"Conducting research, performing tests, collecting samples, performing field and laboratory analysis to identify sources of environmental problems and recommending ways to prevent, control and remediate the impact of environmental problems;";Het uitvoeren van onderzoek, het uitvoeren van tests, het verzamelen van monsters, het uitvoeren van veld- en laboratoriumanalyses om bronnen van milieuproblemen te identificeren en het aanbevelen van manieren om de impact van milieuproblemen te voorkomen, te beheersen en te verhelpen;0.405;
2133;analist luchtvervuiling;"Assessing the likely impact that potential or proposed activities, projects and developments may have on the environment, and recommending whether such developments should proceed;";Het beoordelen van de waarschijnlijke impact die potentiële of voorgestelde activiteiten, projecten en ontwikkelingen kunnen hebben op het milieu, en het aanbevelen of dergelijke ontwikkelingen moeten doorgaan;0.365;
2133;analist luchtvervuiling;"Assessing an organization's compliance with government and internal environmental regulations and guidelines, identifying violations and determining appropriate remedial action;";Het beoordelen van de naleving door een organisatie van overheids- en interne milieuvoorschriften en -richtlijnen, het identificeren van overtredingen en het bepalen van passende corrigerende maatregelen;0.301;
2141;bedrijfsingenieur;"Studying functional statements, organizational charts and project information to determine functions and responsibilities of workers and work units and to identify areas of duplication;";Het bestuderen van functionele verklaringen, organisatieschema's en projectinformatie om de functies en verantwoordelijkheden van werknemers en arbeidseenheden te bepalen en gebieden van duplicatie te identificeren;0.4625;
2141;bedrijfsingenieur;"Analysing workforce utilization, facility layout, operational data and production schedules and costs to determine optimum worker and equipment efficiencies;";Het analyseren van het personeelsgebruik, de lay-out van de faciliteit, operationele gegevens en productieschema's en -kosten om optimale efficiëntie van werknemers en apparatuur te bepalen;0.46;
2141;bedrijfsingenieur;"Organizing and managing project labour and the delivery of materials, plant and equipment;";Het organiseren en beheren van projectarbeid en de levering van materialen, installaties en apparatuur;0.285;
2141;bedrijfsingenieur;"Inspecting plant to improve and maintain performance;";Het inspecteren van de fabriek om de prestaties te verbeteren en te behouden;0.24;
2142;bouwkundig ingenieur;"Conducting research and developing new or improved theories and methods related to civil engineering;";Het uitvoeren van onderzoek en het ontwikkelen van nieuwe of verbeterde theorieën en methoden met betrekking tot civiele techniek;0.42;
2142;bouwkundig ingenieur;"Advising on and designing structures such as bridges, dams, docks, roads, airports, railways, canals, pipelines, waste-disposal and flood-control systems, and industrial and other large buildings;";Adviseren over en ontwerpen van constructies zoals bruggen, dammen, dokken, wegen, luchthavens, spoorwegen, kanalen, pijpleidingen, afvalverwijderings- en hoogwaterbeheersingssystemen, en industriële en andere grote gebouwen;0.315;
2142;bouwkundig ingenieur;"Establishing control systems to ensure efficient functioning of structures as well as safety and environmental protection;";Het opzetten van controlesystemen om een efficiënte werking van structuren te garanderen, evenals veiligheid en milieubescherming;0.26;
2142;bouwkundig ingenieur;"Organising and directing maintenance and repair of existing civil engineering structures;";Het organiseren en aansturen van onderhoud en reparatie van bestaande civieltechnische constructies;0.23;
2143;ingenieur afvalverwerking;"Conducting research, assessing and reporting on the environmental impact of existing and proposed construction, civil engineering and other activities;";Het uitvoeren van onderzoek, het beoordelen en rapporteren over de milieu-impact van bestaande en voorgestelde bouw-, civieltechnische en andere activiteiten;0.51;
2143;ingenieur afvalverwerking;"Monitoring progress of environmental improvement programmes;";Het bewaken van de voortgang van milieuverbeteringsprogramma ';0.435;
2143;ingenieur afvalverwerking;Collaborating with environmental scientists, planners, hazardous waste technicians, engineers from other disciplines and specialists in law and business to address environmental problems.;Samenwerken met milieuwetenschappers, planners, technici voor gevaarlijk afval, ingenieurs uit andere disciplines en specialisten in recht en bedrijfsleven om milieuproblemen aan te pakken;0.335;
2143;ingenieur afvalverwerking;"Inspecting industrial and municipal facilities and programmes to evaluate operational effectiveness and ensure compliance with environmental regulations;";Inspectie van industriële en gemeentelijke voorzieningen en programma's om de operationele effectiviteit te evalueren en de naleving van de milieuregelgeving te waarborgen;0.25;
2144;aerodynamica-ingenieur;"Advising on and designing non-electrical parts of apparatus or products such as word processors, computers, precision instruments, cameras and projectors;";Adviseren over en ontwerpen van niet-elektrische onderdelen van apparaten of producten zoals tekstverwerkers, computers, precisie-instrumenten, camera's en projectoren;0.435;
2144;aerodynamica-ingenieur;"Advising on and designing airframes, undercarriages and other equipment for aircraft as well as suspension systems, brakes, vehicle bodies and other components of road vehicles;";Adviseren over en ontwerpen van casco's, onderstellen en andere apparatuur voor vliegtuigen, evenals veersystemen, remmen, voertuigcarrosserieën en andere componenten van wegvoertuigen;0.36;
2144;aerodynamica-ingenieur;Ensuring that equipment, operation and maintenance comply with design specifications and safety standards.;Ervoor zorgen dat apparatuur, bediening en onderhoud voldoen aan ontwerpspecificaties en veiligheidsnormen;0.2775;
2144;aerodynamica-ingenieur;"Advising on and designing steam, internal combustion and other non-electric motors and engines used for propulsion of railway locomotives, road vehicles or aircraft, or for driving industrial or other machinery;";Adviseren over en ontwerpen van stoom-, verbrandings- en andere niet-elektrische motoren en motoren die worden gebruikt voor de voortstuwing van locomotieven, wegvoertuigen of vliegtuigen, of voor het besturen van industriële of andere machines;0.2225;
2145;brouwmeester;"Preparing estimates of production costs and production progress reports for management;";Het opstellen van ramingen van productiekosten en productievoortgangsverslagen voor het beheer;0.62;
2145;brouwmeester;"Developing safety procedures to be employed;";Het ontwikkelen van toe te passen veiligheidsprocedures;0.405;
2145;brouwmeester;"Designing chemical plant equipment and devising processes for manufacturing chemicals and products;";Het ontwerpen van chemische fabrieksapparatuur en het bedenken van processen voor het vervaardigen van chemicaliën en producten;0.2625;
2145;brouwmeester;Performing laboratory studies of steps in manufacture of new products and testing proposed process in small scale operation such as a pilot plant.;Het uitvoeren van laboratoriumstudies van stappen in de productie van nieuwe producten en het testen van het voorgestelde proces in kleinschalige werking, zoals een proeffabriek;0.245;
2146;arbo-ingenieur mijnbouw;"Planning and directing storage, initial treatment and transportation of water, oil or gas;";Planning en leiding van opslag, eerste behandeling en vervoer van water, olie of gas;0.365;
2146;arbo-ingenieur mijnbouw;"Maintaining technical liaison and consultancy with other relevant specialists such as geologists and geophysicists;";Het onderhouden van technische contacten en consultancy met andere relevante specialisten zoals geologen en geofysici;0.35;
2146;arbo-ingenieur mijnbouw;Examining deposits or mines to evaluate profitability.;Het onderzoeken van deposito's of mijnen om de winstgevendheid te evalueren;0.26;
2146;arbo-ingenieur mijnbouw;"Establishing safety standards and procedures and first-aid facilities, especially underground;";Het vaststellen van veiligheidsnormen en -procedures en EHBO-faciliteiten, met name ondergronds;0.1925;
2149;akoestisch ingenieur;"Designing components of optical instruments such as lenses, microscopes, telescopes, lasers, optical disc systems and other equipment that utilize the properties of light;";Het ontwerpen van componenten van optische instrumenten zoals lenzen, microscopen, telescopen, lasers, optische schijfsystemen en andere apparatuur die gebruik maken van de eigenschappen van licht;0.385;
2149;akoestisch ingenieur;"Applying knowledge of engineering to the design, development and evaluation of biological and health systems and products such as artificial organs, prostheses and instrumentation;";Het toepassen van kennis van engineering bij het ontwerpen, ontwikkelen en evalueren van biologische en gezondheidssystemen en producten zoals kunstmatige organen, prothesen en instrumentatie;0.375;
2149;akoestisch ingenieur;"Assessing damage and providing calculations for marine salvage operations;";Het beoordelen van schade en het verstrekken van berekeningen voor bergingsoperaties op zee;0.25;
2149;akoestisch ingenieur;"Designing, testing, and coordinating the development of explosive ordnance material to meet military procurement specifications;";Ontwerpen, testen en coördineren van de ontwikkeling van explosief munitiemateriaal om te voldoen aan militaire inkoopspecificaties;0.13;
2151;elektrotechnisch ingenieur mijnbouw;"Advising on and designing power stations and systems which generate, transmit and distribute electrical power;";Adviseren over en ontwerpen van elektriciteitscentrales en -systemen die elektriciteit opwekken, overbrengen en distribueren;0.4375;
2151;elektrotechnisch ingenieur mijnbouw;"Advising on and designing systems for electrical motors, electrical traction and other equipment, or electrical domestic appliances;";Adviseren over en ontwerpen van systemen voor elektromotoren, elektrische tractie en andere apparatuur, of elektrische huishoudelijke apparaten;0.3575;
2151;elektrotechnisch ingenieur mijnbouw;"Specifying electrical installation and application in industrial and other buildings and objects;";Met vermelding van de elektrische installatie en toepassing in industriële en andere gebouwen en voorwerpen;0.23;
2151;elektrotechnisch ingenieur mijnbouw;Determining manufacturing methods for electrical systems, as well as maintenance and repair of existing electrical systems, motors and equipment.;Het bepalen van productiemethoden voor elektrische systemen, evenals onderhoud en reparatie van bestaande elektrische systemen, motoren en apparatuur;0.2125;
2152;deskundige voorspellend onderhoud;"Designing and developing signal processing algorithms and implementing these through appropriate choice of hardware and software;";Ontwerpen en ontwikkelen van signaalverwerkingsalgoritmen en deze implementeren door de juiste keuze van hardware en software;0.605;
2152;deskundige voorspellend onderhoud;"Researching and advising on radar, telemetry and remote control systems, microwaves and other electronic equipment;";Onderzoek en advies over radar-, telemetrie- en afstandsbedieningssystemen, microgolfapparatuur en andere elektronische apparatuur;0.55;
2152;deskundige voorspellend onderhoud;"Establishing control standards and procedures to ensure efficient functioning and safety of electronic systems, motors and equipment;";Het vaststellen van controlenormen en -procedures om een efficiënte werking en veiligheid van elektronische systemen, motoren en apparatuur te waarborgen;0.3325;
2152;deskundige voorspellend onderhoud;"Organising and directing maintenance and repair of existing electronic systems and equipment;";Het organiseren en aansturen van onderhoud en reparatie van bestaande elektronische systemen en apparatuur;0.224;
2153;ingenieur telecommunicatie;"Designing and developing signal processing algorithms and implementing these through appropriate choice of hardware and software;";Ontwerpen en ontwikkelen van signaalverwerkingsalgoritmen en deze implementeren door de juiste keuze van hardware en software;0.615;
2153;ingenieur telecommunicatie;"Planning and designing communications networks based on wired, fibre optical and wireless communication media;";Plannen en ontwerpen van communicatienetwerken op basis van bekabelde, glasvezel- en draadloze communicatiemedia;0.565;
2153;ingenieur telecommunicatie;Designing telecommunications networks and radio and television distribution systems, including both cable and over the air.;Het ontwerpen van telecommunicatienetwerken en radio- en televisiedistributiesystemen, zowel via de kabel als via de ether;0.4;
2153;ingenieur telecommunicatie;"Organizing and directing maintenance and repair of existing telecommunication systems, motors and equipment;";Het organiseren en aansturen van onderhoud en reparatie van bestaande telecommunicatiesystemen, motoren en apparatuur;0.255;
2161;architect;"Preparing project documentation, including sketches and scale drawings, and integrating structural, mechanical and aesthetic elements in final designs;";Het voorbereiden van projectdocumentatie, met inbegrip van schetsen en schaaltekeningen, en het integreren van structurele, mechanische en esthetische elementen in definitieve ontwerpen;0.47;
2161;architect;"Writing specifications and contract documents for use by builders and calling tenders on behalf of clients;";Het schrijven van specificaties en contractatten voor gebruik door bouwers en aanbestedingen namens klanten;0.46;
2161;architect;"Inspecting sites and consulting clients, management and other stakeholders to determine type, style and size of proposed buildings and alterations to existing buildings;";Het inspecteren van locaties en het raadplegen van klanten, management en andere belanghebbenden om het type, de stijl en de grootte van voorgestelde gebouwen en aanpassingen aan bestaande gebouwen te bepalen;0.29;
2161;architect;"Monitoring construction or rehabilitation work to ensure compliance with specifications and quality standards;";Monitoren van bouw- of revalidatiewerkzaamheden om naleving van specificaties en kwaliteitsnormen te waarborgen;0.225;
2162;landschapsontwerper;"Compiling and analysing site and community data about geographical and ecological features, landforms, soils, vegetation, site hydrology, visual characteristics and human-made structures, to formulate land use and development recommendations, feasibility studies and environmental impact statements;";Het verzamelen en analyseren van locatie- en gemeenschapsgegevens over geografische en ecologische kenmerken, landvormen, bodems, vegetatie, sitehydrologie, visuele kenmerken en door de mens gemaakte structuren, om aanbevelingen voor landgebruik en ontwikkeling, haalbaarheidsstudies en milieueffectverklaringen te formuleren;0.465;
2162;landschapsontwerper;"Writing specifications and contract documents for use by builders and civil engineering contractors and calling tenders on behalf of clients;";Het schrijven van specificaties en contractdocumenten voor gebruik door bouwers en civieltechnische aannemers en aanbestedingen namens cliënten;0.44;
2162;landschapsontwerper;"Inspecting sites and consulting clients, management and other stakeholders to determine type, style and size of proposed buildings, parks, roads and other open spaces;";Het inspecteren van locaties en het raadplegen van klanten, management en andere belanghebbenden om het type, de stijl en de grootte van voorgestelde gebouwen, parken, wegen en andere open ruimtes te bepalen;0.2725;
2162;landschapsontwerper;"Monitoring construction or rehabilitation work to ensure compliance with specifications and quality standards;";Monitoren van bouw- of revalidatiewerkzaamheden om naleving van specificaties en kwaliteitsnormen te waarborgen;0.22;
2163;colorist textiel;"Detailing and documenting the selected design for production;";Uitwerken en documenteren van het gekozen ontwerp voor productie;0.51;
2163;colorist textiel;"Preparing sketches, diagrams, illustrations, plans, samples and models to communicate design concepts;";Het voorbereiden van schetsen, diagrammen, illustraties, plannen, monsters en modellen om ontwerpconcepten te communiceren;0.435;
2163;colorist textiel;Supervising the preparation of patterns, programmes and tooling, and of the manufacturing process.;Toezichtdimethylamino op de voorbereiding van patronen, programma's en gereedschappen, en van het productieproces;0.3;
2163;colorist textiel;"Preparing and commissioning prototypes and samples;";Het voorbereiden en in bedrijf stellen van prototypes en monsters;0.2;
2164;beheerder mobiliteitsdiensten;Planning and advising on routing and control of road traffic and public transportation systems for efficiency and safety.;Planning en advies over routing en controle van wegverkeer en openbaarvervoersystemen voor efficiëntie en veiligheid;0.5125;
2164;beheerder mobiliteitsdiensten;"Compiling and analysing data on economic, legal, political, cultural, demographic, sociological, physical and environmental factors affecting land use;";Het verzamelen en analyseren van gegevens over economische, juridische, politieke, culturele, demografische, sociologische, fysieke en milieufactoren die van invloed zijn op het landgebruik;0.44;
2164;beheerder mobiliteitsdiensten;"Planning and coordinating the development of land areas for parks, schools, institutions, airports, roadways and related projects, and for commercial, industrial and residential sites;";Planning en coördinatie van de ontwikkeling van grondgebieden voor parken, scholen, instellingen, luchthavens, wegen en aanverwante projecten, en voor commerciële, industriële en residentiële locaties;0.34;
2164;beheerder mobiliteitsdiensten;"Conferring with government authorities, communities and specialists in fields such as architecture, planning, social science the environment and the law;";Overleggen met overheidsinstanties, gemeenschappen en specialisten op gebieden zoals architectuur, planning, sociale wetenschappen, het milieu en de wet;0.33;
2165;cartograaf;"Noting exact position of various features and recording survey data in digital form;";Het noteren van de exacte positie van verschillende functies en het vastleggen van enquêtegegevens in digitale vorm;0.6;
2165;cartograaf;"Designing, compiling and revising maps and charts using aerial and other photographs, satellite imagery, survey documents and data, existing maps and records, reports and statistics;";Ontwerpen, samenstellen en herzien van kaarten en grafieken met behulp van luchtfoto's en andere foto's, satellietbeelden, enquêtedocumenten en -gegevens, bestaande kaarten en records, rapporten en statistieken;0.53;
2165;cartograaf;"Planning and conducting aerial photographic surveys;";Plannen en uitvoeren van luchtfotografisch onderzoek;0.38;
2165;cartograaf;"Surveying, measuring and describing land surfaces, mines, underground surfaces, sea, river and lake beds;";Het meten, meten en beschrijven van landoppervlakken, mijnen, ondergrondse oppervlakken, zee-, rivier- en meerbedden;0.215;
2166;3d animator;"Creating two-dimensional and three-dimensional images depicting objects in motion or illustrating a process, using computer animation or modelling programmes;";Het creëren van tweedimensionale en driedimensionale afbeeldingen van bewegende objecten of het illustreren van een proces, met behulp van computeranimatie- of modelleerprogramma's;0.6125;
2166;3d animator;"Formulating design concepts for the subject to be communicated;";Formuleren van ontwerpconcepten voor het te communiceren onderwerp;0.585;
2166;3d animator;Supervising or carrying out production in the chosen media.;Overzien of uitvoeren van productie in de gekozen media;0.375;
2166;3d animator;"Negotiating design solutions with clients, management, sales and production staff;";Onderhandelen over ontwerpoplossingen met klanten, management, verkoop- en productiepersoneel;0.37;
2211;huisarts;Conducting research in human health and medical services and disseminating the findings such as through scientific reports;Het uitvoeren van onderzoek op het gebied van de menselijke gezondheid en medische diensten en het verspreiden van de bevindingen, zoals via wetenschappelijke rapporten;0.4775;
2211;huisarts;"Reporting births, deaths and notifiable diseases to government authorities to meet legal and professional requirements;";Het melden van geboorten, sterfgevallen en ziektes waarvoor aangifte moet worden gedaan aan de overheid om te voldoen aan wettelijke en beroepseisen;0.3725;
2211;huisarts;"Conducting physical examinations of patients and interviewing them and their families to determine their health status;";Het uitvoeren van lichamelijk onderzoek van patiënten en het interviewen van hen en hun families om hun gezondheidstoestand te bepalen;0.155;
2211;huisarts;"Performing surgery and other clinical procedures;";Het uitvoeren van operaties en andere klinische procedures;0.13;
2212;medisch specialist;"Providing information to patients and families and communities about preventive measures, treatment and care for specific ailments;";Het verstrekken van informatie aan patiënten, families en gemeenschappen over preventieve maatregelen, behandeling en zorg voor specifieke aandoeningen;0.43;
2212;medisch specialist;"Conducting research into specific human disorders and illnesses and preventive or curative methods and disseminating the findings such as through scientific reports;";Het uitvoeren van onderzoek naar specifieke menselijke aandoeningen en ziekten en preventieve of curatieve methoden en het verspreiden van de bevindingen zoals door middel van wetenschappelijke rapporten;0.388;
2212;medisch specialist;"Performing surgery of a general or specialized nature;";Operatie van algemene of gespecialiseerde aard;0.1225;
2212;medisch specialist;"Managing complications before, during and after childbirth;";Omgaan met complicaties voor, tijdens en na de bevalling;0.1075;
2221;algemeen verpleegkundige;Conducting research on nursing practices and procedures and disseminating findings such as through scientific papers and reports.;Het uitvoeren van onderzoek naar verpleegkundige praktijken en procedures en het verspreiden van bevindingen, zoals door middel van wetenschappelijke artikelen en rapporten;0.46;
2221;algemeen verpleegkundige;"Answering questions from patients and families and providing information about prevention of ill-health, treatment and care;";Het beantwoorden van vragen van patiënten en families en het verstrekken van informatie over preventie van slechte gezondheid, behandeling en zorg;0.365;
2221;algemeen verpleegkundige;"Planning and providing personal care, treatments and therapies including administering medications, and monitoring responses to treatment or care plan;";Planning en verstrekking van persoonlijke zorg, behandelingen en therapieën, met inbegrip van het toedienen van medicijnen, en monitoring van de respons op behandeling of zorgplan;0.11;
2221;algemeen verpleegkundige;Cleaning wounds and applying surgical dressings and bandages;Het reinigen van wonden en het aanbrengen van chirurgische verbanden en verbanden;0.0625;
2222;verloskundige;"Reporting births to government authorities to meet legal and professional requirements;";Het melden van geboorten aan overheidsinstanties om aan wettelijke en Voorstellen van beroep te voldoen;0.5425;
2222;verloskundige;"Conducting research on midwifery practices and procedures and disseminating findings such as through scientific papers and reports;";Het uitvoeren van onderzoek naar verloskundige praktijken en procedures en het verspreiden van bevindingen zoals via wetenschappelijke papers en rapporten;0.515;
2222;verloskundige;"Monitoring the health status of newborns, managing complications and recognizing warning signs requiring referral to a medical doctor with specialized skills in neonatology;";Het bewaken van de gezondheidstoestand van pasgeborenen, het beheersen van complicaties en het herkennen van waarschuwingssignalen die doorverwijzing naar een arts met gespecialiseerde vaardigheden in de neonatologie vereisen;0.2;
2222;verloskundige;"Monitoring pain and discomfort experienced by women during labour and delivery and alleviating pain using a variety of therapies, including the use of painkilling drugs;";Monitoring van pijn en ongemak ervaren door vrouwen tijdens de bevalling en het verlichten van pijn met behulp van verschillende therapieën, waaronder het gebruik van pijnstillers;0.135;
2230;acupuncturist;Conducting research into traditional and complementary medicines and treatments and disseminating findings such as through scientific papers and reports.;Het doen van onderzoek naar traditionele en complementaire geneesmiddelen en behandelingen en het verspreiden van bevindingen zoals via wetenschappelijke papers en rapporten;0.4875;
2230;acupuncturist;"Providing health, nutrition and lifestyle advice to individuals, families and communities;";Het verstrekken van gezondheids-, voedings- en leefstijladvies aan individuen, gezinnen en gemeenschappen;0.385;
2230;acupuncturist;"Developing and implementing treatment plans for physical, mental and psychosocial ailments using applications such as acupuncture, ayurvedic, homeopathic and herbal medicine;";Het ontwikkelen en implementeren van behandelplannen voor fysieke, mentale en psychosociale aandoeningen met behulp van toepassingen zoals acupunctuur, ayurvedische, homeopathische en kruidengeneeskunde;0.215;
2230;acupuncturist;"Conducting physical examinations of patients and interviewing them and their families to determine their health status;";Het uitvoeren van lichamelijk onderzoek van patiënten en het interviewen van hen en hun families om hun gezondheidstoestand te bepalen;0.185;
2250;algemeen dierenarts;"Advising clients on health, nutrition and feeding, hygiene, breeding and care of animals;";Adviseren van cliënten over gezondheid, voeding en voeding, hygiëne, fokkerij en verzorging van dieren;0.22;
2250;algemeen dierenarts;"Determining the presence and nature of abnormal conditions by physical examination, laboratory testing and through diagnostic imaging techniques including radiography and ultrasound;";Het bepalen van de aanwezigheid en aard van abnormale omstandigheden door lichamelijk onderzoek, laboratoriumtests en door diagnostische beeldvormingstechnieken, waaronder radiografie en echografie;0.21;
2250;algemeen dierenarts;Providing euthanasia services for animals.;Het verlenen van euthanasiediensten voor dieren;0.095;
2250;algemeen dierenarts;"Performing surgery, dressing wounds and setting broken bones;";Het uitvoeren van een operatie, het verbinden van wonden en het plaatsen van gebroken botten;0.085;
2261;mondhygiënist;Supervising dental hygienists, dental assistants and other staff.;Supervising tandheelkundige hygiënisten, tandheelkundige assistenten en ander personeel;0.2675;
2261;mondhygiënist;"Educating patients and families on dental hygiene, nutrition and other measures to take care of oral health;";Patiënten en gezinnen voorlichten over mondhygiëne, voeding en andere maatregelen om voor mondgezondheid te zorgen;0.255;
2261;mondhygiënist;"Providing restorative oral care such as implants, complex crown and bridge restorations, and orthodontics, and repairing damaged and decayed teeth;";Het bieden van herstellende orale zorg zoals implantaten, complexe kroon en brug restauraties, en orthodontie, en het herstellen van beschadigde en vervallen tanden;0.095;
2261;mondhygiënist;"Administering anaesthetics to limit the amount of pain experienced by patients during procedures;";Het toedienen van anesthetica om de hoeveelheid pijn die patiënten ervaren tijdens procedures te beperken;0.066;
2262;apotheekmedewerker;"Providing information and advice to prescribers and clients regarding drug interactions, incompatibility and contraindications, side effects, dosage and proper medication storage;";Het verstrekken van informatie en advies aan voorschrijvers en cliënten met betrekking tot geneesmiddeleninteracties, onverenigbaarheid en contra-indicaties, bijwerkingen, dosering en goede medicatieopslag;0.5025;
2262;apotheekmedewerker;"Maintaining prescription files and recording issue of narcotics, poisons and habit-forming drugs in accordance with legal and professional requirements;";Het bijhouden van receptdossiers en het registreren van problemen met verdovende middelen, vergiften en verslavende middelen in overeenstemming met wettelijke en professionele vereisten;0.4075;
2262;apotheekmedewerker;"Preparing or supervising the preparation and labelling of liquid medicines, ointments, powders, tablets and other medications to fill prescriptions;";Voorbereiding of toezicht op de bereiding en etikettering van vloeibare geneesmiddelen, zalven, poeders, tabletten en andere geneesmiddelen om recepten te vullen;0.24;
2262;apotheekmedewerker;"Storing and preserving vaccines, serums and other drugs subject to deterioration;";Het opslaan en bewaren van vaccins, serums en andere geneesmiddelen die worden aangetast;0.1075;
2263;arbeidshygiënist;"Preparing and implementing plans and strategies for the safe, economic and suitable disposal of commercial, industrial, medical and household wastes;";Het opstellen en uitvoeren van plannen en strategieën voor de veilige, economische en passende verwijdering van commercieel, industrieel, medisch en huishoudelijk afval;0.3625;
2263;arbeidshygiënist;"Providing education, information, training and advice to persons at all levels on aspects of occupational hygiene and environmental health;";Het verstrekken van onderwijs, voorlichting, opleiding en advies aan personen op alle niveaus over aspecten van arbeidshygiëne en milieugezondheid;0.36;
2263;arbeidshygiënist;"Identifying, reporting and documenting hazards, and assessing and controlling risks in the environment and workplace and advising on compliance with relevant law and regulations;";Het identificeren, rapporteren en documenteren van gevaren, en het beoordelen en beheersen van risico's in de omgeving en op de werkplek en het adviseren over de naleving van relevante wet- en regelgeving;0.245;
2263;arbeidshygiënist;"Promoting ergonomic principles within the workplace such as matching furniture, equipment and work activities to the needs of employees;";Ergonomische beginselendrongen op de werkplek, zoals het afstemmen van meubilair, uitrusting en werkactiviteiten op de behoeften van de werknemers;0.235;
2264;fysiotherapeut;"Recording information on patients' health status and responses to treatment in medical records-keeping systems, and sharing information with other health professionals as required to ensure continuing and comprehensive care;";Het registreren van informatie over de gezondheidstoestand van patiënten en de reacties op de behandeling in medische dossierssystemen, en het delen van informatie met andere gezondheidswerkers zoals vereist om te zorgen voor voortdurende en uitgebreide zorg;0.56;
2264;fysiotherapeut;"Developing and implementing programmes for screening and prevention of common physical ailments and disorders;";Ontwikkelen en uitvoeren van programma's voor screening en preventie van veel voorkomende lichamelijke kwalen en aandoeningen;0.355;
2264;fysiotherapeut;"Administering muscle, nerve, joint functional ability and other tests to identify and assess physical problems of patients;";Het toedienen van spier-, zenuw-, gewrichtsfuncties en andere tests om fysieke problemen van patiënten te identificeren en te beoordelen;0.165;
2264;fysiotherapeut;"Developing, implementing and monitoring programmes and treatments using the therapeutic properties of exercise, heat, cold, massage, manipulation, hydrotherapy, electrotherapy, ultraviolet and infra-red light and ultrasound in the treatment of patients;";Het ontwikkelen, implementeren en monitoren van programma's en behandelingen met behulp van de therapeutische eigenschappen van lichaamsbeweging, warmte, koude, massage, manipulatie, hydrotherapie, elektrotherapie, ultraviolet en infrarood licht en echografie bij de behandeling van patiënten;0.165;
2265;diëtist;Conducting research on nutrition and disseminating the findings at scientific conferences and in other settings.;Het uitvoeren van onderzoek naar voeding en het verspreiden van de bevindingen op wetenschappelijke conferenties en in andere settings;0.565;
2265;diëtist;"Planning diets and menus, supervising the preparation and serving of meals, and monitoring food intake and quality to provide nutritional care in settings offering food services;";Het plannen van diëten en menu's, het toezicht houden op de bereiding en het serveren van maaltijden, het monitoren van de voedselinname en de kwaliteit van de voeding om voedingsverzorging te bieden bij het aanbieden van voedseldiensten;0.415;
2265;diëtist;"Compiling and assessing data relating to health and nutritional status of individuals, groups and communities based on nutritional values of food served or consumed;";Het verzamelen en beoordelen van gegevens met betrekking tot de gezondheids- en voedingsstatus van individuen, groepen en gemeenschappen op basis van voedingswaarden van voedsel dat wordt geserveerd of geconsumeerd;0.365;
2265;diëtist;"Instructing individuals, families and communities on nutrition, the planning of diets and preparation of food to maximize health benefits and reduce potential risks to health;";Het instrueren van individuen, gezinnen en gemeenschappen over voeding, het plannen van diëten en het bereiden van voedsel om de gezondheidsvoordelen te maximaliseren en potentiële gezondheidsrisico's te verminderen;0.3375;
2266;audioloog;"Administering hearing or speech/language tests or other examinations using specialized diagnostic instruments and equipment, and interpreting test results alongside other medical, social and behavioural diagnostic data to determine appropriate courses of treatment;";Het afnemen van gehoor- of spraak-/taaltesten of andere onderzoeken met behulp van gespecialiseerde diagnostische instrumenten en apparatuur, en het interpreteren van testresultaten naast andere medische, sociale en gedragsdiagnostische gegevens om de juiste behandelingskuren te bepalen;0.28;
2266;audioloog;Referring patients and families to additional medical or educational services if needed.;Patiënten en gezinnen verwijzen naar aanvullende medische of educatieve diensten indien nodig;0.27;
2266;audioloog;"Planning and conducting treatment programmes to manage physical disorders affecting speech and swallowing;";Het plannen en uitvoeren van behandelingsprogramma's voor het beheer van fysieke Wijziging van spraak en slikken;0.221;
2266;audioloog;"Prescribing hearing aids and other assistive devices according to patients' needs and instructing them in their use;";Het voorschrijven van hoortoestellen en andere hulpmiddelen op basis van de behoeften van de patiënt en het instrueren van het gebruik ervan;0.17;
2267;optometrist;"Prescribing corrective eyeglasses, contact lenses and other vision aids, and checking optical devices for performance, safety, comfort and lifestyle;";Het voorschrijven van corrigerende bril, contactlenzen en andere hulpmiddelen voor het zien, en het controleren van optische apparaten voor prestaties, veiligheid, comfort en levensstijl;0.36;
2267;optometrist;"Consulting with and referring patients to ophthalmologists or other health professionals if additional medical treatment is necessary;";Overleg met en doorverwijzing van patiënten naar oogartsen of andere gezondheidswerkers als aanvullende medische behandeling noodzakelijk is;0.265;
2267;optometrist;"Detecting and diagnosing eye movement disorders and defects of binocular function, and planning and managing treatment programmes, including counselling patients in eye exercises to coordinate movement and focusing of eyes;";Het opsporen en diagnosticeren van oogbewegingsstoornissen en defecten van de binoculaire functie, en het plannen en beheren van behandelingsprogramma's, inclusief het begeleiden van patiënten bij oogoefeningen om beweging en focus van ogen te coördineren;0.185;
2267;optometrist;"Examining patients' eyes and conducting diagnostic tests to assess ocular health and determine the nature and extent of vision problems and abnormalities;";Het onderzoeken van patiënten' ogen en het uitvoeren van diagnostische tests om de gezondheid van het oog te beoordelen en de aard en omvang van zichtproblemen en afwijkingen te bepalen;0.15;
2269;assistent-podoloog;"Evaluating and documenting patients' progress through treatment plans, and referring patients and families to medical doctors or other health care providers for specialized, rehabilitative or other care services as needed;";Het evalueren en documenteren van de voortgang van patiënten door middel van behandelplannen, en het verwijzen van patiënten en families naar artsen of andere zorgverleners voor gespecialiseerde, revalidatie- of andere zorgdiensten indien nodig;0.295;
2269;assistent-podoloog;"Recommending environmental adaptations in the home, leisure, work and school environments on an individual or group basis to enable individuals with functional limitations to perform their daily activities and occupations;";Het aanbevelen van milieu-aanpassingen in de woon-, vrijetijds-, werk- en schoolomgevingen op individuele of groepsbasis om personen met functionele beperkingen in staat te stellen hun dagelijkse activiteiten en beroepen uit te voeren;0.28;
2269;assistent-podoloog;"Administering therapeutic care and treatment to patients, including through application of manual and physical chiropractic and osteopathic techniques;";Het toedienen van therapeutische zorg en behandeling aan patiënten, onder meer door toepassing van handmatige en fysieke chiropractische en osteopathische technieken;0.1075;
2269;assistent-podoloog;Performing minor surgical procedures such as on the foot and ankles.;Het uitvoeren van kleine chirurgische ingrepen zoals aan de voet en enkels;0.0925;
2310;assistent-lector;"Administering, evaluating and marking examination papers and tests;";Het afnemen, beoordelen en beoordelen van tentamenstukken en toetsen;0.555;
2310;assistent-lector;"Preparing scholarly books, papers or articles;";Wetenschappelijke boeken, papers of artikelen voorbereiden;0.535;
2310;assistent-lector;"Supervising, where appropriate, experimental and practical work undertaken by students;";Toezicht houden op, in voorkomend geval, experimenteel en praktisch werk van studenten;0.275;
2310;assistent-lector;"Preparing and delivering lectures and conducting tutorials, seminars and laboratory experiments;";Het voorbereiden en geven van lezingen en het uitvoeren van tutorials, seminars en laboratoriumexperimenten;0.2325;
2320;instructeur beroepschauffeurs;"Preparing reports and maintaining records such as student grades, attendance rolls, and training activity details;";Het opstellen van rapporten en het bijhouden van verslagen zoals studiecijfers, aanwezigheidslijsten en trainingsactiviteiten;0.65;
2320;instructeur beroepschauffeurs;"Developing curricula and planning course content and methods of instruction;";Het ontwikkelen van curricula en het plannen van cursusinhoud en lesmethoden;0.435;
2320;instructeur beroepschauffeurs;"Providing individualized instruction and tutorial or remedial instruction;";Het verstrekken van geïndividualiseerde instructie en tutorial of herstel instructie;0.245;
2320;instructeur beroepschauffeurs;"Instructing and monitoring students in the use of tools, equipment and materials and the prevention of injury and damage;";Het instrueren en monitoren van studenten in het gebruik van gereedschappen, apparatuur en materialen en het voorkomen van letsel en schade;0.21;
2330;leerkracht aardrijkskunde voortgezet onderwijs;"Designing and modifying curricula and preparing educational courses of study in accordance with curriculum guidelines;";Het ontwerpen en aanpassen van onderwijsprogramma's en het voorbereiden van onderwijscursussen in overeenstemming met curriculumrichtlijnen;0.465;
2330;leerkracht aardrijkskunde voortgezet onderwijs;"Preparing, administering and marking tests, assignments and examinations to evaluate pupils' progress;";Het voorbereiden, beheren en markeren van tests, opdrachten en examens om de vorderingen van de leerlingen te evalueren;0.35;
2330;leerkracht aardrijkskunde voortgezet onderwijs;"Preparing materials and classrooms for class activities;";Materiaal en klaslokalen voorbereiden voor klasseactiviteiten;0.235;
2330;leerkracht aardrijkskunde voortgezet onderwijs;"Establishing and enforcing rules for behaviour and procedures for maintaining order among students;";Vaststellen en handhaven van gedragsregels en procedures voor ordehandhaving onder studenten;0.225;
2341;leraar basisonderwijs;"Preparing daily and longer term lesson plans in accordance with curriculum guidelines;";Het opstellen van dagelijkse en langetermijnleerplannen overeenkomstig de leerplannen;0.465;
2341;leraar basisonderwijs;"Assigning and grading class work and homework;";Klassenwerk en huiswerk toewijzen en beoordelen;0.3375;
2341;leraar basisonderwijs;"Supervising children during classes and at other times in the school day, including the playground during breaks;";Toezicht houden op kinderen tijdens lessen en op andere tijdstippen tijdens de schooldag, met inbegrip van de speeltuin tijdens de pauzes;0.1925;
2341;leraar basisonderwijs;"Maintaining discipline and good working habits in the classroom;";Behoud van discipline en goede werkgewoonten in de klas;0.16;
2342;leerkracht montessorionderwijs;"Planning and organizing individual and group activities designed to facilitate the development of children's motor skills, cooperative and social skills, confidence and understanding;";Het plannen en organiseren van individuele en groepsactiviteiten om de ontwikkeling van motorische vaardigheden van kinderen, coöperatieve en sociale vaardigheden, vertrouwen en begrip te vergemakkelijken;0.28;
2342;leerkracht montessorionderwijs;"Observing and assessing nutritional health, welfare and safety needs of students and identifying factors which may impede students' progress;";Het observeren en beoordelen van de voedingsbehoeften op het gebied van gezondheid, welzijn en veiligheid van studenten en het identificeren van factoren die de voortgang van studenten kunnen belemmeren;0.25;
2342;leerkracht montessorionderwijs;"Leading children in activities that provide opportunities for creative expression through the media of art, dramatic play, music and physical fitness;";Kinderen leiden in activiteiten die mogelijkheden bieden voor creatieve expressie door middel van kunst, dramatisch spel, muziek en fysieke fitheid;0.1775;
2342;leerkracht montessorionderwijs;"Guiding and assisting children in the development of proper eating, dressing and toilet habits;";Begeleiden en assisteren van kinderen bij het ontwikkelen van goede eet-, kleed- en toiletgewoonten;0.11;
2351;coördinator speciaal onderwijs;"Documenting subjects and courses developed, and evaluating new courses;";Het documenteren van ontwikkelde onderwerpen en cursussen, en het evalueren van nieuwe cursussen;0.5975;
2351;coördinator speciaal onderwijs;"Developing the structure, content and objectives of new educational courses and programmes;";Ontwikkelen van de structuur, inhoud en doelstellingen van nieuwe opleidingen en programma's;0.4975;
2351;coördinator speciaal onderwijs;"Visiting schools periodically and conferring with administrative and teaching staff on questions relating to curricula, teaching methods, equipment and other matters;";Regelmatig bezoeken aan scholen en met administratief en onderwijzend personeel overleg plegen over vraagstukken in verband met leerplannen, onderwijsmethoden, uitrusting en andere aangelegenheden;0.27;
2351;coördinator speciaal onderwijs;"Visiting classrooms to observe teaching techniques and to evaluate teachers performance, and scholastic results obtained;";Bezoeken van klaslokalen om onderwijstechnieken te observeren en de prestaties van leerkrachten te evalueren, en verkregen schoolresultaten;0.235;
2352;docent alfabetisering;"Preparing and maintaining student data and other records and submitting reports;";Het opstellen en bijhouden van studentengegevens en andere dossiers en het indienen van rapporten;0.565;
2352;docent alfabetisering;"Administering various forms of assessment and evaluating progress of each student;";Het beheren van verschillende vormen van beoordeling en het evalueren van de voortgang van elke student;0.335;
2352;docent alfabetisering;"Stimulating and developing students' confidence interests, abilities, manual skills and coordination;";Stimuleren en ontwikkelen van het vertrouwen van studenten, vaardigheden, manuele vaardigheden en coördinatie;0.23;
2352;docent alfabetisering;"Teaching academic subjects and practical and self-help skills to students with hearing, sight and other impairments;";Het onderwijzen van academische vakken en praktische en zelfhulpvaardigheden aan studenten met gehoor, zicht en andere handicaps;0.1875;
2353;leraar gebarentaal;"Assigning and correcting work, and preparing and grading exams;";Het toewijzen en corrigeren van werk, en het voorbereiden en beoordelen van examens;0.515;
2353;leraar gebarentaal;"Designing and producing teaching materials and adapting existing materials;";Ontwerpen en produceren van lesmateriaal en aanpassen van bestaand materiaal;0.5;
2353;leraar gebarentaal;"Planning, preparing and delivering lessons and workshops for groups and individuals with content and rate of progression adapted to students' abilities and needs;";Het plannen, voorbereiden en verzorgen van lessen en workshops voor groepen en individuen met inhoud en snelheid van progressie aangepast aan de vaardigheden en behoeften van studenten;0.255;
2353;leraar gebarentaal;"Assisting students in classroom settings where subjects are taught in a language other than the students' native language;";Studenten helpen in klaslokalen waar vakken worden gegeven in een andere taal dan de moedertaal van de studenten;0.235;
2354;muziekleraar;"Revising curricula, course content, course materials and methods of instruction;";Herziening van leerplannen, cursusinhoud, cursusmateriaal en instructiemethoden;0.56;
2354;muziekleraar;"Arranging visits and tours to musical performances;";Het regelen van bezoeken en rondleidingen naar muziekuitvoeringen;0.45;
2354;muziekleraar;"Assessing the students' level of ability and determining needs and learning goals;";Het beoordelen van het vaardigheidsniveau van de leerlingen' en het bepalen van behoeften en leerdoelen;0.2675;
2354;muziekleraar;"Instructing and demonstrating practical aspects of singing or of playing a particular instrument;";Het instrueren en demonstreren van praktische aspecten van het zingen of het bespelen van een bepaald instrument;0.235;
2355;educatief medewerker;"Preparing and presenting material on the theory of the subject area being studied;";Het voorbereiden en presenteren van materiaal over de theorie van het bestudeerde onderwerp;0.495;
2355;educatief medewerker;"Revising curricula, course content, course materials and methods of instruction;";Herziening van leerplannen, cursusinhoud, cursusmateriaal en instructiemethoden;0.49;
2355;educatief medewerker;"Assessing students and offering advice, criticism and encouragement;";Het beoordelen van studenten en het geven van advies, kritiek en aanmoediging;0.265;
2355;educatief medewerker;"Instructing and demonstrating practical aspects of drama, dance, visual or other arts;";Het instrueren en demonstreren van praktische aspecten van drama, dans, beeldende of andere kunsten;0.1875;
2356;ict trainer;Keeping up-to-date with new product version releases, advances in software, and general information technology trends, writing end user products and materials such as user training, tutorial and instruction manuals, online help, and operating and maintenance instructions.;Op de hoogte blijven van nieuwe productversies, ontwikkelingen in software en algemene trends op het gebied van informatietechnologie, het schrijven van producten en materialen voor eindgebruikers, zoals gebruikerstraining, zelfstudie- en instructiehandleidingen, online hulp en bedienings- en onderhoudsinstructies;0.585;
2356;ict trainer;"Gathering, investigating and researching background materials to gain a full understanding of the subject matter and systems;";Verzamelen, onderzoeken en onderzoeken van achtergrondmateriaal om een volledig begrip te krijgen van het onderwerp en de systemen;0.56;
2356;ict trainer;"Monitoring and performing ongoing evaluation and assessment of training quality and effectiveness, and reviewing and modifying training objectives, methods and course deliverables;";Het monitoren en uitvoeren van voortdurende evaluatie en beoordeling van de kwaliteit en effectiviteit van de training, en het beoordelen en aanpassen van trainingsdoelstellingen, methoden en cursusresultaten;0.37;
2356;ict trainer;"Designing, coordinating, scheduling and conducting training and development programmes that can be delivered in the form of individual and group instruction, and facilitating workshops meetings; demonstrations and conferences;";"Het ontwerpen, coördineren, plannen en uitvoeren van opleidings- en ontwikkelingsprogramma's die kunnen worden gegeven in de vorm van individuele en groepslessen, en het faciliteren van workshopbijeenkomsten; demonstraties en conferenties";0.36;
2359;beoordelaar van eerdere leerervaring;Revising curricula, course content, course materials and methods of instruction;Herziening van leerplannen, inhoud van cursussen, cursusmateriaal en instructiemethoden;0.525;
2359;beoordelaar van eerdere leerervaring;"Preparing and presenting material on the theory of the subject area being studied;";Het voorbereiden en presenteren van materiaal over de theorie van het bestudeerde onderwerp;0.495;
2359;beoordelaar van eerdere leerervaring;"Instructing and demonstrating practical aspects of the subject area being studied;";Instrueren en demonstreren van praktische aspecten van het vakgebied dat wordt bestudeerd;0.26;
2359;beoordelaar van eerdere leerervaring;In such cases tasks performed would include -;In dergelijke gevallen omvatten de uitgevoerde taken -;0.15;
2411;accountant;"Preparing and certifying financial statements for presentation to management, shareholders and statutory or other bodies;";Het opstellen en certificeren van financiële overzichten voor presentatie aan het management, aandeelhouders en wettelijke of andere organen;0.65;
2411;accountant;Devising and controlling a system to determine unit cost of products and services.;Het ontwerpen en beheren van een systeem om de eenheidskosten van producten en diensten te bepalen;0.6;
2411;accountant;"Auditing accounts and bookkeeping records;";Accountantscontrole en boekhouding;0.4335;
2411;accountant;"Conducting financial investigations in such matters as suspected fraud, insolvency and bankruptcy;";Het verrichten van financieel onderzoek in zaken als vermoede fraude, insolventie en faillissement;0.415;
2412;adviseur zakenbank;"Arranging to buy and sell stocks and bonds for clients;";Het regelen van het kopen en verkopen van aandelen en obligaties voor klanten;0.6625;
2412;adviseur zakenbank;Recommending and arranging insurance cover for clients.;Aanbevelen en afgebakend verzekering voor cliënten;0.65;
2412;adviseur zakenbank;"Setting financial objectives, and developing and implementing strategies for achieving the financial objectives;";Vaststelling van financiële doelstellingen en ontwikkeling en uitvoering van strategieën om de financiële doelstellingen te verwezenlijken;0.4925;
2412;adviseur zakenbank;"Building and maintaining a client base;";Opbouwen en onderhouden van een klantenbestand;0.385;
2413;aandelenanalist;Presenting oral and written reports on general economic trends, individual corporations, and entire industries.;Het presenteren van mondelinge en schriftelijke rapporten over algemene economische trends, individuele bedrijven en hele industrieën;0.675;
2413;aandelenanalist;"Analysing financial information to produce forecasts of business, industry, and economic conditions for use in making investment decisions;";Het analyseren van financiële informatie om voorspellingen van het bedrijfsleven, de industrie en de economische omstandigheden te produceren voor gebruik bij het nemen van investeringsbeslissingen;0.645;
2413;aandelenanalist;"Interpreting data affecting investment programmes, such as price, yield, stability, future trends in investment risks and economic influences;";Interpretatie van gegevens die van invloed zijn op beleggingsprogramma's, zoals prijs, rendement, stabiliteit, toekomstige trends in beleggingsrisico's en economische invloeden;0.62;
2413;aandelenanalist;"Maintaining knowledge and staying abreast of developments in the fields of industrial technology, business, finance, and economic theory;";Kennis onderhouden en op de hoogte blijven van ontwikkelingen op het gebied van industriële technologie, business, finance en economische theorie;0.46;
2421;BIM-architect;"Assisting in implementing approved recommendations, issuing revised instructions and procedure manuals, and drafting other documentation;";Assisteren bij het implementeren van goedgekeurde aanbevelingen, het uitgeven van herziene instructies en procedurehandleidingen en het opstellen van andere documentatie;0.615;
2421;BIM-architect;"Recording and analysing organizations' workflow charts, records, reports, manuals and job descriptions;";Het vastleggen en analyseren van de workflowdiagrammen, verslagen, rapporten, handleidingen en functiebeschrijvingen van organisaties;0.585;
2421;BIM-architect;"Assisting and encouraging the development of objectives, strategies and plans aimed at achieving customer satisfaction and the efficient use of organizations' resources;";Het ondersteunen en stimuleren van de ontwikkeling van doelstellingen, strategieën en plannen gericht op het bereiken van klanttevredenheid en efficiënt gebruik van middelen van organisaties;0.385;
2421;BIM-architect;"Discussing current systems with staff and observing systems at all levels of organization;";Het bespreken van huidige systemen met personeel en het observeren van systemen op alle organisatieniveaus;0.285;
2422;administratief medewerker openbaar bestuur;"Researching social, economic and industrial trends, and client expectations of programmes and services provided;";Onderzoek naar sociale, economische en industriële trends en de verwachtingen van de klant van de aangeboden programma's en diensten;0.5;
2422;administratief medewerker openbaar bestuur;"Formulating and analysing policy options, preparing briefing papers and recommendations for policy changes, and advising on preferred options;";Formuleren en analyseren van beleidsopties, opstellen van briefingdocumenten en aanbevelingen voor beleidswijzigingen en adviseren over voorkeursopties;0.44;
2422;administratief medewerker openbaar bestuur;"Assessing impacts, financial implications, interactions with other programmes and political and administrative feasibility of policies;";Het beoordelen van effecten, financiële implicaties, interacties met andere programma's en politieke en administratieve haalbaarheid van beleid;0.39;
2422;administratief medewerker openbaar bestuur;"Liaising and consulting with programme administrators and other interested parties to identify policy needs;";Contact onderhouden en overleggen met programmabeheerders en andere belanghebbende partijen om beleidsbehoeften vast te stellen;0.31;
2423;adviseur beroepsoriëntatie;"Studying and analysing jobs performed in an establishment by various means, including interviews with workers, supervisors and management, and writing detailed position, job or occupation descriptions from information obtained;";Primering en analyse van in een instelling met verschillende middelen uitgevoerde taken, met inbegrip van interviews met werknemers, toezichthouders en leidinggevenden, en het schrijven van gedetailleerde functie-, functie- of beroepsbeschrijvingen uit verkregen informatie;0.53;
2423;adviseur beroepsoriëntatie;"Preparing occupational information or working on occupational classification systems;";Het voorbereiden van beroepsinformatie of het werken aan beroepsclassificatiesystemen;0.505;
2423;adviseur beroepsoriëntatie;"Advising on and performing personnel functions relating to employee recruitment, placement, training, promotion, compensation, and employee-management relations or other areas of personnel policy;";Adviseren over en uitvoeren van personeelsfuncties met betrekking tot werving, plaatsing, training, promotie, beloning en relaties tussen werknemers en management of andere gebieden van personeelsbeleid;0.39;
2423;adviseur beroepsoriëntatie;"Advising and working on the foregoing and other aspects of job and occupational analysis in such fields as personnel administration, workforce research and planning, training or occupational information and vocational guidance;";Adviseren en werken aan het voorgaande en andere aspecten van functie- en beroepsanalyse op gebieden als personeelsadministratie, personeelsonderzoek en -planning, opleiding of beroepsvoorlichting en beroepskeuzevoorlichting;0.385;
2424;business coach;Gathering, investigating and researching background materials to gain an understanding of various subject matters and systems.;Verzamelen, onderzoeken en onderzoeken van achtergrondmateriaal om inzicht te krijgen in verschillende onderwerpen en systemen;0.605;
2424;business coach;"Preparing and developing instructional training material and aids such as handbooks, visual aids, online tutorials, demonstration models and supporting training reference documentation;";Het voorbereiden en ontwikkelen van instructiemateriaal en hulpmiddelen zoals handboeken, visuele hulpmiddelen, online tutorials, demonstratiemodellen en ondersteunende referentiedocumentatie voor opleidingen;0.485;
2424;business coach;"Identifying training needs and requirements of individuals and organizations;";Het identificeren van opleidingsbehoeften en -vereisten van individuen en organisaties;0.35;
2424;business coach;"Monitoring and performing ongoing evaluation and assessment of internal and external training quality and effectiveness, and reviewing and modifying training objectives, methods and course deliverables;";Het monitoren en uitvoeren van doorlopende evaluatie en beoordeling van interne en externe trainingskwaliteit en -effectiviteit, en het beoordelen en aanpassen van trainingsdoelstellingen, methoden en cursusresultaten;0.35;
2431;brand manager;"Writing advertising copy and media scripts, and arranging television and film production and media placement;";Het schrijven van reclamekopieer- en mediascripts en het regelen van televisie- en filmproductie en mediaplaatsing;0.665;
2431;brand manager;"Collecting and analysing data regarding consumer patterns and preferences;";Verzamelen en analyseren van gegevens over consumentenpatronen en -voorkeuren;0.65;
2431;brand manager;"Advising managers and clients on strategies and campaigns to reach target markets, creating consumer awareness and effectively promoting the attributes of goods and services;";Het adviseren van managers en klanten over strategieën en campagnes om doelmarkten te bereiken, het creëren van consumentenbewustzijn en het effectief promoten van de kenmerken van goederen en diensten;0.465;
2431;brand manager;Advising on all elements of marketing such as product mix, pricing, advertising and sales promotion, selling and distribution channels.;Adviseren over alle elementen van marketing zoals productmix, prijsstelling, reclame en verkoopbevordering, verkoop- en distributiekanalen;0.4375;
2432;campagneleider;"Undertaking and commissioning public opinion research, analysing the findings and planning public relations and promotional campaigns;";Onderzoek van de publieke opinie uitvoeren en in opdracht geven, de bevindingen analyseren en public relations en promotiecampagnes plannen;0.585;
2432;campagneleider;"Advising executives on the public relations implications of their policies, programmes and practices preparing and controlling the issue of news and press releases;";Adviseren van leidinggevenden over de implicaties voor public relations van hun beleid, programma's en praktijken bij het voorbereiden en controleren van de uitgifte van nieuws en persberichten;0.485;
2432;campagneleider;"Organizing special events, seminars, entertainment, competitions and social functions to promote goodwill and favourable publicity;";Het organiseren van speciale evenementen, seminars, entertainment, wedstrijden en sociale functies om goodwill en gunstige publiciteit te bevorderen;0.3325;
2432;campagneleider;"Attending business, social and other functions to promote the organization;";Het bijwonen van zakelijke, sociale en andere functies om de organisatie te promoten;0.33;
2433;artsenbezoeker;"Acquiring and updating knowledge of employers' and competitors' goods and services, and market conditions;";Het verwerven en actualiseren van kennis van werkgevers' en concurrenten' goederen en diensten, en marktomstandigheden;0.66;
2433;artsenbezoeker;"Compiling lists of prospective client businesses using directories and other sources;";Het samenstellen van lijsten van potentiële klantenbedrijven met behulp van directory's en andere bronnen;0.65;
2433;artsenbezoeker;"Visiting regular and prospective client businesses to establish and act on selling opportunities;";Regelmatig en prospectief klantenbedrijf bezoeken om verkoopmogelijkheden op te zetten en te benutten;0.3625;
2433;artsenbezoeker;"Estimating costs of installing and maintaining equipment or service;";Schatting van de kosten van installatie en onderhoud van apparatuur of service;0.35;
2434;Ict account manager;"Updating customer records and preparing sales reports;";Het bijwerken van klantgegevens en het opstellen van verkoopverslagen;0.65;
2434;Ict account manager;Reporting customers' reactions and requirements to manufacturers.;De reacties en eisen van klanten rapporteren aan fabrikanten;0.62;
2434;Ict account manager;"Selling technical equipment, supplies and related services to business establishments or individuals;";De verkoop van technische apparatuur, leveringen en aanverwante diensten aan bedrijven of particulieren;0.45;
2434;Ict account manager;"Arranging delivery of goods, installation of equipment and the provision of services;";Het regelen van de levering van goederen, installatie van apparatuur en het verlenen van diensten;0.4;
2511;architect blockchain;"Developing functional specifications for use by systems developers;";Het ontwikkelen van functionele specificaties voor gebruik door systeemontwikkelaars;0.5625;
2511;architect blockchain;Coordinating and linking the computer systems within an organization to increase compatibility.;Coördineren en koppelen van de computersystemen binnen een organisatie om de compatibiliteit te vergroten;0.5475;
2511;architect blockchain;"Taking responsibility for deploying functional solutions, such as creating, adopting and implementing system test plans;";Verantwoordelijkheid nemen voor het inzetten van functionele oplossingen, zoals het opstellen, goedkeuren en uitvoeren van systeemtestplannen;0.45;
2511;architect blockchain;"Expanding or modifying systems to improve workflow or serve new purposes;";Uitbreiden of aanpassen van systemen om de workflow te verbeteren of nieuwe doeleinden te dienen;0.435;
2512;cloud DevOps-ingenieur;"Developing and directing software testing and validation procedures;";Ontwikkelen en aansturen van software test- en validatieprocedures;0.655;
2512;cloud DevOps-ingenieur;"Researching, analysing and evaluating requirements for software applications and operating systems;";Het onderzoeken, analyseren en evalueren van eisen voor softwaretoepassingen en besturingssystemen;0.605;
2512;cloud DevOps-ingenieur;"Consulting with engineering staff to evaluate interfaces between hardware and software;";Overleg met technisch personeel om interfaces tussen hardware en software te evalueren;0.4525;
2512;cloud DevOps-ingenieur;Consulting with customers concerning maintenance of software system.;Overleg met klanten over onderhoud van softwaresysteem;0.45;
2513;digital games developer;"Designing, developing and integrating computer code with other specialised inputs, such as image files, audio files and scripting languages, to produce, maintain and support web sites;";Het ontwerpen, ontwikkelen en integreren van computercode met andere gespecialiseerde invoer, zoals beeldbestanden, audiobestanden en scripttalen, om websites te produceren, te onderhouden en te ondersteunen;0.6675;
2513;digital games developer;"Designing and developing digital animations, imaging, presentations, games, audio and video clips, and Internet applications using multimedia software, tools and utilities, interactive graphics and programming languages;";Het ontwerpen en ontwikkelen van digitale animaties, beeldvorming, presentaties, games, audio- en videoclips en internettoepassingen met behulp van multimediasoftware, hulpmiddelen en hulpprogramma's, interactieve grafische afbeeldingen en programmeertalen;0.66;
2513;digital games developer;Assisting in analysing, specifying and developing Internet strategies, web-based methodologies and development plans.;Assisteren bij het analyseren, specificeren en ontwikkelen van internetstrategieën, webgebaseerde methodologieën en ontwikkelingsplannen;0.565;
2513;digital games developer;"Communicating with network specialists regarding web-related issues, such as security and hosting web sites, to control and enforce Internet and web server security, space allocation, user access, business continuity, web site backup and disaster recovery planning;";Communiceren met netwerkspecialisten over webgerelateerde kwesties, zoals beveiliging en hosting van websites, om internet- en webserverbeveiliging, ruimtetoewijzing, gebruikerstoegang, bedrijfscontinuïteit, websiteback-up en noodherstelplanning te controleren en af te dwingen;0.48;
2514;CNC-programmeur;"Writing and maintaining programme code outlined in instructions and specifications in accordance with quality accredited standards;";Het schrijven en onderhouden van programmacode in instructies en specificaties overeenkomstig kwaliteitsnormen;0.685;
2514;CNC-programmeur;"Compiling and writing documentation of programme development;";Opstellen en schrijven van documentatie van programma-ontwikkeling;0.615;
2514;CNC-programmeur;"Conducting trial runs of programmes and software applications to confirm that they will produce the desired information;";Het uitvoeren van proefruns van programma's en softwareapplicaties om te bevestigen dat ze de gewenste informatie zullen produceren;0.535;
2514;CNC-programmeur;Identifying and communicating technical problems, processes and solutions.;Het identificeren en communiceren van technische problemen, processen en oplossingen;0.465;
2519;analist ict-noodherstel;Developing and implementing software and information system testing policies, procedures and scripts.;Ontwikkelen en implementeren van beleid, procedures en scripts voor het testen van software en informatiesystemen;0.6775;
2519;analist ict-noodherstel;"Developing and documenting software testing plans;";Ontwikkelen en documenteren van software testplannen;0.665;
2519;analist ict-noodherstel;"Verifying that programmes function according to user requirements and established guidelines;";Controleren of de programma's functioneren volgens gebruikersvereisten en vastgestelde richtsnoeren;0.396;
2519;analist ict-noodherstel;"Installing software and hardware and configuring operating system software in preparation for testing;";Het installeren van software en hardware en het configureren van besturingssysteemsoftware ter voorbereiding op het testen;0.35;
2521;data warehouse designer;"Designing, constructing, modifying, integrating, implementing and testing database management systems;";Ontwerpen, construeren, aanpassen, integreren, implementeren en testen van databasemanagementsystemen;0.665;
2521;data warehouse designer;"Designing and developing database architecture, data structures, tables, dictionaries and naming conventions for information systems projects;";Ontwerpen en ontwikkelen van database architectuur, datastructuren, tabellen, woordenboeken en naamgevingsconventies voor informatiesystemen projecten;0.625;
2521;data warehouse designer;"Developing and implementing data administration policy, documentation, standards and models;";Ontwikkelen en implementeren van databeheerbeleid, documentatie, standaarden en modellen;0.53;
2521;data warehouse designer;Performing the operational establishment and preventive maintenance of backups, recovery procedures, and enforcing security and integrity controls.;Het uitvoeren van de operationele oprichting en preventief onderhoud van back-ups, herstelprocedures en het afdwingen van beveiligings- en integriteitscontroles;0.435;
2522;ict network administrator;"Recommending changes to improve systems and network configurations, and determining hardware or software requirements related to such changes;";Het aanbevelen van wijzigingen om systemen en netwerkconfiguraties te verbeteren en het bepalen van hardware- of softwarevereisten in verband met dergelijke wijzigingen;0.61;
2522;ict network administrator;"Maintaining and administering computer networks and related computing environments including computer hardware, systems software, applications software and all configurations;";Het onderhouden en beheren van computernetwerken en aanverwante computeromgevingen, waaronder computerhardware, systeemsoftware, applicatiesoftware en alle configuraties;0.585;
2522;ict network administrator;"Performing data backups and disaster recovery operations;";Het uitvoeren van back-ups van gegevens en rampenhersteloperaties;0.575;
2522;ict network administrator;"Diagnosing hardware and software problems;";Diagnose van hardware- en softwareproblemen;0.475;
2523;ict capaciteitsplanner;"Analysing, developing, interpreting and evaluating complex system design and architecture specifications, data models and diagrams in the development, configuration and integration of computer systems;";Analyseren, ontwikkelen, interpreteren en evalueren van complexe systeemontwerp- en architectuurspecificaties, datamodellen en diagrammen bij de ontwikkeling, configuratie en integratie van computersystemen;0.585;
2523;ict capaciteitsplanner;"Assessing and recommending improvements to network operations and integrated hardware, software, communications and operating systems;";Het beoordelen en aanbevelen van verbeteringen aan netwerkactiviteiten en geïntegreerde hardware, software, communicatie en besturingssystemen;0.565;
2523;ict capaciteitsplanner;"Installing, configuring, testing, maintaining and administering new and upgraded networks, software database applications, servers and workstations;";Installeren, configureren, testen, onderhouden en administreren van nieuwe en gemoderniseerde netwerken, softwaredatabasetoepassingen, servers en werkstations;0.45;
2523;ict capaciteitsplanner;"Providing specialist skills in supporting and troubleshooting network problems and emergencies;";Gespecialiseerde vaardigheden bieden bij het ondersteunen en oplossen van netwerkproblemen en noodsituaties;0.435;
2529;beveiligingsingenieur embedded systems;"Monitoring current reports of computer viruses to determine when to update virus protection systems;";Het monitoren van actuele meldingen van computervirussen om te bepalen wanneer virusbeschermingssystemen moeten worden bijgewerkt;0.6;
2529;beveiligingsingenieur embedded systems;"Developing plans to safeguard computer files against accidental or unauthorized modification, destruction or disclosure and to meet emergency data processing needs;";Plannen ontwikkelen om computerbestanden te beschermen tegen onbedoelde of ongeoorloofde wijziging, vernietiging of openbaarmaking en om te voldoen aan de behoeften aan gegevensverwerking in noodgevallen;0.53;
2529;beveiligingsingenieur embedded systems;"Monitoring use of data files and regulate access to safeguard information in computer files;";Toezicht houden op het gebruik van gegevensbestanden en de toegang regelen om informatie in computerbestanden te beveiligen;0.44;
2529;beveiligingsingenieur embedded systems;Encrypting data transmissions and erecting firewalls to conceal confidential information as it is being transmitted and to keep out tainted digital transfers.;Het versleutelen van gegevensoverdrachten en het opzetten van firewalls om vertrouwelijke informatie te verbergen terwijl deze wordt verzonden en om besmette digitale overdrachten buiten te houden;0.415;
2611;advocaat;"Evaluating findings and develop strategies and arguments in preparation for presentation of cases;";Evalueren van bevindingen en ontwikkelen van strategieën en argumenten ter voorbereiding op het presenteren van cases;0.565;
2611;advocaat;Drawing up legal documents such as contracts, real estate transactions and wills and preparing statements of legal opinions.;Het opstellen van juridische documenten zoals contracten, vastgoedtransacties en testamenten en het opstellen van verklaringen van juridische adviezen;0.46;
2611;advocaat;"Pleading clients' cases before courts of law, tribunals and administrative boards or instructing barristers to plead in higher courts of justice;";Het aanhangig maken van zaken van cliënten bij gerechtshoven, rechtbanken en bestuursorganen of het opdragen van advocaten om te pleiten bij hogere gerechtshoven;0.3;
2611;advocaat;"Acting as prosecutor on behalf of the Government;";Optreden als openbaar aanklager namens de overheid;0.25;
2612;rechter;Researching legal issues and writing opinions on the issues.;Het onderzoeken van juridische kwesties en het schrijven van adviezen over de kwesties;0.4125;
2612;rechter;"Determining the rights and obligations of the parties involved, and, in cases tried by jury;";Het bepalen van de rechten en plichten van de betrokken partijen, en, in zaken die door de jury worden berecht;0.355;
2612;rechter;"Passing sentence on persons convicted in criminal cases, determining damages or other appropriate remedy in civil cases and issuing court orders;";Het uitspreken van vonnissen tegen personen die in strafzaken zijn veroordeeld, het vaststellen van schadevergoedingen of andere passende rechtsmiddelen in civiele zaken en het uitvaardigen van gerechtelijke bevelen;0.265;
2612;rechter;"Presiding over trials and hearings;";Voorzitter zijn bijgedragen aan de processen en hoorzittingen;0.15;
2619;bemiddelaar;"Arranging property transfers;";Het regelen van eigendomsoverdrachten;0.4475;
2619;bemiddelaar;"Giving advice on legal aspects of various personal, business and administrative problems;";Adviseren over juridische aspecten van diverse persoonlijke, zakelijke en administratieve problemen;0.4;
2619;bemiddelaar;"Drawing up legal documents and contracts;";Opstellen van juridische documenten en contracten;0.4;
2619;bemiddelaar;Determining, by inquest, the causes of any death not obviously due to natural causes.;Het bepalen, door onderzoek, van de oorzaken van elke dood die niet duidelijk te wijten zijn aan natuurlijke oorzaken;0.244;
2621;archivaris;"Planning and implementing the computerized management of archives and electronic records;";Planning en uitvoering van het geautomatiseerd beheer van archieven en elektronische dossiers;0.665;
2621;archivaris;"Evaluating and preserving records for administrative, historical, legal, evidential and other purposes;";Het evalueren en bewaren van gegevens voor administratieve, historische, juridische, bewijskrachtige en andere doeleinden;0.585;
2621;archivaris;"Directing or undertaking classification and cataloguing of museum and art gallery collections and organizing exhibitions;";Regisseren of uitvoeren van classificatie en catalogisering van museum- en kunstgaleriecollecties en het organiseren van tentoonstellingen;0.345;
2621;archivaris;"Organizing, developing and maintaining collections of artistic, cultural, scientific or historically significant items;";Het organiseren, ontwikkelen en onderhouden van collecties van artistieke, culturele, wetenschappelijke of historisch belangrijke items;0.315;
2622;bibliothecaris;"Devising and implementing schemes and conceptual models for the storage, organization, classification and retrieval of information;";Ontwerpen en implementeren van schema's en conceptuele modellen voor het opslaan, organiseren, classificeren en opvragen van informatie;0.615;
2622;bibliothecaris;Performing manual, on-line and interactive media reference searches, making interlibrary loans and performing other functions to assist users in accessing library materials.;Het uitvoeren van handmatige, online en interactieve zoekopdrachten naar mediareferenties, het maken van interbibliothecaire leningen en het uitvoeren van andere functies om gebruikers te helpen bij het verkrijgen van toegang tot bibliotheekmateriaal;0.615;
2622;bibliothecaris;"Selecting and recommending acquisitions of books and other printed or audiovisually and digitally recorded material;";Het selecteren en aanbevelen van aankopen van boeken en ander gedrukt of audiovisueel en digitaal opgenomen materiaal;0.5125;
2622;bibliothecaris;"Managing library borrowing and interlibrary loan facilities and information networks;";Beheer van uitleen- en interbibliothecaire leenfaciliteiten en informatienetwerken;0.5025;
2631;analist fiscaal beleid;"Analysing factors that determine labour force participation, employment, wages, unemployment and other labour market outcomes;";Het analyseren van factoren die de arbeidsparticipatie, werkgelegenheid, lonen, mensen zonder werk en andere arbeidsmarktresultaten bepalen;0.65;
2631;analist fiscaal beleid;"Compiling, analysing and interpreting economic data using economic theory and a variety of statistical and other techniques;";Het samenstellen, analyseren en interpreteren van economische gegevens met behulp van economische theorie en een verscheidenheid aan statistische en andere technieken;0.6425;
2631;analist fiscaal beleid;"Forecasting changes in the economic environment for short-term budgeting, long-term planning and investment evaluation;";Het voorspellen van veranderingen in de economische omgeving voor kortetermijnbudgettering, langetermijnplanning en investeringsevaluatie;0.465;
2631;analist fiscaal beleid;Conducting research on market conditions in local, regional or national areas to set sales and pricing levels for goods and services, to assess market potential and future trends and to develop business strategies.;Het uitvoeren van onderzoek naar marktomstandigheden in lokale, regionale of nationale gebieden om verkoop- en prijsniveaus voor goederen en diensten vast te stellen, om marktpotentieel en toekomstige trends te beoordelen en om bedrijfsstrategieën te ontwikkelen;0.35;
2632;antropoloog;"Analysing and evaluating social data;";Analyseren en evalueren van sociale data;0.615;
2632;antropoloog;"Advising on the practical application of findings in the formulation of economic and social policies for population groups and regions, and for the development of markets;";Adviseren over de praktische toepassing van bevindingen bij het formuleren van economisch en sociaal beleid voor bevolkingsgroepen en regio's, en voor de ontwikkeling van markten;0.56;
2632;antropoloog;"Evaluating the outcome of political decisions concerning social policy;";Het evalueren van de uitkomst van politieke besluiten op het gebied van sociaal beleid;0.3725;
2632;antropoloog;"Tracing the development of humanity through the material remains of its past, such as dwellings, temples, tools, pottery, coins, weapons or sculpture;";Het opsporen van de ontwikkeling van de mensheid door de materiële resten van haar verleden, zoals woningen, tempels, gereedschap, aardewerk, munten, wapens of beeldhouwwerken;0.2125;
2633;filosoof;"Extracting relevant material, checking its authenticity, and researching into and describing the history of a particular period, country or region, or a particular facet - for example economic, social or political - of its history;";Het extraheren van relevant materiaal, het controleren van de authenticiteit ervan en het onderzoeken en beschrijven van de geschiedenis van een bepaalde periode, land of regio, of een bepaald facet - bijvoorbeeld economisch, sociaal of politiek - van zijn geschiedenis;0.535;
2633;filosoof;"Presenting findings and conclusions for publication or use by government, political parties or other organizations and interested persons;";Het presenteren van bevindingen en conclusies voor publicatie of gebruik door de overheid, politieke partijen of andere organisaties en belanghebbenden;0.535;
2633;filosoof;"Developing theories, models and methods to interpret and describe the nature of human experience and historical and political events and behaviour;";Het ontwikkelen van theorieën, modellen en methoden om de aard van de menselijke ervaring en historische en politieke gebeurtenissen en gedrag te interpreteren en te beschrijven;0.415;
2633;filosoof;"Researching, mostly by reasoning, into the general causes, principles and meanings of the world, human actions, experience and existence, and interpreting and developing philosophical concepts and theories;";Onderzoek naar de algemene oorzaken, beginselen en betekenissen van de wereld, menselijke acties, ervaring en bestaan, en interpretatie en ontwikkeling van filosofische concepten en theorieën;0.365;
2634;gezondheidszorgpsycholoog;"Conducting surveys and research studies on job design, work groups, morale, motivation, supervision and management;";Het uitvoeren van enquêtes en onderzoeken naar job design, werkgroepen, moraal, motivatie, supervisie en management;0.68;
2634;gezondheidszorgpsycholoog;"Preparing scholarly papers and reports;";Wetenschappelijke papers en rapporten opstellen;0.54;
2634;gezondheidszorgpsycholoog;"Conducting counselling or therapeutic interviews with individuals and groups, and providing follow-up services;";Het voeren van counseling- of therapeutische gesprekken met individuen en groepen, en het verlenen van vervolgdiensten;0.285;
2634;gezondheidszorgpsycholoog;"Maintaining required contacts, such as those with family members, educational authorities or employers, and recommending possible solutions to, and treatment of, problems;";Het onderhouden van vereiste contacten, zoals die met familieleden, onderwijsautoriteiten of werkgevers, en het aanbevelen van mogelijke oplossingen voor en behandeling van problemen;0.26;
2635;bedrijfsmaatschappelijk werker;"Compiling case records or reports for courts and other legal proceedings;";Het samenstellen van processtukken of rapporten voor rechtbanken en andere gerechtelijke procedures;0.455;
2635;bedrijfsmaatschappelijk werker;"Analysing the client's situation and presenting alternative approaches to resolving problems;";Het analyseren van de situatie van de cliënt en het presenteren van alternatieve benaderingen om problemen op te lossen;0.435;
2635;bedrijfsmaatschappelijk werker;"Providing advice to prison governors and to probation and parole review boards that helps determine whether, and under what conditions, an offender should be incarcerated, released from prison or undergo alternative correctional measures;";Het verstrekken van advies aan gouverneurs van gevangenissen en aan reclasserings- en reclasseringscommissies die helpen te bepalen of en onder welke voorwaarden een dader moet worden opgesloten, vrijgelaten uit de gevangenis of alternatieve corrigerende maatregelen moet ondergaan;0.17;
2635;bedrijfsmaatschappelijk werker;"Investigating cases of abuse or neglect and taking action to protect children and other at risk persons;";Het onderzoeken van gevallen van misbruik of verwaarlozing en het ondernemen van actie om kinderen en andere risicopersonen te beschermen;0.135;
2636;geestelijk verzorger;Scheduling and participating in special events such as camps, conferences, seminars, and retreats.;Planning en deelname aan speciale evenementen zoals kampen, conferenties, seminars en retraites;0.3875;
2636;geestelijk verzorger;"Counselling individuals regarding interpersonal, health, financial, and religious problems;";Begeleiding van personen met betrekking tot interpersoonlijke, gezondheids-, financiële en religieuze problemen;0.27;
2636;geestelijk verzorger;"Conducting religious services, rites and ceremonies;";Het houden van religieuze diensten, riten en ceremonies;0.056;
2636;geestelijk verzorger;"Perpetuating sacred traditions, practices and beliefs;";Permanente heilige tradities, praktijken en overtuigingen;0.0525;
2641;dramaturg;Selecting material for publication, checking style, grammar and accuracy of content, arranging for any necessary revisions and checks proof copies before printing.;Het selecteren van materiaal voor publicatie, controle stijl, grammatica en nauwkeurigheid van de inhoud, het regelen van eventuele noodzakelijke herzieningen en controleer bewijs kopieën voor het afdrukken;0.6625;
2641;dramaturg;"Analysing material, such as specifications, notes and drawings, and creating manuals, instructions for use, user guides and other documents to explain clearly and concisely the installation, operation and maintenance of software, electronic, mechanical and other equipment;";Het analyseren van materiaal, zoals specificaties, notities en tekeningen, en het maken van handleidingen, gebruiksaanwijzingen, gebruikershandleidingen en andere documenten om de installatie, bediening en onderhoud van software, elektronische, mechanische en andere apparatuur duidelijk en beknopt uit te leggen;0.625;
2641;dramaturg;"Conceiving, writing and editing novels, plays, scripts, poetry and other material for publication or presentation;";Het bedenken, schrijven en redigeren van romans, toneelstukken, scripts, poëzie en ander materiaal voor publicatie of presentatie;0.445;
2641;dramaturg;"Writing scripts and continuities and preparing programmes for stage, film, radio and television productions;";Schrijven van scripts en continuiteiten en het voorbereiden van programma's voor toneel-, film-, radio- en televisieproducties;0.43;
2642;amusementsjournalist;"Liaising with production staff in checking final proof copies immediately prior to printing;";Contact onderhouden met productiemedewerkers bij het controleren van definitieve proefexemplaren onmiddellijk voorafgaand aan het afdrukken;0.665;
2642;amusementsjournalist;"Receiving, analysing and verifying news and other copy for accuracy;";Het ontvangen, analyseren en verifiëren van nieuws en andere exemplaren voor nauwkeurigheid;0.6375;
2642;amusementsjournalist;"Writing critical reviews of literary, musical and other artistic works based on knowledge, judgement and experience for newspapers, television, radio and other media;";Het schrijven van kritische recensies van literaire, muzikale en andere artistieke werken op basis van kennis, oordeel en ervaring voor kranten, televisie, radio en andere media;0.42;
2642;amusementsjournalist;"Interviewing politicians and other public figures at press conferences and on other occasions, including individual interviews recorded for radio, television or webcast media;";Het interviewen van politici en andere publieke figuren op persconferenties en bij andere gelegenheden, waaronder individuele interviews opgenomen voor radio-, televisie- of webcastmedia;0.365;
2643;grafoloog;Revising and correcting translated material.;Herzien en corrigeren vertaald materiaal;0.7;
2643;grafoloog;"Developing methods for the use of computers and other instruments to improve productivity and quality of translation;";Het ontwikkelen van methoden voor het gebruik van computers en andere instrumenten om de productiviteit en kwaliteit van vertalingen te verbeteren;0.665;
2643;grafoloog;"Interpreting from a spoken or a signed language into another spoken or signed language , in particular at conferences, meetings and similar occasions, and ensuring that the correct meaning and, as far as possible, the spirit of the original are transmitted;";Tolken van een gesproken of een gebarentaal naar een andere gesproken of gebarentaal , met name op conferenties, vergaderingen en soortgelijke gelegenheden, en ervoor zorgen dat de juiste betekenis en, voor zover mogelijk, de geest van het origineel wordt overgedragen;0.535;
2643;grafoloog;"Studying relationships between ancient parent languages and modern language groups, tracing the origin and evolution of words, grammar and language forms, and presenting findings;";De/33atie van de betrekkingen tussen oude oudertalen en moderne taalgroepen, 2015/104ering van de oorsprong en evolutie van woorden, grammatica en taalvormen, en presentatie van bevindingen;0.4;
2651;beeldhouwer;"Arranging objects, positioning models, and selecting landscapes and other visual forms according to chosen subject matter;";Het rangschikken van objecten, het positioneren van modellen en het selecteren van landschappen en andere visuele vormen op basis van het gekozen onderwerp;0.255;
2651;beeldhouwer;"Creating cartoons to depict persons and events, often in caricature;";Het maken van cartoons om personen en gebeurtenissen weer te geven, vaak in karikatuur;0.255;
2651;beeldhouwer;"Creating drawings and engraving or etching them on metal, wood, or other materials;";Het maken van tekeningen en graveren of etsen op metaal, hout of andere materialen;0.15;
2651;beeldhouwer;"Creating representational or abstract three-dimensional or relief forms by shaping, carving and working and combining materials such as, wood, stone, clay, metal, ice or paper;";Het creëren van representatieve of abstracte driedimensionale of reliëfvormen door het vormen, snijden en bewerken en combineren van materialen zoals hout, steen, klei, metaal, ijs of papier;0.148;
2652;arrangeur muziek;"Translating ideas and concepts into standard musical signs and symbols for reproduction and performance;";Ideeën en concepten vertalen naar standaardmuziektekens en symbolen voor reproductie en performance;0.4325;
2652;arrangeur muziek;"Adapting or arranging music for particular instrumental or vocal groups, instruments or occasions;";Het aanpassen of arrangeren van muziek voor bepaalde instrumentale of vocale groepen, instrumenten of gelegenheden;0.35;
2652;arrangeur muziek;"Creating melodic, harmonic and rhythmic structures to express ideas and emotions in musical form;";Het creëren van melodische, harmonische en ritmische structuren om ideeën en emoties in muzikale vorm uit te drukken;0.22;
2652;arrangeur muziek;"Playing one or more musical instruments as a soloist or as a member of an orchestra or a musical group;";Een of meer muziekinstrumenten als solist of als lid van een orkest of een muzikale groep;0.1263;
2653;choreograaf;Coordinating the production music with the music directors.;Het afstemmen van de productie muziek met de muziekregisseurs;0.365;
2653;choreograaf;"Directing and participating in rehearsals to practice dance steps and techniques required for a performance;";Regisseren van en deelnemen aan repetities om danspassen en technieken te oefenen die nodig zijn voor een optreden;0.235;
2653;choreograaf;"Performing dances as a soloist, with a partner or as a member of a dancing group before live audiences or for film, television or other visual media;";Het uitvoeren van dansen als solist, met een partner of als lid van een dansgroep voor live publiek of voor film, televisie of andere visuele media;0.1225;
2653;choreograaf;"Training ,exercising and attending dance classes to maintain the required levels of ability and fitness;";Training, het trainen en bijwonen van danslessen om de vereiste niveaus van bekwaamheid en geschiktheid te behouden;0.0963;
2654;art director;"Creating, planning, writing scripts for recording, videotaping and editing programmes;";Het maken, plannen, schrijven van scripts voor het opnemen, filmen en bewerken van programma's;0.45;
2654;art director;"Maintaining production archives and negotiating royalties;";Het onderhouden van productiearchieven en het onderhandelen over royalty's;0.41;
2654;art director;Supervising the positioning of scenery, props and lighting and sound equipment.;Overzien van de positionering van landschap, rekwisieten en verlichting en geluidsapparatuur;0.2875;
2654;art director;"Directing all aspects of dramatic productions on stage, television, radio or in motion pictures, including choice of actors, and final decisions concerning costumes, set designs, sound or lighting effects;";Het regisseren van alle aspecten van dramatische producties op het podium, televisie, radio of in films, inclusief de keuze van acteurs, en definitieve beslissingen met betrekking tot kostuums, decorontwerpen, geluids- of lichteffecten;0.2725;
2655;acteur/actrice;"Reading scripts and undertaking research to gain understanding of parts, themes and characteristics;";Het lezen van scripts en het uitvoeren van onderzoek om inzicht te krijgen in delen, thema's en kenmerken;0.56;
2655;acteur/actrice;"Telling stories or reading literary works aloud to educate or entertain listeners;";Verhalen vertellen of literaire werken hardop lezen om luisteraars te onderwijzen of te vermaken;0.435;
2655;acteur/actrice;"Learning lines and cues and playing parts in dramatic productions on stage, commercials, television, radio or in motion pictures;";Leren lijnen en signalen en het spelen van rollen in dramatische producties op het podium, commercials, televisie, radio of in films;0.2;
2655;acteur/actrice;Acting parts and portraying roles as developed in rehearsals in film, television, radio and stage productions.;Acteren en portretteren van rollen zoals ontwikkeld in repetities in film-, televisie-, radio- en toneelproducties;0.115;
2656;audiobeschrijver;"Studying background information in order to prepare for programmes or interviews;";Het bestuderen van achtergrondinformatie ter voorbereiding van programma's of interviews;0.635;
2656;audiobeschrijver;"Reading news bulletins and making other announcements on radio or television;";Het lezen van nieuwsbulletins en het maken van andere aankondigingen op radio of televisie;0.5375;
2656;audiobeschrijver;"Introducing performing artists or persons being interviewed, and making related announcements on radio and television, or in theatres, night-clubs and other establishments;";Het introduceren van uitvoerende kunstenaars of personen die worden geïnterviewd, en het doen van gerelateerde aankondigingen op radio en televisie, of in theaters, nachtclubs en andere instellingen;0.415;
2656;audiobeschrijver;"Interviewing persons in public, especially on radio and television;";Het interviewen van personen in het openbaar, met name op radio en televisie;0.335;
2659;animator;Training and performing with animals.;Training en uitvoering met dieren;0.1825;
2659;animator;"Performing amusing antics and telling funny stories;";Grappige capriolen uitvoeren en grappige verhalen vertellen;0.175;
2659;animator;"Performing tricks of illusion and sleight of hand, and feats of hypnotism;";Het uitvoeren van trucs van illusie en vingervlugheid, en prestaties van hypnose;0.1125;
2659;animator;"Performing difficult and spectacular acrobatics, and gymnastic or juggling feats;";Het uitvoeren van moeilijke en spectaculaire acrobatische en gymnastische of jongleerprestaties;0.0475;
3111;Fysisch technicus;"Controlling the quality and quantity of laboratory supplies by testing samples and monitoring usage and preparing detailed estimates of quantities and costs of materials and labour required for projects, according to the specifications given;";Het controleren van de kwaliteit en kwantiteit van laboratoriumbenodigdheden door het testen van monsters en het monitoren van het gebruik en het opstellen van gedetailleerde schattingen van hoeveelheden en kosten van materialen en arbeid die nodig zijn voor projecten, volgens de gegeven specificaties;0.4125;
3111;Fysisch technicus;"Setting up, operating, and maintaining laboratory instruments and equipment, monitoring experiments, making observations, and calculating and recording results;";Het opzetten, exploiteren en onderhouden van laboratoriuminstrumenten en -apparatuur, het monitoren van experimenten, het maken van waarnemingen en het berekenen en registreren van resultaten;0.2875;
3111;Fysisch technicus;"Collecting samples and preparing materials and equipment for experiments, tests and analyses;";Het verzamelen van monsters en het voorbereiden van materialen en apparatuur voor experimenten, tests en analyses;0.17;
3111;Fysisch technicus;"Preparing materials for experimentation such as freezing and slicing specimens and mixing chemicals;";Het voorbereiden van materialen voor experimenten zoals het invriezen en snijden van specimens en het mengen van chemische stoffen;0.1475;
3112;adviseur energieverbruik;"Assisting with the preparation of detailed estimates of quantities and costs of materials and labour required for projects, according to the specifications given;";Assisteren bij het opstellen van gedetailleerde schattingen van hoeveelheden en kosten van materialen en arbeid die nodig zijn voor projecten, volgens de gegeven specificaties;0.41;
3112;adviseur energieverbruik;"Providing technical assistance connected with the construction of buildings and other structures, and with surveys or the preparation of survey reports;";Het verlenen van technische bijstand in verband met de bouw van gebouwen en andere structuren en met enquêtes of het opstellen van enquêteverslagen;0.3575;
3112;adviseur energieverbruik;"Performing or assisting with field and laboratory tests of soils and construction materials;";Het uitvoeren of assisteren bij veld- en laboratoriumtesten van bodems en bouwmaterialen;0.195;
3112;adviseur energieverbruik;"Organizing maintenance and repairs;";Het organiseren van onderhoud en reparaties;0.17;
3113;elektrotechnicus;"Providing technical assistance in research on and development of electrical equipment and facilities, or testing prototypes;";Het verlenen van technische bijstand bij onderzoek naar en ontwikkeling van elektrische apparatuur en faciliteiten, of het testen van prototypes;0.3125;
3113;elektrotechnicus;"Preparing detailed estimates of quantities and costs of materials and labour required for manufacture and installation, according to the specifications given;";Het opstellen van gedetailleerde ramingen van de hoeveelheden en kosten van materialen en arbeid die nodig zijn voor de vervaardiging en installatie, overeenkomstig de opgegeven specificaties;0.3;
3113;elektrotechnicus;"Planning installation methods, checking completed installation for safety and controls or undertaking the initial running of the new electrical equipment or systems;";De planning van de installatie, de controle van de voltooide installatie voor de veiligheid en de bedieningsorganen of de eerste exploitatie van het nieuwe elektrische materiaal of systemen;0.25;
3113;elektrotechnicus;Assembling, installing, testing, calibrating, modifying and repairing electrical equipment and installations to conform with regulations and safety requirements.;Monteren, installeren, testen, kalibreren, aanpassen en repareren van elektrische apparatuur en installaties om te voldoen aan regelgeving en veiligheidseisen;0.184;
3114;inspecteur vliegtuigelektronica;"Designing and preparing blueprints of electronic circuitry according to the specifications given;";Ontwerpen en opstellen van blauwdrukken van elektronische schakelingen volgens de gegeven specificaties;0.575;
3114;inspecteur vliegtuigelektronica;"Preparing detailed estimates of quantities and costs of materials and labour required for the manufacture and installation of electronic equipment, according to the specifications given;";Het opstellen van gedetailleerde ramingen van de hoeveelheden en kosten van materialen en arbeid die nodig zijn voor de vervaardiging en installatie van elektronische apparatuur, overeenkomstig de opgegeven specificaties;0.46;
3114;inspecteur vliegtuigelektronica;Conducting tests of electronic systems, collecting and analysing data, and assembling circuitry in support of electronics engineers.;Het uitvoeren van tests van elektronische systemen, het verzamelen en analyseren van gegevens en het assembleren van circuits ter ondersteuning van elektronica-ingenieurs;0.3325;
3114;inspecteur vliegtuigelektronica;"Planning installation methods, checking completed installation for safety and controls or undertaking the initial running of the new electronic equipment or system;";De installatiemethoden voor de planning, de voltooiing van de installatie voor de veiligheid en voor de besturing of voor het eerste gebruik van de nieuwe elektronische apparatuur of het nieuwe systeem;0.2525;
3115;inspecteur motoren rollend materieel;"Preparing detailed estimates of quantities and costs of materials and labour required for manufacture and installation according to the specifications given;";Het opstellen van gedetailleerde ramingen van de hoeveelheden en kosten van materialen en arbeid die nodig zijn voor de vervaardiging en installatie overeenkomstig de opgegeven specificaties;0.415;
3115;inspecteur motoren rollend materieel;Ensuring that mechanical engineering designs and finished work are within specifications, regulations and contract provisions.;Ervoor zorgen dat werktuigbouwkundige ontwerpen en afgewerkt werk binnen specificaties, voorschriften en contractbepalingen vallen;0.3125;
3115;inspecteur motoren rollend materieel;"Conducting tests of mechanical systems, collecting and analysing data and assembling and installing mechanical assemblies in support of mechanical engineers;";Het uitvoeren van testen van mechanische systemen, het verzamelen en analyseren van gegevens en het monteren en installeren van mechanische samenstellingen ter ondersteuning van werktuigbouwkundigen;0.1775;
3115;inspecteur motoren rollend materieel;"Assembling and installing new and modified mechanical assemblies, components, machine tools and controls, and hydraulic power systems;";Montage en installatie van nieuwe en gewijzigde mechanische samenstellingen, componenten, werktuigmachines en besturingen, en hydraulische aandrijfsystemen;0.1375;
3116;asfaltlaborant;Conducting chemical and physical laboratory tests to assist scientists and engineers in making qualitative and quantitative analyses of solids, liquids, and gaseous materials.;Het uitvoeren van chemische en fysische laboratoriumtests om wetenschappers en ingenieurs te helpen bij het maken van kwalitatieve en kwantitatieve analyses van vaste stoffen, vloeistoffen en gasvormige materialen;0.352;
3116;asfaltlaborant;"Assisting in research on and development of industrial chemical processes, plant and equipment, or testing prototypes;";Assisteren bij onderzoek naar en ontwikkeling van industriële chemische processen, installaties en apparatuur, of het testen van prototypes;0.335;
3116;asfaltlaborant;"Monitoring technical aspects of the construction, installation, operation, maintenance and repair of chemical plants to ensure satisfactory performance and compliance with specifications and regulations;";Toezicht houden op technische aspecten van de bouw, installatie, bediening, onderhoud en reparatie van chemische fabrieken om te zorgen voor bevredigende prestaties en naleving van specificaties en voorschriften;0.305;
3116;asfaltlaborant;"Designing and preparing layouts of chemical plants according to the specifications given;";Ontwerpen en opstellen van lay-outs van chemische fabrieken volgens de gegeven specificaties;0.295;
3117;geotechnicus;"Preparing detailed estimates of quantities and costs of materials and labour required for mineral, oil and natural gas exploration, extraction, processing and transport projects;";Het opstellen van gedetailleerde ramingen van de hoeveelheden en kosten van materialen en arbeid die nodig zijn voor de exploratie, winning, verwerking en transport van mineralen, aardolie en aardgas;0.4;
3117;geotechnicus;"Providing technical assistance to aid in research on and development of processes to determine the properties of metals and new alloys;";Technische bijstand verlenen bij het onderzoek naar en de ontwikkeling van processen om de eigenschappen van metalen en nieuwe legeringen te bepalen;0.315;
3117;geotechnicus;"Monitoring technical, regulatory and safety aspects of the construction, installation, operation, maintenance and repair of mineral ore, oil and natural gas exploration, extraction, transport and storage installations and of mineral processing plants;";Toezicht houden op technische, regelgevende en veiligheidsaspecten van de bouw, installatie, exploitatie, onderhoud en reparatie van mineraalerts-, olie- en aardgasexploratie-, winnings-, transport- en opslaginstallaties en van mineraalverwerkingsinstallaties;0.235;
3117;geotechnicus;"Helping plan and design mines, mine shafts, tunnels and underground first-aid facilities;";Helpen bij het plannen en ontwerpen van mijnen, mijnschachten, tunnels en ondergrondse eerstehulpfaciliteiten;0.2;
3118;architectuurtekenaar;"Operating computer-aided design and drafting equipment to create, modify and generate hard-copy and digital representations of working drawings;";Bediening van computerondersteunde ontwerp- en tekenapparatuur voor het maken, wijzigen en genereren van papieren en digitale voorstellingen van werktekeningen;0.475;
3118;architectuurtekenaar;"Operating digitizing table or similar equipment to transfer hard-copy representation of working drawings, maps and other curves to digital form;";Bediening van een digitalisatietafel of soortgelijke apparatuur om een papieren weergave van werktekeningen, kaarten en andere curven over te zetten naar digitale vorm;0.4625;
3118;architectuurtekenaar;"Preparing wiring diagrams, circuit board assembly diagrams and layout drawings used for manufacture, installation and repair of electrical equipment in factories, power plants, and buildings;";Bedradingsschema's, assemblageschema's en lay-outtekeningen voor de fabricage, installatie en reparatie van elektrische apparatuur in fabrieken, elektriciteitscentrales en gebouwen;0.275;
3118;architectuurtekenaar;"Copying drawings and paintings onto stone or metal plates for printing;";Het kopiëren van tekeningen en schilderijen op stenen of metalen platen voor bedrukking;0.1475;
3119;coördinator conformiteit pijpleidingen;"Collecting data and providing technical assistance regarding: efficient, safe and economic utilization of personnel, material and equipment; methods of work and sequence of operations and supervision of their implementation; and efficient layout of plant or establishment;";"Het verzamelen van gegevens en het verlenen van technische bijstand met betrekking tot: efficiënt, veilig en economisch gebruik van personeel, materiaal en uitrusting; werkmethoden en bedrijfsvolgorde en toezicht op de uitvoering ervan; en efficiënte lay-out van fabriek of inrichting";0.315;
3119;coördinator conformiteit pijpleidingen;Assisting engineers in testing and designing robotics equipment.;Het assisteren van ingenieurs bij het testen en ontwerpen van robotica-apparatuur;0.285;
3119;coördinator conformiteit pijpleidingen;"Modifying and testing equipment and devices used in the prevention, control, and remediation of environmental pollution, site remediation and land reclamation;";Wijzigen en testen van apparatuur en apparaten die worden gebruikt bij de preventie, beheersing en sanering van milieuvervuiling, locatiesanering en landaanwinning;0.2375;
3119;coördinator conformiteit pijpleidingen;"Assisting in the development of environmental pollution remediation devices under the direction of an engineer;";Assisteren bij de ontwikkeling van saneringsvoorzieningen voor milieuvervuiling onder leiding van een ingenieur;0.1875;
3121;mijnopzichter;"Providing reports and other information to mining managers about all aspects of mining or quarrying operations;";Het verstrekken van rapporten en andere informatie aan mijnbeheerders over alle aspecten van mijnbouwactiviteiten;0.4;
3121;mijnopzichter;"Establishing methods to meet work schedules and recommending measures to mining managers to improve productivity;";Het vaststellen van methoden om te voldoen aan werkschema's en het aanbevelen van maatregelen aan mijnbeheerders om de productiviteit te verbeteren;0.33;
3121;mijnopzichter;"Working with managerial and technical personnel, other departments and contractors to resolve operational problems and coordinate activities;";Samenwerken met leidinggevend en technisch personeel, andere afdelingen en contractanten om operationele problemen op te lossen en activiteiten te coördineren;0.255;
3121;mijnopzichter;"Supervising and coordinating the activities of workers who extract minerals and other natural deposits from the earth, and who operate underground conveyances or heavy equipment in surface mines and quarries;";Toezicht houden op en coördineren van de activiteiten van werknemers die mineralen en andere natuurlijke afzettingen uit de aarde onttrekken en ondergronds vervoer of zware uitrusting in oppervlaktemijnen en steengroeven exploiteren;0.185;
3122;chef machinebediening;"Preparing cost estimates, records and reports;";Het opstellen van kostenramingen, verslagen en verslagen;0.59;
3122;chef machinebediening;"Organizing and planning the daily work with regard to plans, economy, staff and environment;";Het organiseren en plannen van het dagelijkse werk met betrekking tot plannen, economie, personeel en milieu;0.385;
3122;chef machinebediening;"Identifying shortage of staff or components;";Het identificeren van een tekort aan personeel of onderdelen;0.24;
3122;chef machinebediening;"Ensuring safety of workers;";Zorgen voor de veiligheid van werknemers;0.24;
3123;bouwopzichter;"Reading specifications to determine construction requirements and planning procedures;";Specificaties voor het lezen van bouwvoorschriften en planningsprocedures;0.365;
3123;bouwopzichter;"Organizing and coordinating the material and human resources required to complete jobs;";Het organiseren en coördineren van het materiaal en de personele middelen die nodig zijn om taken uit te voeren;0.3575;
3123;bouwopzichter;"Examining equipment and construction sites to ensure that health and safety requirements are met;";Het onderzoeken van apparatuur en bouwplaatsen om ervoor te zorgen dat aan de gezondheids- en veiligheidseisen wordt voldaan;0.23;
3123;bouwopzichter;Supervising the activities of building trades workers, labourers and other construction workers.;Toezicht op de activiteiten van bouwvakkers, arbeiders en andere bouwvakkers;0.2225;
3131;dispatcher voor het elektriciteitstransportnet;"Completing and maintaining station records, logs and reports, and communicating with other plant personnel to assess equipment operating status;";Het invullen en bijhouden van stationsrecords, logboeken en rapporten en het communiceren met ander fabriekspersoneel om de bedrijfsstatus van de apparatuur te beoordelen;0.4575;
3131;dispatcher voor het elektriciteitstransportnet;"Taking readings from charts, meters and gauges at established intervals, troubleshooting and performing corrective action as necessary;";Het nemen van metingen uit grafieken, meters en meters met vaste tussenpozen, het oplossen van problemen en het uitvoeren van corrigerende maatregelen indien nodig;0.3325;
3131;dispatcher voor het elektriciteitstransportnet;"Operating and controlling power generating systems and equipment including boilers, turbines, generators, condensers, and reactors in hydro, thermal, coal, oil, natural gas, and nuclear power plants to generate and distribute electrical power;";Bediening en besturing van stroomopwekkingssystemen en -apparatuur, waaronder ketels, turbines, generatoren, condensatoren en reactoren in waterkracht-, thermische, kolen-, olie-, aardgas- en kerncentrales om elektriciteit op te wekken en te distribueren;0.1925;
3131;dispatcher voor het elektriciteitstransportnet;Cleaning and maintaining equipment such as generators, boilers, turbines, pumps, and compressors in order to prevent equipment failure or deterioration.;Reinigen en onderhouden van apparatuur zoals generatoren, boilers, turbines, pompen en compressoren om uitval of verslechtering van apparatuur te voorkomen;0.135;
3132;exploitatietechnicus afvalverbrandingsoven;Completing and maintaining plant logs and reports.;Installatielogboeken en rapporten invullen en onderhouden;0.445;
3132;exploitatietechnicus afvalverbrandingsoven;"Inspecting equipment and monitoring operating conditions, meters, filters, chlorinators and gauges in central control room to determine load requirements, to verify that flows, pressures and temperatures are within specification, and to detect malfunctions;";Het inspecteren van apparatuur en het bewaken van de bedrijfsomstandigheden, meters, filters, chlorinators en meters in de centrale controlekamer om de belastingvereisten te bepalen, om te controleren of de stromen, drukken en temperaturen binnen de specificaties vallen en om storingen te detecteren;0.32;
3132;exploitatietechnicus afvalverbrandingsoven;"Performing security and safety checks in plant and on grounds;";Het uitvoeren van beveiligings- en veiligheidscontroles in de fabriek en op het terrein;0.185;
3132;exploitatietechnicus afvalverbrandingsoven;"Controlling the operation of multiple-hearth incinerator furnaces and related equipment to burn sludge and solid waste in waste treatment plants;";Het regelen van de werking van meervoudige verbrandingsovens en aanverwante apparatuur voor het verbranden van slib en vast afval in afvalverwerkingsinstallaties;0.175;
3133;leidinggevende gasverwerkingsinstallatie;Analysing sample products, performing tests, recording data and writing production logs.;Het analyseren van monsterproducten, het uitvoeren van tests, het vastleggen van gegevens en het schrijven van productielogboeken;0.4775;
3133;leidinggevende gasverwerkingsinstallatie;"Operating electronic or computerized control panel from a central control room to monitor and optimize physical and chemical processes for several processing units;";Bediening van elektronisch of geautomatiseerd bedieningspaneel vanuit een centrale controlekamer om fysieke en chemische processen voor verschillende verwerkingseenheden te bewaken en te optimaliseren;0.35;
3133;leidinggevende gasverwerkingsinstallatie;"Controlling the preparation, measuring and feeding of raw materials and processing agents such as catalysts and filtering media into plant;";Controle van de bereiding, meting en toevoer van grondstoffen en verwerkingsmiddelen zoals katalysatoren en filtermedia naar de fabriek;0.215;
3133;leidinggevende gasverwerkingsinstallatie;"Verifying equipment for malfunctions, carrying out routine operating tests and arranging for maintenance;";Verificatieapparatuur voor storingen, het uitvoeren van routinetests en het regelen van onderhoud;0.215;
3134;beeldschermoperator raffinaderij;Analysing sample products, performing tests, recording data and writing production logs.;Het analyseren van monsterproducten, het uitvoeren van tests, het vastleggen van gegevens en het schrijven van productielogboeken;0.465;
3134;beeldschermoperator raffinaderij;"Operating electronic or computerized control panel from a central control room to monitor and optimize physical and chemical processes for several processing units;";Bediening van elektronisch of geautomatiseerd bedieningspaneel vanuit een centrale controlekamer om fysieke en chemische processen voor verschillende verwerkingseenheden te bewaken en te optimaliseren;0.3;
3134;beeldschermoperator raffinaderij;"Controlling process start-up and shut-down, troubleshooting and monitoring outside process equipment;";Het controleren van het opstarten en afsluiten van het proces, het oplossen van problemen en het bewaken van externe procesapparatuur;0.2575;
3134;beeldschermoperator raffinaderij;"Verifying equipment for malfunctions, testing well pipes for leaks and fractures and arranging for maintenance;";Verificatieapparatuur voor storingen, het testen van putten op lekken en breuken en het regelen van onderhoud;0.165;
3135;bediener hoogovens;Maintaining shift log of production and other data and preparing production and other reports.;Bijhouden van shiftlogboek van productie- en andere gegevens en voorbereiden van productie- en andere rapportages;0.5575;
3135;bediener hoogovens;"Coordinating and monitoring the operation of a particular aspect of metal processing production through control panels, computer terminals or other control systems, usually from a central control room;";Het coördineren en bewaken van de werking van een bepaald aspect van de metaalverwerkende productie via bedieningspanelen, computerterminals of andere besturingssystemen, meestal vanuit een centrale controlekamer;0.345;
3135;bediener hoogovens;"Starting up and shutting down the production system in cases of emergency or as required by schedule;";Het productiesysteem opstarten en sluiten in noodgevallen of volgens schema;0.19;
3135;bediener hoogovens;"Operating multi-function central process control machinery to grind, separate, filter, melt, roast, treat, refine or otherwise process metals;";Bediening van multifunctionele centrale procesbesturingsmachines om metalen te malen, te scheiden, te filteren, te smelten, te roosteren, te behandelen, te verfijnen of anderszins te verwerken;0.16;
3141;bacteriologisch laborant;"Using computers to develop models and analyse data;";Computers gebruiken om modellen te ontwikkelen en gegevens te analyseren;0.705;
3141;bacteriologisch laborant;Maintaining relevant databases.;Het onderhouden van relevante databases;0.625;
3141;bacteriologisch laborant;"Setting up, calibrating, operating and maintaining laboratory instruments and equipment;";Het opzetten, kalibreren, bedienen en onderhouden van laboratoriuminstrumenten en -apparatuur;0.1975;
3141;bacteriologisch laborant;"Using complex and high-powered equipment to perform work;";Complexe en krachtige apparatuur gebruiken om werk uit te voeren;0.105;
3142;kwaliteitscontroleur aquacultuur;"Collecting data and estimating quantities and costs of materials and labour required for projects;";Het verzamelen van gegevens en het schatten van hoeveelheden en kosten van materialen en arbeid die nodig zijn voor projecten;0.415;
3142;kwaliteitscontroleur aquacultuur;"Assisting with and performing experiments, tests and analyses applying methods and techniques such as microscopy, histochemistry, chromatography, electrophoresis and spectroscopy;";Assisteren bij en uitvoeren van experimenten, tests en analyses met toepassing van methoden en technieken zoals microscopie, histochemie, chromatografie, elektroforese en spectroscopie;0.365;
3142;kwaliteitscontroleur aquacultuur;Organizing maintenance and repairs of research equipment.;Het organiseren van onderhoud en reparaties van onderzoeksapparatuur;0.1713;
3142;kwaliteitscontroleur aquacultuur;"Preparing materials and equipment for experiments, tests and analyses;";Materiaal en apparatuur voorbereiden voor experimenten, tests en analyses;0.165;
3143;uitvoerend medewerker bosbouw;"Assisting in and performing technical functions in the preparation of forest management and harvest plans using photogrammetric and mapping techniques and computerized information systems;";Assisteren bij en uitvoeren van technische functies bij het opstellen van bosbeheer- en oogstplannen met behulp van fotogrammetrische en mappingtechnieken en geautomatiseerde informatiesystemen;0.37;
3143;uitvoerend medewerker bosbouw;"Assisting in planning and supervision of construction of access routes and forest roads;";Assisteren bij het plannen en begeleiden van de aanleg van toegangswegen en boswegen;0.235;
3143;uitvoerend medewerker bosbouw;"Implementing, supervising and performing technical functions in silvicultural operations involving site preparation, planting, and tending of tree crops;";Het implementeren, begeleiden en uitvoeren van technische functies in de bosbouw met betrekking tot het voorbereiden, planten en verzorgen van boomgewassen;0.135;
3143;uitvoerend medewerker bosbouw;"Supervising forest tree nursery operations;";Toezicht houden op boomkwekerijactiviteiten;0.135;
3151;hoofdwerktuigkundige scheepvaart;"Ordering fuel and other engine-room department stores and maintaining record of operations;";Het bestellen van brandstof en andere warenhuizen in de machinekamer en het bijhouden van de activiteiten;0.3125;
3151;hoofdwerktuigkundige scheepvaart;"Performing technical supervision of the installation, maintenance and repair of ship's machinery and equipment to ensure compliance with specifications and regulations;";Het uitvoeren van technisch toezicht op de installatie, het onderhoud en de reparatie van scheepsmachines en -uitrusting om de naleving van specificaties en voorschriften te waarborgen;0.2375;
3151;hoofdwerktuigkundige scheepvaart;"Controlling and participating in the operation, maintenance and repair of mechanical, electrical and electronic equipment and machinery on board ship;";Het controleren van en deelnemen aan de bediening, het onderhoud en de reparatie van mechanische, elektrische en elektronische apparatuur en machines aan boord van het schip;0.2025;
3151;hoofdwerktuigkundige scheepvaart;"Inspecting and conducting maintenance and emergency repairs to engines, machinery and auxiliary equipment;";Inspecteren en uitvoeren van onderhoud en noodreparaties aan motoren, machines en hulpapparatuur;0.1725;
3152;dekofficier;Transmitting and receiving routine and emergency information with shore stations and other ships.;Het verzenden en ontvangen van routine- en noodinformatie met walstations en andere schepen;0.5375;
3152;dekofficier;"Ordering ship's stores and recruiting crew as required and maintaining record of operations;";Het bestellen van ship's winkels en het werven van bemanning zoals vereist en het bijhouden van een register van de activiteiten;0.3175;
3152;dekofficier;"Commanding and navigating ship or similar vessel at sea or on inland waterways;";Bevelvoerend en navigerend schip of soortgelijk schip op zee of op de binnenwateren;0.2125;
3152;dekofficier;"Ensuring safe loading and unloading of cargo and observance of safety regulations and procedures by crew and passengers;";Zorgen voor veilig laden en lossen van lading en naleving van veiligheidsvoorschriften en -procedures door bemanning en passagiers;0.1875;
3153;astronaut;"Preparing and submitting flight plan or examining standard flight plan;";Het opstellen en indienen van vluchtplannen of het onderzoeken van standaardvliegplan;0.35;
3153;astronaut;"Signing necessary certificates and maintaining official records of flight;";Het ondertekenen van de nodige certificaten en het bijhouden van de officiële vluchtgegevens;0.325;
3153;astronaut;"Applying knowledge of principles and practices of flying in order to identify and solve problems arising in the course of their work;";Het toepassen van kennis van principes en praktijken van vliegen om problemen die zich in de loop van hun werk voordoen te identificeren en op te lossen;0.2175;
3153;astronaut;"Examining maintenance records and conducting inspections to ensure that aircraft are mechanically sound, maintenance has been performed and that all equipment is operational.;";Het onderzoeken van onderhoudsdossiers en het uitvoeren van inspecties om ervoor te zorgen dat vliegtuigen mechanisch gezond zijn, onderhoud is uitgevoerd en dat alle apparatuur operationeel is;0.2175;
3154;airport operations officer;"Informing flight crew and operations staff about weather conditions, operational facilities, flight plans and air traffic;";Het informeren van het cockpitpersoneel en het operationele personeel over weersomstandigheden, operationele faciliteiten, vluchtplannen en luchtverkeer;0.5;
3154;airport operations officer;Maintaining radio and telephone contact with adjacent control towers, terminal control units and other control centres, and coordinating the movement of aircraft into adjoining areas.;Het onderhouden van radio- en telefooncontact met aangrenzende verkeerstorens, terminalbesturingseenheden en andere controlecentra, en het coördineren van de verplaatsing van vliegtuigen naar aangrenzende gebieden;0.325;
3154;airport operations officer;"Directing activities of all aircraft and service vehicles on or near airport runways;";Het aansturen van activiteiten van alle vliegtuigen en dienstvoertuigen op of nabij start- en landingsbanen van luchthavens;0.275;
3154;airport operations officer;"Initiating and organizing emergency, search and rescue services and procedures;";Initiëren en organiseren van nood-, opsporings- en reddingsdiensten en -procedures;0.1725;
3155;monteur veiligheidssystemen luchtvaart;"Developing, modifying and debugging system software;";Ontwikkelen, aanpassen en debuggen van systeemsoftware;0.555;
3155;monteur veiligheidssystemen luchtvaart;"Carrying out technical duties related to the development of electronic and computerized air navigation systems and equipment, and testing prototypes;";Het uitvoeren van technische taken met betrekking tot de ontwikkeling van elektronische en geautomatiseerde luchtvaartnavigatiesystemen en -apparatuur en het testen van prototypes;0.4275;
3155;monteur veiligheidssystemen luchtvaart;"Controlling, monitoring and certifying communication navigation and surveillance air traffic management equipment and calibrating the ground-based air navigation system to ensure maximum accuracy and safety of flight, take-off and landing operations;";Het controleren, bewaken en certificeren van communicatie-, navigatie- en bewakingsapparatuur voor luchtverkeersbeheer en het kalibreren van het luchtvaartnavigatiesysteem op de grond om maximale nauwkeurigheid en veiligheid van vlucht-, start- en landingsoperaties te garanderen;0.2525;
3155;monteur veiligheidssystemen luchtvaart;"Providing or assisting with the technical supervision of construction, installation and operation of ground-based air navigation equipment and its maintenance and repair to ensure that standards and specifications are met;";Het verstrekken of assisteren van technisch toezicht op de bouw, de installatie en de exploitatie van luchtnavigatieapparatuur op de grond en het onderhoud en de reparatie ervan om ervoor te zorgen dat aan de normen en specificaties wordt voldaan;0.22;
3211;klinisch perfusionist;"Operating or overseeing operation of radiologic, ultrasound and magnetic imaging equipment to produce images of the body for diagnostic purposes;";Bediening van of toezicht houden op de werking van radiologische, ultrasone en magnetische beeldvormingsapparatuur om beelden van het lichaam te produceren voor diagnostische doeleinden;0.265;
3211;klinisch perfusionist;"Reviewing and evaluating developed x-rays, video tape or computer generated information to determine if images are satisfactory for diagnostic purposes, and recording results of procedures;";Het evalueren en evalueren van ontwikkelde x-stralen, videoband of computer gegenereerde informatie om te bepalen of beelden voor diagnostische doeleinden bevredigend zijn, en het registreren van de resultaten van procedures;0.235;
3211;klinisch perfusionist;"Administering, detecting and mapping radiopharmaceuticals or radiation in patients' bodies, using radioisotope, camera or other equipment for diagnosing and treating diseases;";Het toedienen, detecteren en in kaart brengen van radiofarmaca of straling in het lichaam van patiënten, met behulp van radio-isotopen, camera's of andere apparatuur voor het diagnosticeren en behandelen van ziekten;0.2;
3211;klinisch perfusionist;"Explaining procedures, observing and positioning patients, and using protection devices to ensure safety and comfort during examination, scan or treatment;";Het uitleggen van procedures, het observeren en positioneren van patiënten en het gebruik van beschermingsmiddelen om de veiligheid en het comfort tijdens onderzoek, scan of behandeling te waarborgen;0.165;
3212;biomedisch laboratoriummedewerker;"Entering data from analysis of laboratory tests and clinical results into records-keeping systems and reporting results to medical practitioners and other health professionals;";Het invoeren van gegevens uit analyses van laboratoriumtests en klinische resultaten in registratiesystemen en het rapporteren van resultaten aan artsen en andere gezondheidswerkers;0.645;
3212;biomedisch laboratoriummedewerker;"Analysing laboratory findings to check the accuracy of the results;";Het analyseren van laboratoriumbevindingen om de juistheid van de resultaten te controleren;0.475;
3212;biomedisch laboratoriummedewerker;Inoculating fertilized eggs, broths or other bacteriological media with organisms.;Inoculeren van bevruchte eieren, bouillons of andere bacteriologische media met organismen;0.1575;
3212;biomedisch laboratoriummedewerker;"Setting up, cleaning and maintaining laboratory equipment;";Het opzetten, reinigen en onderhouden van laboratoriumapparatuur;0.115;
3213;apothekersassistent;"Pricing and filing prescriptions that have been filled and establish and maintaining patient records, including lists of medications taken by individual patients;";Prijzen en indiening van recepten die zijn ingevuld en vaststellen en bijhouden van patiëntendossiers, met inbegrip van lijsten van geneesmiddelen die door individuele patiënten zijn genomen;0.505;
3213;apothekersassistent;"Receiving prescriptions or refill requests from health professionals and verifying that information is complete and accurate according to medical record-keeping standards;";Het ontvangen van recepten of navulverzoeken van gezondheidswerkers en het verifiëren van de volledige en nauwkeurige informatie overeenkomstig de normen voor medische dossiers;0.42;
3213;apothekersassistent;"Filling and labelling containers with prescribed medications;";Vullen en etiketteren van containers met voorgeschreven medicijnen;0.17;
3213;apothekersassistent;Cleaning and preparing equipment and containers used to prepare and dispense medicines and pharmaceutical compounds.;Reinigen en voorbereiden van apparatuur en containers die worden gebruikt voor het bereiden en verstrekken van geneesmiddelen en farmaceutische verbindingen;0.15;
3214;audicien;"Interpreting prescriptions or specifications to determine the type of product or device to be fabricated, and the materials and tools that will be required;";Het interpreteren van voorschriften of specificaties om het type product of apparaat te bepalen dat moet worden vervaardigd, en de materialen en gereedschappen die nodig zullen zijn;0.285;
3214;audicien;"Conferring with medical and dental practitioners in order to formulate specifications and prescriptions for devices and appliances;";Overleggen met artsen en tandartsen om specificaties en voorschriften voor apparaten en apparaten te formuleren;0.25;
3214;audicien;"Fabricating full and partial dentures and constructing mouth guards, crowns, metal clasps, inlays, bridgework and other aids;";Het vervaardigen van volledige en gedeeltelijke kunstgebitten en het construeren van gebitsbeschermers, kronen, metalen klemmen, inlays, bruggenwerk en andere hulpmiddelen;0.14;
3214;audicien;"Bending, forming, and shaping fabric or material so that it conforms to prescribed contours needed to fabricate structural components;";Buigen, vormen en vormgeven van stof of materiaal zodat het voldoet aan de voorgeschreven contouren die nodig zijn om structurele componenten te vervaardigen;0.1275;
3222;kraamverzorgende;"Providing advice to women, families and communities on health, nutrition, hygiene, exercise, birth and emergency plans, breastfeeding, infant care, family planning and contraception, lifestyle and other topics related to pregnancy and childbirth;";Het verstrekken van advies aan vrouwen, gezinnen en gemeenschappen over gezondheid, voeding, hygiëne, lichaamsbeweging, geboorte- en noodplannen, borstvoeding, kinderverzorging, gezinsplanning en anticonceptie, levensstijl en andere onderwerpen die verband houden met zwangerschap en bevalling;0.28;
3222;kraamverzorgende;"Assessing progress during pregnancy and childbirth, and recognizing signs and symptoms requiring referral to a health professional;";Het beoordelen van de voortgang tijdens de zwangerschap en bevalling, en het herkennen van tekenen en symptomen die doorverwijzing naar een zorgverlener vereisen;0.215;
3222;kraamverzorgende;Providing care and support to women and newborns following childbirth, monitoring their health status, and identifying signs and symptoms requiring referral to a health professional.;Zorg en ondersteuning aan vrouwen en pasgeborenen na de bevalling, monitoring van hun gezondheidstoestand, en het identificeren van tekenen en symptomen die verwijzing naar een gezondheidswerker vereisen;0.18;
3222;kraamverzorgende;"Providing delivery care, usually only in the absence of identified potential complications, or assisting medical doctors or midwifery professionals with delivery care;";Zorg voor de bevalling, meestal alleen bij afwezigheid van geïdentificeerde mogelijke complicaties, of het bijstaan van medische artsen of verloskundigen met zorg voor de bevalling;0.1125;
3230;kruidentherapeut;Referring patients to, and exchanging information with, other health care providers to ensure comprehensive and continuing care.;Patiënten verwijzen naar en informatie uitwisselen met andere zorgverleners om uitgebreide en permanente zorg te garanderen;0.325;
3230;kruidentherapeut;"Advising individuals, families and the community on health, nutrition, hygiene, lifestyle and other issues to maintain or improve health and well-being;";Het adviseren van individuen, gezinnen en de gemeenschap over gezondheid, voeding, hygiëne, levensstijl en andere kwesties om de gezondheid en het welzijn te behouden of te verbeteren;0.32;
3230;kruidentherapeut;"Recommending and providing care and treatment for illnesses and other ailments using traditional techniques and medicaments, such as physical manipulation and exercises, blood-letting using natural vessels, and preparations using herbs, plants, insects and animal extracts;";Het aanbevelen en verstrekken van zorg en behandeling voor ziekten en andere aandoeningen met behulp van traditionele technieken en geneesmiddelen, zoals fysieke manipulatie en oefeningen, bloedvergieten met natuurlijke vaartuigen, en preparaten die kruiden, planten, insecten en dierlijke extracten gebruiken;0.11;
3230;kruidentherapeut;"Providing care and treatment for physical injuries such as setting and healing fractured and dislocated bones using traditional methods of physical manipulation and herbal therapies;";Het verstrekken van zorg en behandeling voor fysieke letsels zoals het instellen en helen van gebroken en ontwrichte botten met behulp van traditionele methoden van fysieke manipulatie en kruidentherapieën;0.064;
3240;alternatief dierentherapeut;"Producing radiographs, collecting samples and performing other laboratory tests to assist in diagnosis of animal health problems;";Het produceren van röntgenfoto's, het verzamelen van monsters en het uitvoeren van andere laboratoriumtests om de diagnose van diergezondheidsproblemen te helpen;0.1775;
3240;alternatief dierentherapeut;"Conducting examinations of animals to make diagnoses or refer more difficult cases to veterinarians when needed;";Het uitvoeren van onderzoeken van dieren om diagnoses te stellen of moeilijker gevallen door te verwijzen naar dierenartsen wanneer dat nodig is;0.165;
3240;alternatief dierentherapeut;"Cleaning and sterilising examination tables and instruments and preparing materials used in the examination and treatment of animals;";Reinigen en steriliseren van onderzoekstafels en instrumenten en het voorbereiden van materialen die worden gebruikt bij het onderzoek en de behandeling van dieren;0.12;
3240;alternatief dierentherapeut;Performing routine animal dental procedures and assisting veterinarians with animal dentistry.;Uitvoeren van routinematige diertandheelkundige ingrepen en assisteren van dierenartsen bij diertandheelkunde;0.1;
3251;tandartsassistent;"Advising communities and individuals on dental hygiene, diet and other preventive measures to reduce potential risks to oral health;";Het adviseren van gemeenschappen en individuen over mondhygiëne, voeding en andere preventieve maatregelen om potentiële risico's voor de mondgezondheid te verminderen;0.376;
3251;tandartsassistent;Identifying cases of patients with poor oral health or oral disease requiring referral to a dentist or other health professional;Het identificeren van gevallen van patiënten met een slechte mondgezondheid of orale ziekte die doorverwijzing naar een tandarts of andere zorgverlener vereisen;0.215;
3251;tandartsassistent;"Conducting visual and physical examinations of patients' mouths, teeth and related structures to assess oral health status;";Het uitvoeren van visuele en fysieke onderzoeken van de mond, tanden en verwante structuren van patiënten om de mondgezondheidsstatus te beoordelen;0.095;
3251;tandartsassistent;"Providing fluoride treatments, cleaning and removing deposits from teeth, preparing cavities and placing fillings, administering local anaesthesia, and performing other types of basic or routine clinical dental procedures;";Het verstrekken van fluoridebehandelingen, het reinigen en verwijderen van afzettingen van tanden, het bereiden van holten en het plaatsen van vullingen, het toedienen van lokale anesthesie, en het uitvoeren van andere soorten basis- of routine klinische tandheelkundige procedures;0.075;
3252;applicatiebeheerder PACS;"Translating narrative descriptions and numeric information from medical records and other documents on health services delivery into codes associated with standard classification systems;";Het vertalen van narratieve beschrijvingen en numerieke informatie uit medische dossiers en andere documenten over de levering van gezondheidsdiensten in codes die verband houden met standaardclassificatiesystemen;0.61;
3252;applicatiebeheerder PACS;"Planning, developing, maintaining and operating a variety of health record indexes and storage and retrieval systems to collect, classify, store and analyse information;";Planning, ontwikkeling, onderhoud en exploitatie van een verscheidenheid van gezondheidsregisters en opslag- en ophaalsystemen om informatie te verzamelen, classificeren, opslaan en analyseren;0.6075;
3252;applicatiebeheerder PACS;"Reviewing records for completeness, accuracy and compliance with regulations;";Het beoordelen van de volledigheid, nauwkeurigheid en naleving van de voorschriften;0.435;
3252;applicatiebeheerder PACS;"Protecting the security of medical records to ensure that confidentiality is maintained and releasing information to authorized persons and agencies in accordance with regulations;";De beveiliging van medische dossiers te beschermen om ervoor te zorgen dat de vertrouwelijkheid wordt gehandhaafd en informatie overeenkomstig de voorschriften aan bevoegde personen en instanties wordt verstrekt;0.355;
3253;eerstehulpinstructeur;"Providing information to families and communities on a range of health issues including nutrition, hygiene, infant and child care, immunizations, family planning, risk factors and prevention of common infectious diseases, poisoning prevention, first aid for treatment of simple and common ailments, substance abuse, domestic violence, and other topics;";Het verstrekken van informatie aan gezinnen en gemeenschappen over een reeks gezondheidskwesties, zoals voeding, hygiëne, kinder- en kinderverzorging, immunisaties, gezinsplanning, risicofactoren en preventie van gemeenschappelijke infectieziekten, vergiftigingspreventie, eerste hulp bij de behandeling van eenvoudige en gemeenschappelijke aandoeningen, misbruik van stoffen, huiselijk geweld en andere onderwerpen;0.31;
3253;eerstehulpinstructeur;"Visiting families in their homes to provide information on the health, social and other services available and support them in gaining access to these services;";Gezinnen bezoeken in hun woning om informatie te verstrekken over de beschikbare gezondheids-, sociale en andere diensten en hen te ondersteunen bij het verkrijgen van toegang tot deze diensten;0.3;
3253;eerstehulpinstructeur;"Distributing to households medical supplies for the prevention and treatment of endemic diseases such as malaria, pneumonia and diarrhoeal diseases, and instructing family and community members in the use of these products;";Het distribueren aan huishoudens van medische benodigdheden voor de preventie en behandeling van endemische ziekten zoals malaria, longontsteking en diarree, en het instrueren van familieleden en leden van de gemeenschap in het gebruik van deze producten;0.1375;
3253;eerstehulpinstructeur;"Visiting families who do not usually access medical establishments to monitor on a regular basis certain conditions, such as progress with pregnancy, child growth and development, and environmental sanitation;";Bezoeken van gezinnen die gewoonlijk geen toegang hebben tot medische instellingen om regelmatig toezicht te houden op bepaalde voorwaarden, zoals vooruitgang bij zwangerschap, groei en ontwikkeling van kinderen en milieubehoud;0.13;
3254;opticien;"Interpreting optical prescriptions and preparing work order for optical laboratory for grinding and mounting of lenses in frames, preparation of contact lenses and other required work;";Het interpreteren van optische voorschriften en het voorbereiden van werkorders voor optisch laboratorium voor het slijpen en monteren van lenzen in monturen, het voorbereiden van contactlenzen en ander vereist werk;0.32;
3254;opticien;"Providing advice to clients with selection and maintenance of eyeglasses and frames, types of contact lenses and other optical devices for performance, safety, comfort and lifestyle;";Het verstrekken van advies aan klanten met selectie en onderhoud van bril en frames, soorten contactlenzen en andere optische apparaten voor prestaties, veiligheid, comfort en levensstijl;0.25;
3254;opticien;Verifying exactness of finished optical appliances and devices to the original prescription and fit of clients.;Controleren van de nauwkeurigheid van afgewerkte optische apparaten en apparaten aan het oorspronkelijke recept en fit van klanten;0.23;
3254;opticien;"Examining and taking facial and eye measurements of clients for fitting of eyeglasses and other optical devices;";Het onderzoeken en nemen van gelaats- en oogmetingen van cliënten voor het passen van brillen en andere optische apparaten;0.16;
3255;fysiotherapieassistent;"Monitoring and recording patients' progress during treatments, including measuring their range-of-joint motion and vital signs;";Het bewaken en registreren van de voortgang van patiënten tijdens behandelingen, inclusief het meten van hun bereik van gewrichtsbewegingen en vitale functies;0.2712;
3255;fysiotherapieassistent;"Conferring with physiotherapists or other health care providers to evaluate patient information for planning, modifying, and coordinating treatment;";Overleggen met fysiotherapeuten of andere zorgverleners om patiënteninformatie te evalueren voor het plannen, wijzigen en coördineren van de behandeling;0.22;
3255;fysiotherapieassistent;"Administering electrical modality treatments, ultrasound and other physical therapies using specialized techniques and equipment;";Het toedienen van elektrische modaliteitsbehandelingen, echografie en andere fysiotherapie met behulp van gespecialiseerde technieken en apparatuur;0.105;
3255;fysiotherapieassistent;"Administering manual treatments such as massage therapy or pressure point therapy;";Het toedienen van manuele behandelingen zoals massagetherapie of drukpunttherapie;0.0725;
3256;doktersassistent;"Providing prescription and drug refill information to pharmacies;";Het verstrekken van informatie over recepten en geneesmiddelen navullen aan apotheken;0.65;
3256;doktersassistent;Scheduling appointments with patients, and preparing documentation required for billing, reporting and insurance purposes.;Plannen van afspraken met patiënten, en het voorbereiden van documentatie nodig voor facturering, rapportage en verzekering doeleinden;0.6375;
3256;doktersassistent;"Assisting medical doctors and other health professionals to examine and treat patients, including measuring and recording vital signs, administering medications and performing routine clinical procedures such as giving injections and removing sutures;";Het assisteren van artsen en andere gezondheidswerkers bij het onderzoeken en behandelen van patiënten, inclusief het meten en registreren van vitale functies, het toedienen van medicijnen en het uitvoeren van routinematige klinische procedures zoals het geven van injecties en het verwijderen van hechtingen;0.1375;
3256;doktersassistent;"Maintaining cleanliness of patient waiting and examination rooms;";Het handhaven van de netheid van de wacht- en onderzoekskamers van de patiënt;0.1025;
3257;arbeidsinspecteur;"Advising enterprises and the general public on the implementation of government and other rules and regulations concerning hygiene, sanitation, purity and grading of primary products, food, drugs, cosmetics and similar goods;";Het adviseren van bedrijven en het grote publiek over de implementatie van overheids- en andere regels en voorschriften met betrekking tot hygiëne, sanitaire voorzieningen, zuiverheid en sortering van primaire producten, voedsel, medicijnen, cosmetica en soortgelijke goederen;0.2825;
3257;arbeidsinspecteur;"Giving advice on environmental sanitary problems and techniques;";Advies geven over milieuhygiënische problemen en technieken;0.28;
3257;arbeidsinspecteur;"Promoting preventive and corrective measures such as control of disease carrying organisms and of harmful substances in the air, hygienic food handling, proper disposal of waste and cleaning of public places;";Het bevorderen van preventieve en corrigerende maatregelen, zoals bestrijding van ziekten die organismen vervoeren en van schadelijke stoffen in de lucht, hygiënische behandeling van levensmiddelen, correcte verwijdering van afval en reiniging van openbare ruimten;0.235;
3257;arbeidsinspecteur;"Initiating action to maintain or improve hygiene and prevent pollution of water, air, food or soil;";Initiëren van actie om de hygiëne te handhaven of te verbeteren en vervuiling van water, lucht, voedsel of bodem te voorkomen;0.141;
3258;ambulancechauffeur;Recording information on patients' conditions and treatments provided in medical records-keeping systems.;Opname van informatie over de toestand en behandelingen van patiënten in medische dossiers;0.55;
3258;ambulancechauffeur;"Monitoring changes in health status of patients during transport to and from medical, rehabilitation and other health care facilities;";Monitoring van veranderingen in de gezondheidstoestand van patiënten tijdens het vervoer van en naar medische, revalidatie- en andere zorginstellingen;0.23;
3258;ambulancechauffeur;"Assessing health status of persons involved in accidents, natural disasters and other emergency situations, and determining needs for immediate and specialized medical assistance;";Het beoordelen van de gezondheidstoestand van personen die betrokken zijn bij ongevallen, natuurrampen en andere noodsituaties, en het bepalen van de behoeften aan onmiddellijke en gespecialiseerde medische hulp;0.12;
3258;ambulancechauffeur;"Performing medical procedures and administering drugs and other therapies according to protocol for emergency medical treatment, including resuscitating and defibrillating patients and operating life-support equipment;";Het uitvoeren van medische procedures en het toedienen van geneesmiddelen en andere therapieën volgens protocol voor spoedeisende medische behandeling, waaronder het reanimeren en defibrilleren van patiënten en het bedienen van levensondersteunende apparatuur;0.0625;
3259;anesthesiemedewerker;"Recording information on patients' health status and responses to treatment in medical records-keeping systems;";Het registreren van informatie over de gezondheidstoestand van patiënten en reacties op behandeling in medische dossiers;0.6;
3259;anesthesiemedewerker;Dispensing and advising on dietary supplements, antiretroviral and prophylaxis medications, and other healthcare products;Het verstrekken van en adviseren over voedingssupplementen, antiretrovirale en profylaxemedicijnen en andere gezondheidsproducten;0.3475;
3259;anesthesiemedewerker;"Interviewing and examining patients to obtain information on their health status and the nature and extent of injury, illness or other physical or mental health condition;";Het interviewen en onderzoeken van patiënten om informatie te verkrijgen over hun gezondheidstoestand en de aard en omvang van letsel, ziekte of andere lichamelijke of geestelijke gezondheidstoestand;0.22;
3259;anesthesiemedewerker;"Administering therapeutic care and treatment to patients; (d ) performing certain basic clinical procedures, such as administration of HIV antibody tests or insertion of intrauterine devices;";"Het toedienen van therapeutische zorg en behandeling aan patiënten; (d ) het uitvoeren van bepaalde klinische basisprocedures, zoals het toedienen van HIV-antilichaamtests of het inbrengen van intra-uteriene hulpmiddelen";0.116;
3311;aandelenmakelaar;Recording and transmitting buy and sell orders for securities, stocks, bonds or other financial instruments and for foreign exchange for future or immediate delivery.;Opname en verzending van koop- en verkooporders voor effecten, aandelen, obligaties of andere financiële instrumenten en voor deviezen voor toekomstige of onmiddellijke levering;0.66;
3311;aandelenmakelaar;"Analysing market trends for securities, bonds, stocks and other financial instruments, including foreign exchange;";Het analyseren van markttrends voor effecten, obligaties, aandelen en andere financiële instrumenten, waaronder valuta;0.6525;
3311;aandelenmakelaar;"Obtaining information about the financial circumstances of customers and companies in which investments may be made;";Het verkrijgen van informatie over de financiële omstandigheden van klanten en bedrijven waarin kan worden belegd;0.63;
3311;aandelenmakelaar;"Advising on and participating in the negotiation of terms for, and organization of, loans and placement of stocks and bonds in the financial market to raise capital for customers;";Adviseren over en deelnemen aan de onderhandelingen over voorwaarden voor en organisatie van leningen en plaatsing van aandelen en obligaties op de financiële markt om kapitaal voor klanten aan te trekken;0.567;
3312;administratief medewerker hypotheken;"Keeping records of payments, and preparing routine letters requesting payment for overdue accounts and forwarding these for legal action;";Het bijhouden van betalingsgegevens en het opstellen van routinebrieven waarin om betaling wordt gevraagd voor achterstallige rekeningen en deze doorsturen voor juridische stappen;0.655;
3312;administratief medewerker hypotheken;"Submitting credit and loan applications to management with recommendations for approval or rejection;";Het verstrekken van krediet- en leningsaanvragen aan het management met aanbevelingen voor goedkeuring of afwijzing;0.64;
3312;administratief medewerker hypotheken;"Researching and evaluating loan applicant's financial status, references, credit and ability to repay the loan;";Onderzoek en evaluatie van de financiële status, referenties, krediet en vermogen om de lening terug te betalen;0.575;
3312;administratief medewerker hypotheken;"Interviewing applicants for personal, mortgage, student and business loans;";Sollicitanten interviewen voor persoonlijke, hypotheek-, studenten- en zakelijke leningen;0.55;
3313;assistent-boekhouder;"Using standard computer software packages to perform accounting and related calculations;";Het gebruik van standaard computersoftwarepakketten voor het uitvoeren van boekhouding en gerelateerde berekeningen;0.66;
3313;assistent-boekhouder;"Preparing financial statements and reports for specified periods;";Opstellen van financiële overzichten en verslagen voor bepaalde perioden;0.61;
3313;assistent-boekhouder;"Applying knowledge of bookkeeping principles and practices in order to identify and solve problems arising in the course of their work;";Het toepassen van kennis van boekhoudkundige principes en praktijken om problemen die zich in de loop van hun werk voordoen te identificeren en op te lossen;0.39;
3313;assistent-boekhouder;Supervising the work of accounts and bookkeeping clerks.;Het controleren van het werk van rekeningen en boekhouders;0.33;
3314;assistent-actuaris;"Preparing statistical, mathematical, actuarial, accounting and other results for presentation in graphical or tabular form;";Voorbereiding van statistische, wiskundige, actuariële, boekhoudkundige en andere resultaten voor presentatie in grafische of tabelvorm;0.68;
3314;assistent-actuaris;"Performing technical tasks connected with establishing, maintaining and using registers and sampling frames for census and survey operations;";Het uitvoeren van technische taken in verband met het opzetten, onderhouden en gebruiken van registers en bemonsteringskaders voor volkstellingen en enquêtes;0.665;
3314;assistent-actuaris;"Preparing detailed estimates of quantities and costs of materials and labour required for statistical census and survey operations;";Het opstellen van gedetailleerde ramingen van de hoeveelheden en de kosten van materialen en arbeid die nodig zijn voor statistische tellingen en enquêtes;0.525;
3314;assistent-actuaris;Supervising the work of statistical clerks.;Het toezicht houden op het werk van statistische medewerkers;0.37;
3315;edelsteenkundige;Preparing reports of value, outlining the estimation factors and methods used.;Het opstellen van rapporten van waarde, waarin de gebruikte schattingsfactoren en methoden worden beschreven;0.675;
3315;edelsteenkundige;"Assessing the extent of damage or loss and liabilities of insurance companies and underwriters for losses covered by insurance policies;";Het beoordelen van de omvang van schade of verlies en aansprakelijkheden van verzekeringsmaatschappijen en verzekeraars voor verliezen die door verzekeringspolissen worden gedekt;0.55;
3315;edelsteenkundige;"Determining the quality or value of raw materials, real estate, industrial equipment, personal and household effects, works of art, gems and other objects;";Het bepalen van de kwaliteit of waarde van grondstoffen, onroerend goed, industriële apparatuur, persoonlijke en huishoudelijke bezittingen, kunstwerken, edelstenen en andere voorwerpen;0.3325;
3315;edelsteenkundige;"Inspecting items or property to evaluate condition, size and construction;";Het inspecteren van items of eigendommen om de staat, grootte en constructie te evalueren;0.18;
3321;acceptant aansprakelijkheidsverzekering onroerend goed;"Assisting clients to determine the type and level of coverage required, calculating premiums and establishing method of payment;";Het bijstaan van cliënten bij het bepalen van de aard en het niveau van de vereiste dekking, het berekenen van de premies en het vaststellen van de wijze van betaling;0.64;
3321;acceptant aansprakelijkheidsverzekering onroerend goed;"Obtaining information about customers' circumstances necessary to determine appropriate type of insurance and conditions;";Het verkrijgen van informatie over klanten' omstandigheden die nodig zijn om het juiste type verzekering en voorwaarden te bepalen;0.635;
3321;acceptant aansprakelijkheidsverzekering onroerend goed;"Negotiating with customers to determine type and degree of risk for which insurance is required;";Onderhandelen met klanten om het type en de mate van risico te bepalen waarvoor een verzekering vereist is;0.43;
3321;acceptant aansprakelijkheidsverzekering onroerend goed;"Negotiating and placing reinsurance contracts;";Onderhandelen over en plaatsen van herverzekeringscontracten;0.395;
3322;commercieel vertegenwoordiger;"Obtaining and updating knowledge of market conditions and of employer's and competitors' goods and services;";Het verkrijgen en actualiseren van kennis van marktomstandigheden en van werkgever's en concurrenten' goederen en diensten;0.605;
3322;commercieel vertegenwoordiger;Following up clients to ensure satisfaction with products purchased.;Klanten opvolgen om de tevredenheid over de gekochte producten te garanderen;0.56;
3322;commercieel vertegenwoordiger;"Selling equipment, supplies and related services to business establishments or individuals;";Lijmfabrieken en -fabrieken;0.39;
3322;commercieel vertegenwoordiger;"Reporting customers' reactions and requirements to suppliers and manufacturers;";De reacties en vereisten van klanten aan leveranciers en fabrikanten te melden;0.385;
3323;houthandelaar;"Obtaining information about requirements and stock and developing specifications for quantity and quality to be purchased, costs, delivery dates and other contract conditions;";Het verkrijgen van informatie over eisen en voorraad en het ontwikkelen van specificaties voor af te nemen hoeveelheid en kwaliteit, kosten, leverdata en andere contractvoorwaarden;0.505;
3323;houthandelaar;Establishing delivery schedules, monitoring progress and contacting clients and suppliers to resolve problems.;Opstellen van leveringsschema's, bewaken van de voortgang en contact opnemen met klanten en leveranciers om problemen op te lossen;0.49;
3323;houthandelaar;"Interviewing suppliers and negotiating prices, discounts, credit terms and transportation arrangements;";Het interviewen van leveranciers en het onderhandelen over prijzen, kortingen, kredietvoorwaarden en transportregelingen;0.315;
3323;houthandelaar;"Overseeing distribution of merchandise to outlets and maintaining adequate stock levels;";Toezicht houden op de distributie van goederen naar verkooppunten en het handhaven van adequate voorraadniveaus;0.25;
3324;afvalstoffenmakelaar;Monitoring and analysing market trends and other factors affecting the supply and demand for commodities and shipping services.;Monitoring en analyse van markttrends en andere factoren die van invloed zijn op vraag en aanbod van grondstoffen en verzenddiensten;0.615;
3324;afvalstoffenmakelaar;"Establishing contact between buyers and sellers of commodities;";Het leggen van contact tussen kopers en verkopers van goederen;0.465;
3324;afvalstoffenmakelaar;"Buying and selling cargo space on ships;";Aan- en verkoop laadruimte op schepen;0.41;
3324;afvalstoffenmakelaar;"Negotiating purchase or sale of commodities and commodity futures;";Onderhandelen over aan- of verkoop van grondstoffen en grondstoffenfutures;0.3125;
3331;coördinator internationaal transport;"Ensuring that insurance is in order;";Ervoor zorgen dat de verzekering op orde is;0.64;
3331;coördinator internationaal transport;Checking import/export documentation to determine cargo contents, and classifying goods into different fee or tariff groups, using a tariff coding system.;Het controleren van import-/exportdocumentatie om de ladinginhoud te bepalen en het classificeren van goederen in verschillende tarief- of tariefgroepen, met behulp van een tariefcoderingssysteem;0.6325;
3331;coördinator internationaal transport;"Signing and issuing bills of lading;";Het ondertekenen en uitgeven van cognossementen;0.55;
3331;coördinator internationaal transport;"Carrying out customs clearing procedures for exports or imports;";Het uitvoeren van douane-inklaringsprocedures voor uitvoer of invoer;0.425;
3332;cultureel programmeur;"Organizing registration of participants;";Het organiseren van de registratie van deelnemers;0.65;
3332;cultureel programmeur;"Promoting conferences, conventions and trade shows to potential customers;";Het bevorderen van conferenties, conventies en handelsbeurzen voor potentiële klanten;0.615;
3332;cultureel programmeur;"Negotiating the type and costs of services to be provided within budget;";Onderhandelen over het type en de kosten van de te leveren diensten binnen het budget;0.35;
3332;cultureel programmeur;Overseeing work by contractors and reporting on variations to work orders.;Toezicht houden op het werk van aannemers en rapporteren over variaties op werkorders;0.335;
3333;arbeidsbemiddelaar;"Matching jobseekers with vacancies;";Het matchen van werkzoekenden met vacatures;0.56;
3333;arbeidsbemiddelaar;Advising on training schemes.;Adviseren over opleidingsschema's;0.41;
3333;arbeidsbemiddelaar;"Finding workers with appropriate skills, and undertaking the necessary formalities according to national or international regulations and requirements;";Het vinden van werknemers met de juiste vaardigheden en het uitvoeren van de nodige formaliteiten in overeenstemming met nationale of internationale voorschriften en vereisten;0.335;
3333;arbeidsbemiddelaar;"Discussing with employers the skills and other characteristics required of the workers to be employed or contracted;";Het bespreken met werkgevers van de vaardigheden en andere kenmerken die vereist zijn van de werknemers die in dienst moeten worden genomen of gecontracteerd;0.33;
3334;manager verhuur vastgoed;"Drawing up leasing and sale agreements and estimating costs;";Opstellen van huur- en verkoopovereenkomsten en inschatten van kosten;0.455;
3334;manager verhuur vastgoed;"Collecting rent and bond monies on behalf of owner and inspecting properties before, during and after tenancies;";Het innen van huur- en borggelden ten behoeve van eigenaar en het inspecteren van eigendommen voor, tijdens en na huur;0.44;
3334;manager verhuur vastgoed;"Facilitating negotiations with tenants and owners on rents and fees;";Het faciliteren van onderhandelingen met huurders en eigenaren over huurprijzen en vergoedingen;0.295;
3334;manager verhuur vastgoed;Ensuring the availability of workers to perform maintenance of the properties.;Zorgen voor de beschikbaarheid van werknemers om het onderhoud van de eigendommen uit te voeren;0.2;
3339;advertentie- en reclameacquisiteur;"Obtaining information about services to be sold and needs of prospective buyers;";Het verkrijgen van informatie over te verkopen diensten en behoeften van potentiële kopers;0.6;
3339;advertentie- en reclameacquisiteur;"Making sure that the business service purchased is made available to the buyer in the agreed format at the agreed time;";Ervoor zorgen dat de gekochte zakelijke dienst op het overeengekomen tijdstip in het overeengekomen formaat aan de koper ter beschikking wordt gesteld;0.535;
3339;advertentie- en reclameacquisiteur;"Negotiating contracts on behalf of seller or buyer and explaining terms of sale and payment to client;";Onderhandelen over contracten namens verkoper of koper en uitleggen van verkoop- en betalingsvoorwaarden aan opdrachtgever;0.33;
3339;advertentie- en reclameacquisiteur;"Signing agreements on behalf of seller or buyer and ensuring that contract is honoured;";Ondertekenen van overeenkomsten namens verkoper of koper en ervoor zorgen dat de overeenkomst wordt nageleefd;0.29;
3341;analist callcenter;"Coordinating, assigning and reviewing the work of clerks engaged in the following duties: word processing, record keeping and filing, operating telephones and switchboards; data entry, desktop publishing and other activities involving general office and administrative skills;";"Coördineren, toewijzen en beoordelen van het werk van bedienden die zich bezighouden met de volgende taken: tekstverwerking, archivering en archivering, bediening van telefoons en schakelborden; gegevensinvoer, desktop publishing en andere activiteiten met betrekking tot algemene kantoor- en administratieve vaardigheden";0.635;
3341;analist callcenter;"Resolving work-related problems and preparing and submitting progress and other reports;";Het oplossen van werkgerelateerde problemen en het voorbereiden en indienen van vorderingen en andere verslagen;0.47;
3341;analist callcenter;"Training and instructing employees in job duties, safety procedures and company policies, or arranging for training to be provided;";Opleiding en instructie van werknemers in functie, veiligheidsprocedures en bedrijfsbeleid, of het organiseren van opleidingen;0.335;
3341;analist callcenter;"Evaluating employees' job performance and conformity with regulations, and recommending appropriate personnel action;";Het evalueren van medewerkers' werkprestaties en naleving van regelgeving, en het aanbevelen van passende personeelsmaatregelen;0.335;
3342;administratief medewerker juridisch secretariaat;"Screening requests for meetings, and scheduling and organizing meetings;";Onderzoek van verzoeken om vergaderingen, planning en organisatie van vergaderingen;0.735;
3342;administratief medewerker juridisch secretariaat;"Reviewing and proofreading documents and correspondence to ensure compliance with legal procedures;";Herziening en correctie van documenten en correspondentie om de naleving van de wettelijke procedures te waarborgen;0.6325;
3342;administratief medewerker juridisch secretariaat;"Assisting in the preparation of budgets, monitoring of expenditures, drafting of contracts and purchasing or acquisition orders;";Assisteren bij het opstellen van budgetten, het monitoren van uitgaven, het opstellen van contracten en inkoop- of acquisitieorders;0.46;
3342;administratief medewerker juridisch secretariaat;Supervising the work of office support workers.;Toezicht houden op het werk van hulpverleners;0.34;
3343;administratief medewerker;"Screening requests for meetings, and scheduling and organizing meetings and travel arrangements;";Onderzoek van verzoeken om vergaderingen, planning en organisatie van vergaderingen en reisarrangementen;0.715;
3343;administratief medewerker;Preparing verbatim reports of proceedings in legislative assemblies, courts of law or other places using shorthand or specialized office equipment.;Voorbereiden van volledige verslagen van procedures in wetgevende vergaderingen, rechtbanken of andere plaatsen met behulp van steno- of gespecialiseerde kantoorapparatuur;0.645;
3343;administratief medewerker;Supervising the work of clerical support workers.;Het toezicht houden op het werk van hulpverleners;0.35;
3343;administratief medewerker;"Liaising with other staff about a range of matters relating to the organization's operations;";Contact onderhouden met ander personeel over een reeks zaken met betrekking tot de activiteiten van de organisatie;0.32;
3344;administratief medewerker medisch secretariaat;"Completing insurance and other claims forms;";Het invullen van (verzekerings-) schadeformulieren;0.66;
3344;administratief medewerker medisch secretariaat;"Preparing financial statements and billing procedures;";Het opstellentreffende financiële overzichten en factureringsprocedures;0.645;
3344;administratief medewerker medisch secretariaat;"Compiling, recording and reviewing medical charts, reports, documents and correspondence;";Het opstellen, vastleggen en beoordelen van medische grafieken, rapporten, documenten en correspondentie;0.4525;
3344;administratief medewerker medisch secretariaat;Supervising the work of office support workers and other office staff.;Het toezicht houden op het werk van kantoormedewerkers en ander kantoorpersoneel;0.34;
3351;bagage-inspecteur;"Performing related administrative tasks to record findings, transactions, violations and determinations;";Het uitvoeren van gerelateerde administratieve taken om bevindingen, transacties, overtredingen en vaststellingen vast te leggen;0.525;
3351;bagage-inspecteur;"Checking travel documents of persons crossing national borders to ensure that they have the necessary authorizations and certificates;";Het controleren van reisdocumenten van personen die de nationale grenzen overschrijden om zich ervan te vergewissen dat zij over de nodige vergunningen en certificaten beschikken;0.485;
3351;bagage-inspecteur;"Detaining persons and seizing prohibited and undeclared goods found to be in violation of immigration and customs laws;";Het vasthouden van personen en het in beslag nemen van verboden en niet-aangegeven goederen die in strijd zijn met de immigratie- en douanewetgeving;0.18;
3351;bagage-inspecteur;"Patrolling national borders and coastal waters to stop persons from illegally entering or leaving the country and from illegally importing or exporting currency or goods;";Patrouilleren aan nationale grenzen en kustwateren om te voorkomen dat personen illegaal het land binnenkomen of verlaten en illegaal valuta of goederen importeren of exporteren;0.1225;
3352;inspecteur belastingen;Performing related administrative tasks to document findings, maintain records and report on actions taken for cases.;Het uitvoeren van gerelateerde administratieve taken om bevindingen te documenteren, registers bij te houden en te rapporteren over acties die zijn ondernomen voor zaken;0.6625;
3352;inspecteur belastingen;"Examining tax returns, bills of sale and other relevant documents to determine type and amount of taxes, duties and other types of fees to be paid;";Het onderzoeken van belastingaangiften, verkoopfacturen en andere relevante documenten om het type en het bedrag van de te betalen belastingen, rechten en andere soorten vergoedingen te bepalen;0.5;
3352;inspecteur belastingen;"Investigating filed tax returns and accounting records, systems and internal controls of organizations to ensure compliance with taxation laws and regulations;";Het onderzoeken van ingediende belastingaangiften en boekhouding, systemen en interne controles van organisaties om naleving van fiscale wet- en regelgeving te waarborgen;0.44;
3352;inspecteur belastingen;"Advising organizations, enterprises and the public on government laws, rules and regulations concerning the determination and payment of taxes, duties and other government fees, and on the public's rights and obligations;";Het adviseren van organisaties, ondernemingen en het publiek over overheidswetten, -regels en -voorschriften met betrekking tot de vaststelling en betaling van belastingen, rechten en andere overheidsvergoedingen, en over de rechten en plichten van het publiek;0.37;
3353;medewerker pensioen;Performing related administrative tasks to maintain client records and prepare reports on determinations regarding eligibility, referral decisions, termination of benefits and abuse or fraud.;Het uitvoeren van gerelateerde administratieve taken om klantendossiers bij te houden en rapporten op te stellen over vaststellingen met betrekking tot geschiktheid, verwijzingsbeslissingen, beëindiging van voordelen en misbruik of fraude;0.515;
3353;medewerker pensioen;"Examining applications and other relevant documents to determine types and amounts of benefit which individuals are eligible to receive;";Het onderzoeken van aanvragen en andere relevante documenten om soorten en bedragen van voordelen te bepalen die personen in aanmerking komen om te ontvangen;0.5;
3353;medewerker pensioen;"Assessing documentation and interviewing benefit recipients to ensure eligibility for continuing benefits or services;";Het beoordelen van documentatie en het interviewen van uitkeringsontvangers om ervoor te zorgen dat ze in aanmerking komen voor doorlopende uitkeringen of;0.43;
3353;medewerker pensioen;"Advising individuals and organizations on government laws, rules and regulations concerning government benefit programmes and the determination and disbursement of payments or referral to services, as well as on the public's rights and obligations;";Het adviseren van personen en organisaties over overheidswetten, -regels en -voorschriften met betrekking tot uitkeringsprogramma's van de overheid en de vaststelling en uitbetaling van betalingen of doorverwijzing naar diensten, alsmede over de rechten en plichten van het publiek;0.365;
3354;functionaris burgerzaken;"Performing related administrative tasks to process applications, document activities, evaluations and determinations, and to prepare correspondence to inform applicants of licensing decisions;";Het uitvoeren van gerelateerde administratieve taken om aanvragen te verwerken, activiteiten, evaluaties en vaststellingen te documenteren en correspondentie voor te bereiden om aanvragers te informeren over licentiebeslissingen;0.5;
3354;functionaris burgerzaken;"Examining applications and approving the issue of passports;";Het onderzoeken van aanvragen en het goedkeuren van de afgifte van paspoorten;0.49;
3354;functionaris burgerzaken;"Advising individuals on government laws and regulations concerning the type of licence required and the conditions attached to such licences, and on the public's rights and obligations;";Het adviseren van particulieren over overheidswetten en -voorschriften met betrekking tot het type vergunning dat vereist is en de voorwaarden die aan dergelijke vergunningen zijn verbonden, en over de rechten en plichten van het publiek;0.365;
3354;functionaris burgerzaken;Administering and scoring tests required to license applicants.;Het afnemen en scoren van tests die nodig zijn om aanvragers te licentiëren;0.3375;
3355;hoofdinspecteur;"Establishing contacts and sources of information not readily available or apparent concerning establishments or the circumstances and behaviour of persons, usually with the aim of preventing a crime;";Het leggen van contacten en informatiebronnen die niet direct beschikbaar of voor de hand liggend zijn met betrekking tot inrichtingen of de omstandigheden en het gedrag van personen, meestal met het doel een misdrijf te voorkomen;0.285;
3355;hoofdinspecteur;"Analysing evidence in order to solve crimes, identify criminal activity and gather information for court cases;";Het analyseren van bewijs om misdaden op te lossen, criminele activiteiten te identificeren en informatie te verzamelen voor rechtszaken;0.265;
3355;hoofdinspecteur;"Establishing contacts and sources of information about crimes planned or committed, in order to prevent crimes or identify suspected offenders;";Het leggen van contacten en bronnen van informatie over geplande of gepleegde misdrijven, om misdrijven te voorkomen of vermoedelijke daders te identificeren;0.235;
3355;hoofdinspecteur;"Making arrests;";Het verrichten van aanhoudingen;0.1025;
3359;adviseur consumentenrecht;Performing related investigative and administrative tasks to record findings, document compliance problems or inappropriate business practices and to prepare reports and correspondence.;Het uitvoeren van gerelateerde onderzoeks- en administratieve taken om bevindingen vast te leggen, nalevingsproblemen of ongepaste bedrijfspraktijken te documenteren en rapporten en correspondentie voor te bereiden;0.47;
3359;adviseur consumentenrecht;"Monitoring price regulations to assess appropriateness of costs for goods and services to protect consumer interests;";Toezicht houden op prijsreglementering om de geschiktheid van kosten voor goederen en diensten te beoordelen om de belangen van de consument te beschermen;0.42;
3359;adviseur consumentenrecht;"Monitoring wage regulations to ensure appropriate levels of pay for work performed and to assess compliance with employment standards legislation;";Toezicht houden op de loonvoorschriften om te zorgen voor een passend niveau van beloning voor verrichte werkzaamheden en om de naleving van de arbeidsnormenwetgeving te beoordelen;0.28;
3359;adviseur consumentenrecht;"Examining places of business to ensure the use of correct weights and measures in trade;";Het onderzoeken van bedrijfslocaties om het gebruik van de juiste gewichten en maten in de handel te waarborgen;0.27;
3411;advocatenklerk;"Preparing documents relating to transfer of real estate, stocks or other matters requiring formal registration;";Het opstellen van documenten betreffende de overdracht van onroerend goed, voorraden of andere zaken waarvoor een formele registratie vereist is;0.605;
3411;advocatenklerk;"Preparing legal documents including trial briefs, pleadings, appeals, wills and contracts and preparing, papers summarizing legal positions or setting out conditions of loans or insurance;";Het voorbereiden van juridische documenten, met inbegrip van processtukken, memories, beroepen, testamenten en contracten en het opstellen van documenten waarin juridische posities worden samengevat of voorwaarden voor leningen of verzekeringen worden vastgesteld;0.56;
3411;advocatenklerk;"Maintaining order in court and hearing rooms;";Handhaving van de orde in de rechtszaal en de zittingszalen;0.2;
3411;advocatenklerk;"Investigating possible cases of theft of goods, money or information from business establishments and of other possible cases of unlawful behaviour by customers or employees;";Het onderzoeken van mogelijke gevallen van diefstal van goederen, geld of informatie uit bedrijfsvestigingen en van andere mogelijke gevallen van onrechtmatig gedrag door klanten of werknemers;0.1925;
3412;begeleider geestelijke gezondheidszorg;"Collecting information relevant to clients' needs and assessing their relevant skills, strengths and deficits;";Het verzamelen van informatie die relevant is voor de behoeften van klanten en het beoordelen van hun relevante vaardigheden, sterke punten en tekortkomingen;0.555;
3412;begeleider geestelijke gezondheidszorg;"Assisting in evaluating the effectiveness of interventions and programmes by monitoring and reporting on clients' progress;";Assisteren bij het evalueren van de effectiviteit van interventies en programma's door het bewaken van en rapporteren over de voortgang van cliënten;0.5;
3412;begeleider geestelijke gezondheidszorg;"Counselling clients living in group homes and half-way houses, supervising their activities and assisting in pre-release and release planning;";Begeleiden van cliënten die in groepswoningen en tussenwoningen wonen, begeleiden van hun activiteiten en assisteren bij pre-release en release planning;0.21;
3412;begeleider geestelijke gezondheidszorg;"Providing crisis intervention and emergency shelter services;";Voorzien in crisisinterventie- en noodopvangdiensten;0.1825;
3413;monnik/non;"Administering and participating in programmes to provide food, clothing and shelter to those in need;";Het beheren van en deelnemen aan programma's om voedsel, kleding en onderdak te bieden aan mensen in nood;0.215;
3413;monnik/non;Advising communities and individuals on proper behaviour and faith to preserve or improve well-being.;Het adviseren van gemeenschappen en individuen over correct gedrag en geloof om het welzijn te behouden of te verbeteren;0.2025;
3413;monnik/non;"Assisting at services of public worship and religious rites;";Assisteren bij diensten van openbare eredienst en religieuze riten;0.0675;
3413;monnik/non;"Undertaking religious works;";Religieuze werken uitvoeren;0.053;
3421;beroepssporter;"Undertaking sports promotional activities and media interviews;";Het uitvoeren van promotieactiviteiten en media-interviews;0.4025;
3421;beroepssporter;"Deciding on strategies in consultation with coaches;";Beslissen over strategieën in overleg met coaches;0.335;
3421;beroepssporter;"Participating in competitive sporting events;";Deelnemen aan competitieve sportevenementen;0.0835;
3421;beroepssporter;"Competing in sporting events;";Deelnemen aan sportevenementen;0.07;
3422;artistiek coach;Compiling scores and other athletic records.;Het samenstellen van scores en andere atletische records;0.665;
3422;artistiek coach;"Developing, planning and co-ordinating competitive schedules and programmes;";Het ontwikkelen, plannen en coördineren van competitieve schema's en programma's;0.5;
3422;artistiek coach;"Motivating and preparing athletes or teams for competitive events or games;";Het motiveren en voorbereiden van sporters of teams voor competitieve evenementen of wedstrijden;0.2925;
3422;artistiek coach;"Officiating at sporting events or athletic competitions to maintain standards of play and to ensure that game rules and safety regulations are observed;";Functioneren bij sportevenementen of atletiekwedstrijden om de spelnormen te handhaven en ervoor te zorgen dat de spelregels en veiligheidsvoorschriften worden nageleefd;0.255;
3423;assistent-animator outdooractiviteiten;"Instructing in the use of equipment;";Instructie geven in het gebruik van apparatuur;0.325;
3423;assistent-animator outdooractiviteiten;"Planning and carrying out recreational and fitness activities;";Plannen en uitvoeren van recreatie- en fitnessactiviteiten;0.285;
3423;assistent-animator outdooractiviteiten;"Demonstrating and teaching body movements, concepts and skills used in fitness routines and recreational activities;";Demonstreer en leer lichaamsbewegingen, concepten en vaardigheden die worden gebruikt in fitnessroutines en recreatieve activiteiten;0.24;
3423;assistent-animator outdooractiviteiten;"Monitoring recreational, sports or fitness activities to ensure safety and provide emergency or first aid assistance when required;";Het bewaken van recreatie-, sport- of fitnessactiviteiten om de veiligheid te waarborgen en indien nodig nood- of EHBO-hulp te verlenen;0.125;
3431;fotograaf;"Operating scanners to transfer photographic images to computers;";Het bedienen van scanners om fotografische beelden over te brengen naar computers;0.565;
3431;fotograaf;"Adapting existing photographic images to create new digitized images to be included in multimedia products;";Bestaande fotografische afbeeldingen aanpassen om nieuwe gedigitaliseerde afbeeldingen te maken die in multimediaproducten moeten worden opgenomen;0.56;
3431;fotograaf;Using airbrush, computer or other techniques to create the desired visual effect.;Met behulp van airbrush, computer of andere technieken om het gewenste visuele effect te creëren;0.3;
3431;fotograaf;"Taking portrait photographs of persons and groups of persons;";Portretfoto's maken van personen en groepen personen;0.25;
3432;decorbouwer;"Preparing sketches, diagrams, illustrations and plans to communicate design concepts;";Het voorbereiden van schetsen, diagrammen, illustraties en plannen om ontwerpconcepten te communiceren;0.485;
3432;decorbouwer;"Detailing and documenting selected design for construction;";Uitwerken en documenteren van geselecteerd ontwerp voor de bouw;0.455;
3432;decorbouwer;"Negotiating design solutions with clients, management, suppliers and construction staff;";Onderhandelen over ontwerpoplossingen met klanten, management, leveranciers en bouwpersoneel;0.31;
3432;decorbouwer;"Designing and painting stage scenery;";Ontwerpen en schilderen podiumlandschap;0.23;
3433;art handler;"Entering data into databases and editing computer records;";Het invoeren van gegevens in databases en het bewerken van computerrecords;0.7;
3433;art handler;Searching and verifying bibliographic data.;Zoeken en verifiëren van bibliografische gegevens;0.61;
3433;art handler;"Mounting and preparing objects for display;";Monteren en gereedmaken van objecten voor weergave;0.165;
3433;art handler;"Receiving, shipping, packing and unpacking exhibits;";Ontvangst, verzending, verpakking en uitpakken van tentoonstellingen;0.165;
3434;banketbakker;"Planning and developing recipes and menus, estimating food and labour costs, and ordering food supplies;";Het plannen en ontwikkelen van recepten en menu's, het inschatten van voedsel- en arbeidskosten en het bestellen van voedselvoorraden;0.3825;
3434;banketbakker;"Discussing food preparation issues with managers, dieticians, kitchen and waiting staff;";Het bespreken van voedselbereidingsproblemen met managers, diëtisten, keuken- en bedienend personeel;0.285;
3434;banketbakker;"Monitoring quality of dishes at all stages of preparation and presentation;";Bewaken van de kwaliteit van gerechten in alle stadia van bereiding en presentatie;0.18;
3434;banketbakker;"Preparing, seasoning and cooking speciality foods and complex dishes;";Voorbereiden, kruiden en kookspecialiteiten en complexe gerechten;0.1625;
3511;medewerker datacentrum;"Retrieving, separating and sorting programme output as needed, and sending data to specified users;";De output van het programma ophalen, scheiden en sorteren indien nodig, en gegevens naar gespecificeerde gebruikers sturen;0.67;
3511;medewerker datacentrum;"Reading job set-up instructions to determine equipment to be used, order of use, material such as disks and paper to be loaded, and control settings;";Het lezen van instructies voor het instellen van taken om te bepalen welke apparatuur moet worden gebruikt, de volgorde van gebruik, materiaal zoals schijven en papier dat moet worden geladen, en de instellingen van de besturing;0.5;
3511;medewerker datacentrum;"Monitoring systems for equipment failure or errors in performance;";Controlesystemen voor uitval van apparatuur of fouten in de prestaties;0.35;
3511;medewerker datacentrum;Loading peripheral equipment, such as printers, with selected materials for operating runs, or overseeing loading of peripheral equipment by peripheral equipment operators.;Het laden van randapparatuur, zoals printers, met geselecteerde materialen voor operationele runs, of het toezicht houden op het laden van randapparatuur door operators van randapparatuur;0.2;
3512;ICT-beveiligingstechnicus;"Consulting user guides, technical manuals and other documents to research and implement solutions;";Het raadplegen van gebruikershandleidingen, technische handleidingen en andere documenten om oplossingen te onderzoeken en te implementeren;0.665;
3512;ICT-beveiligingstechnicus;Assisting applications programmers, systems developers and other ICT professionals to develop and test ICT products and services.;Bijstaan van applicatieprogrammeurs, systeemontwikkelaars en andere ICT-professionals bij het ontwikkelen en testen van ICT-producten en -diensten;0.635;
3512;ICT-beveiligingstechnicus;"Setting up equipment for employee use and performing or ensuring proper installation of cables, operating systems or appropriate software;";Het opzetten van apparatuur voor het gebruik door de werknemer en het uitvoeren of waarborgen van een goede installatie van kabels, besturingssystemen of geschikte software;0.27;
3512;ICT-beveiligingstechnicus;"Installing and performing minor repairs to hardware, software or peripheral equipment, following design or installation specifications;";Het installeren en uitvoeren van kleine reparaties aan hardware, software of randapparatuur, volgens ontwerp- of installatiespecificaties;0.1425;
3513;datacommunicatiemanager luchtvaart;"Assisting users with network and data communications problems;";Het assisteren van gebruikers bij netwerk- en datacommunicatieproblemen;0.55;
3513;datacommunicatiemanager luchtvaart;"Operating, maintaining and troubleshooting network systems;";Bediening, onderhoud en probleemoplossing van netwerksystemen;0.485;
3513;datacommunicatiemanager luchtvaart;"Identifying areas needing upgraded equipment and software;";Het identificeren van gebieden die verbeterde apparatuur en software nodig hebben;0.355;
3513;datacommunicatiemanager luchtvaart;"Installing computer hardware, network software, operating system software and applications software;";Het installeren van computerhardware, netwerksoftware, besturingssysteemsoftware en applicatiesoftware;0.33;
3514;webmaster;"Creating and modifying web pages;";Aanmaken en aanpassen van webpagina's;0.725;
3514;webmaster;"Developing and maintaining documentation, policies and instructions, recording operational procedures and system logs;";Het ontwikkelen en onderhouden van documentatie, beleid en instructies, het vastleggen van operationele procedures en systeemlogboeken;0.615;
3514;webmaster;"Installing, monitoring and supporting the reliability and usability of Internet and Intranet websites or web server hardware or software;";Het installeren, bewaken en ondersteunen van de betrouwbaarheid en bruikbaarheid van internet- en intranetwebsites of webserverhardware of -software;0.415;
3514;webmaster;"Liaising with, and providing guidance to, clients and users;";Contact onderhouden met en begeleiding bieden aan klanten en gebruikers;0.37;
3521;audiovisueel technicus;"Controlling equipment to edit and mix image and sound recordings to ensure satisfactory quality and to create special image and sound effects;";Besturingsapparatuur om beeld- en geluidsopnamen te bewerken en te mixen om een bevredigende kwaliteit te garanderen en om speciale beeld- en geluidseffecten te creëren;0.52;
3521;audiovisueel technicus;"Applying knowledge of principles and practices of image and sound recording and editing in order to identify and solve problems;";Het toepassen van kennis van principes en praktijken van beeld- en geluidsopname en -bewerking om problemen te identificeren en op te lossen;0.4;
3521;audiovisueel technicus;"Controlling equipment to record sound;";Besturingsapparatuur om geluid op te nemen;0.275;
3521;audiovisueel technicus;Making emergency repairs to equipment.;Het uitvoeren van noodreparaties aan apparatuur;0.165;
3522;telecommunicatietechnicus;"Providing technical assistance connected with research and the development of telecommunications equipment, or testing prototypes;";Het verlenen van technische bijstand in verband met onderzoek en de ontwikkeling van telecommunicatieapparatuur of het testen van prototypes;0.475;
3522;telecommunicatietechnicus;"Providing technical supervision of the manufacture, utilization, maintenance and repair of telecommunications systems to ensure satisfactory performance and compliance with specifications and regulations;";Technische controle op de fabricage, het gebruik, het onderhoudvaarding en de reparatie van telecommunicatiesystemen om te zorgen voor bevredigende prestaties en naleving van specificaties en voorschriften;0.475;
3522;telecommunicatietechnicus;"Preparing detailed estimates of quantities and costs of materials and labour required for the manufacture and installation of telecommunications equipment, according to the specifications given;";Het opstellen van gedetailleerde ramingen van de hoeveelheden en kosten van materialen en arbeid die nodig zijn voor de fabricage en installatie van telecommunicatieapparatuur, overeenkomstig de opgegeven specificaties;0.455;
3522;telecommunicatietechnicus;"Studying technical material such as blue prints and sketches to determine the method of work to be adopted;";Het bestuderen van technisch materiaal, zoals blauwe prenten en schetsen om de te volgen werkmethode te bepalen;0.39;
4110;administratief medewerker ledenadministratie;Transcribing information onto computers, and proofreading and correcting copy.;Informatie op computers afschrijven, proeflezen en corrigeren;0.7125;
4110;administratief medewerker ledenadministratie;"Checking figures, preparing invoices and recording details of financial transactions made;";Het controleren van cijfers, het opstellen van facturen en het vastleggen van details van financiële transacties;0.685;
4110;administratief medewerker ledenadministratie;"Photocopying and faxing documents;";Kopiëren en faxen van documenten;0.535;
4110;administratief medewerker ledenadministratie;"Sorting, opening and sending mail;";Sorteren, openen en verzenden van post;0.3875;
4120;administratief medewerker secretariaat;"Screening requests for meetings or appointments and helping to organize meetings;";Onderzoek van verzoeken om vergaderingen of afspraken en hulp bij het organiseren van vergaderingen;0.76;
4120;administratief medewerker secretariaat;Dealing with routine correspondence on their own initiative.;Het op eigen initiatief afhandelen van routinematige correspondentie;0.6375;
4120;administratief medewerker secretariaat;"Scanning, recording and distributing mail, correspondence and documents;";Scannen, opnemen en verspreiden van post, correspondentie en documenten;0.515;
4120;administratief medewerker secretariaat;"Dealing with incoming or outgoing mail;";Het afhandelen van inkomende of uitgaande post;0.405;
4131;typist;"Checking completed work for proper spelling, grammar, punctuation and formatting;";Het controleren van voltooid werk op de juiste spelling, grammatica, interpunctie en opmaak;0.7;
4131;typist;"Filing and storing completed documents on computer hard drive or disk, or maintain a computer filing system to store, retrieve or update documents;";Het archiveren en opslaan van ingevulde documenten op de harde schijf of schijf van de computer, of het onderhouden van een computer bestandssysteem om documenten op te slaan, op te halen of bij te werken;0.685;
4131;typist;Transcribing information recorded in shorthand and on sound recording equipment.;Informatie die in steno en geluidsopnameapparatuur is opgenomen;0.6;
4131;typist;"Gathering and arranging the material to be typed, following instructions;";Verzamelen en rangschikken van het te typen materiaal, volgens instructies;0.5575;
4132;datatypist;"Entering numerical data, codes and text from source material into computer-compatible storage and processing devices;";Het invoeren van numerieke gegevens, codes en tekst uit bronmateriaal in computercompatibele opslag- en verwerkingsapparatuur;0.7375;
4132;datatypist;"Receiving and registering invoices, forms, records and other documents for data capture;";Het ontvangen en registreren van facturen, formulieren, registers en andere documenten voor het vastleggen van gegevens;0.715;
4132;datatypist;"Verifying accuracy and completeness of data and correcting entered data, if needed;";De juistheid en volledigheid van de gegevens verifiëren en de ingevoerde gegevens corrigeren, indien nodig;0.685;
4132;datatypist;"Operating bookkeeping and calculating machines;";Bedienen van boekhoud- en rekenmachines;0.6625;
4211;baliemedewerker bankbedrijf;"Crediting and debiting clients' accounts;";Het crediteren en debiteren van klantenrekeningen;0.64;
4211;baliemedewerker bankbedrijf;"Paying bills and making money transfers on clients' behalf;";Het namens cliënten betalen van rekeningen en het doen van geldtransfers;0.6375;
4211;baliemedewerker bankbedrijf;Making records of all transactions and reconciling them with cash balance.;Registreren van alle transacties en afstemmen met kassaldo;0.59;
4211;baliemedewerker bankbedrijf;"Receiving mail, selling postage stamps and conducting other post office counter business such as bill payments, money transfers and related business;";Het ontvangen van post, het verkopen van postzegels en het uitvoeren van andere postkantoren, zoals facturen, geldoverschrijvingen en aanverwante zaken;0.4;
4212;bingoleider;"Preparing and issuing lists of approximate odds;";Het opstellen en uitgeven van lijsten van geschatte kansen;0.65;
4212;bingoleider;"Determining risks to decide odds and to hedge or refuse bets;";Het bepalen van risico's om odds te bepalen en weddenschappen af te dekken of te weigeren;0.565;
4212;bingoleider;"Explaining and interpreting operating rules of a gambling establishment;";Uitleggen en interpreteren van bedrijfsregels van een kansspelinrichting;0.3475;
4212;bingoleider;"Distributing cards, rolling dice or spinning a roulette wheel;";Kaarten uitdelen, dobbelstenen gooien of een roulettewiel draaien;0.1775;
4213;pandhuishouder;"Evaluating articles offered as pledges, calculating interest, and lending money;";Het beoordelen van artikelen die als pandrecht worden aangeboden, het berekenen van rente en het uitlenen van geld;0.5525;
4213;pandhuishouder;"Lending money as personal loans against success of future harvest and other similar undertakings;";Geld lenen als persoonlijke lening tegen het succes van toekomstige oogst en andere soortgelijke ondernemingen;0.515;
4213;pandhuishouder;"Collecting loans when the pledge involved the success of future harvest and other similar undertakings;";Het innen van leningen wanneer de verpanding het succes van toekomstige oogst en andere soortgelijke ondernemingen inhield;0.45;
4213;pandhuishouder;Keeping a record of items received and money distributed and received.;Het bijhouden van een register van ontvangen items en geld dat is gedistribueerd en ontvangen;0.4;
4214;incassomedewerker;"Recommending legal action or discontinuation of service when payment cannot be otherwise obtained;";Het aanbevelen van gerechtelijke stappen of het staken van de dienst wanneer de betaling niet anders kan worden verkregen;0.535;
4214;incassomedewerker;"Preparing reports including amounts collected, and maintain records and files related to collection work;";Het opstellen van verslagen, met inbegrip van verzamelde bedragen, en het bijhouden van dossiers en dossiers met betrekking tot inzamelingswerkzaamheden;0.45;
4214;incassomedewerker;"Tracing and locating debtors;";Het opsporen en lokaliseren van debiteuren;0.37;
4214;incassomedewerker;"Telephoning, visiting, or writing to customers to collect money or arrange for later payments;";Telefoneren, bezoeken of schrijven aan klanten om geld te verzamelen of later betalingen te regelen;0.35;
4221;commercieel medewerker spoorwegen;"Making and confirming reservations for travel, tours and accommodation;";Het maken en bevestigen van reserveringen voor reizen, tours en accommodatie;0.635;
4221;commercieel medewerker spoorwegen;"Obtaining information about the availability, cost and convenience of different types of transport and accommodation, ascertaining customer's requirements and advising them on travel arrangements;";Het verkrijgen van informatie over de beschikbaarheid, kosten en het gemak van verschillende soorten vervoer en accommodatie, het vaststellen van de eisen van de klant en het adviseren over reisarrangementen;0.62;
4221;commercieel medewerker spoorwegen;"Helping customers in obtaining necessary travel documents such as visas;";Klanten helpen bij het verkrijgen van noodzakelijke reisdocumenten zoals visa;0.465;
4221;commercieel medewerker spoorwegen;"Verifying travel documentation and registering passengers and luggage at check-in and departure;";Het verifiëren van reisdocumenten en het registreren van passagiers en bagage bij het inchecken en vertrek;0.45;
4222;chatmedewerker;"Sending letters, information sheets and other documents to clients;";Brieven, informatiebladen strategie en andere documenten aan cliënten sturen;0.655;
4222;chatmedewerker;"Identifying requirements and entering events into a computer system;";Het identificeren van vereisten en het invoeren van gebeurtenissen in een computersysteem;0.625;
4222;chatmedewerker;"Dispatching tasks to other units, when relevant;";Het uitzenden van taken naar andere eenheden, indien relevant;0.52;
4222;chatmedewerker;Advising clients of additional products or services.;Adviseren van klanten over aanvullende producten of diensten;0.515;
4223;meldkamercentralist;"Operating switchboards and consoles to connect, hold, transfer, and disconnect telephone calls;";Schakelborden en consoles voor het verbinden, vasthouden, overdragen en loskoppelen van telefoongesprekken;0.665;
4223;meldkamercentralist;"Dealing with telephone inquiries and recording messages;";Het afhandelen van telefonische vragen en het opnemen van berichten;0.615;
4223;meldkamercentralist;"Making connections for outgoing calls;";Verbindingen maken voor uitgaande gesprekken;0.535;
4223;meldkamercentralist;Investigating operating system problems and informing repair services.;Het onderzoeken van problemen met het besturingssysteem en het informeren van reparatieservices;0.29;
4224;campingmedewerker;"Providing information regarding hotel services and services available in the community;";Het verstrekken van informatie over hoteldiensten en diensten die in de gemeenschap beschikbaar zijn;0.625;
4224;campingmedewerker;Reviewing statements of charges to departing guests and receiving payment.;Overzicht van de kosten van vertrekkende gasten en ontvangst van betaling;0.56;
4224;campingmedewerker;"Contacting housekeeping or maintenance services when guests report problems;";Contact opnemen met schoonmaak- of onderhoudsdiensten wanneer gasten problemen melden;0.435;
4224;campingmedewerker;"Responding to guests' requests for housekeeping and maintenance services as well as complaints;";Reageren op verzoeken van gasten om huishoudelijke en onderhoudsdiensten en klachten;0.3875;
4225;vertegenwoordiger klantenservice;"Responding to inquiries about problems and providing advice, information and assistance;";Reageren op vragen over problemen en advies, informatie en bijstand verstrekken;0.67;
4225;vertegenwoordiger klantenservice;Issuing relevant forms, information kits and brochures to interested parties.;Het verstrekken van relevante formulieren, informatiepakketten en brochures aan geïnteresseerden;0.655;
4225;vertegenwoordiger klantenservice;"Recording information about inquiries and complaints;";Het registreren van informatie over onderzoeken en klachten;0.515;
4225;vertegenwoordiger klantenservice;"Referring complex inquiries to team leaders or expert advisers;";Complexe onderzoeken verwijzen naar teamleiders of deskundigenadviseurs;0.47;
4226;dierenartsassistent;"Making appointments for clients;";Afspraken maken voor opdrachtgevers;0.735;
4226;dierenartsassistent;Supplying information pamphlets, brochures or forms.;Het verstrekken van informatiefolders, brochures of formulieren;0.685;
4226;dierenartsassistent;"Directing clients to appropriate location or person;";Klanten doorverwijzen naar de juiste locatie of persoon;0.415;
4226;dierenartsassistent;"Receiving and welcoming visitors, guests or clients;";Het ontvangen en verwelkomen van bezoekers, gasten of klanten;0.365;
4227;enquêteur;"Recording responses on paper or entering responses directly into a computer database through computer-assisted interviewing systems;";Het opnemen van antwoorden op papier of het rechtstreeks invoeren van antwoorden in een computerdatabank via computerondersteunde ondervragingssystemen;0.69;
4227;enquêteur;"Asking questions following the outlines of questionnaires and surveys;";Vragen stellen naar aanleiding van de hoofdlijnen van vragenlijsten en enquêtes;0.675;
4227;enquêteur;"Identifying and resolving inconsistencies in responses;";Identificeren en oplossen van inconsistenties in reacties;0.42;
4227;enquêteur;"Contacting individuals by telephone or in person and explaining the purpose of the interview;";Telefonisch of persoonlijk contact opnemen met personen en het doel van het gesprek uitleggen;0.3475;
4229;hotelconciërge;"Verifying the accuracy of information provided;";Verificatie van de juistheid van de verstrekte informatie;0.6;
4229;hotelconciërge;"Providing information and answering questions concerning benefits and claims procedures;";Het verstrekken van informatie en het beantwoorden van vragen over uitkeringen en vorderingen;0.565;
4229;hotelconciërge;Referring patients or applicants to other organizations if they are ineligible for services.;Patiënten of aanvragers verwijzen naar andere organisaties indien zij niet in aanmerking komen voor diensten;0.32;
4229;hotelconciërge;"Interviewing applicants for public assistance to gather information pertinent to their application;";Het interviewen van aanvragers van overheidssteun om informatie te verzamelen die relevant is voor hun aanvraag;0.3035;
4311;facturist;Calculating, preparing and issuing bills, invoices, account statements and other financial statements according to established procedures.;Het berekenen, opstellen en uitreiken van rekeningen, facturen, rekeningoverzichten en andere financiële overzichten volgens vastgestelde procedures;0.71;
4311;facturist;"Operating computers programmed with accounting software to record, store and analyse information;";Bedieningscomputers geprogrammeerd met boekhoudsoftware om informatie vast te leggen, op te slaan en te analyseren;0.7;
4311;facturist;"Classifying, recording and summarizing numerical and financial data to compile and keep financial records, using journals and ledgers or computers;";Het classificeren, vastleggen en samenvatten van numerieke en financiële gegevens om financiële administratie samen te stellen en bij te houden, met behulp van journalen en grootboeken of computers;0.62;
4311;facturist;"Checking figures, postings and documents for correct entry, mathematical accuracy and proper codes;";Controleren van cijfers, boekingen en documenten op juiste invoer, wiskundige juistheid en juiste codes;0.53;
4312;administratief medewerker belastingen;"Processing insurance enrolments, cancellations, claims transactions, policy changes and payments;";Verwerking van verzekeringsinschrijvingen, annuleringen, vorderingentransacties, poliswijzigingen en betalingen;0.665;
4312;administratief medewerker belastingen;"Calculating totals, averages, percentages and other details and presenting them in the required tabular form;";Het berekenen van totalen, gemiddelden, percentages en andere gegevens en deze in de vereiste tabelvorm presenteren;0.65;
4312;administratief medewerker belastingen;Maintaining records of bonds, shares and other securities bought or sold on behalf of clients or employer.;Het bijhouden van gegevens over obligaties, aandelen en andere effecten die namens klanten of werkgever zijn gekocht of verkocht;0.6375;
4312;administratief medewerker belastingen;"Preparing financial documents, and calculating interest or brokerage charges and stamp duties payable;";Het voorbereiden van financiële documenten en het berekenen van rente- of bemiddelingskosten en verschuldigde zegelrechten;0.6;
4313;salarisadministrateur;Verifying attendance, hours worked and pay adjustments, and posting information onto designated records.;Controle van de aanwezigheid, gewerkte uren en loonaanpassingen, en het plaatsen van informatie op aangewezen records;0.7;
4313;salarisadministrateur;"Maintaining records of employee attendance, leave and overtime to calculate pay and benefit entitlements, using manual or computerized systems;";Het bijhouden van gegevens over aanwezigheid, verlof en overwerk van werknemers om loon- en uitkeringsrechten te berekenen, met behulp van handmatige of geautomatiseerde systemen;0.665;
4313;salarisadministrateur;"Preparing employee payments and benefit payments by cheque or electronic transfer;";Het voorbereiden van betalingen van werknemers en uitkeringen per cheque of elektronische overdracht;0.5775;
4313;salarisadministrateur;"Reviewing time sheets, work charts, wage computation and other information to detect and reconcile payroll discrepancies;";Het evalueren van tijdbladen, werkschema's, loonberekeningen en andere informatie om loonverschillen op te sporen en te verzoenen;0.5075;
4321;magazijnmedewerker kleding;"Maintaining stock records, verifying issue of goods, estimating needs and making requisitions of new stocks;";Het bijhouden van voorraadadministraties, het verifiëren van de uitgifte van goederen, het schatten van de behoeften en het opvragen van nieuwe voorraden;0.4325;
4321;magazijnmedewerker kleding;"Arranging and controlling receipt and dispatch of goods and keeping relevant records;";Het verzorgen en controleren van ontvangst en verzending van goederen en het bijhouden van relevante administratie;0.385;
4321;magazijnmedewerker kleding;"Compiling inventories of furniture and other items received for storage;";Inventarisatie van ontvangen meubelen en andere artikelen voor opslag;0.3775;
4321;magazijnmedewerker kleding;"Weighing goods received or produced, or for issue or dispatch and maintaining relevant records;";Weegproducten die zijn ontvangen of geproduceerd, of voor afgifte of verzending en het bijhouden van relevante registers;0.265;
4322;coördinator machineassemblage;"Preparing or assisting in the preparation of production operation schedules on the basis of customers' orders and production capacity and performance;";Voorbereiding of bijstand bij de voorbereiding van productie-exploitatieschema's op basis van orders en productiecapaciteit en prestaties van klanten;0.535;
4322;coördinator machineassemblage;"Preparing production requirements schedules, ensuring that materials are available when needed, and keeping relevant records;";Het opstellen van productieplannen, ervoor zorgen dat materialen beschikbaar zijn indien nodig, en het bijhouden van relevante registers;0.4625;
4322;coördinator machineassemblage;Recording and coordinating the flow of work and materials between departments.;Opname en coördinatie van de werk- en materiaalstroom tussen afdelingen;0.395;
4322;coördinator machineassemblage;"Computing quantities, qualities and types of materials required by production programme;";Het berekenen van hoeveelheden, kwaliteiten en soorten materialen die nodig zijn voor het productieprogramma;0.385;
4323;aircraft dispatcher;"Coordinating and keeping records of operational activities concerning road transport, such as allocation and scheduling of vehicles and drivers, loading and unloading of vehicles and storage of goods in transit;";Coördineren en bijhouden van administratie van operationele activiteiten met betrekking tot wegvervoer, zoals toewijzing en planning van voertuigen en chauffeurs, laden en lossen van voertuigen en opslag van goederen in transit;0.585;
4323;aircraft dispatcher;Preparing reports for management.;Verslagen opstellen voor het management;0.575;
4323;aircraft dispatcher;"Directing train routings within a division or zone of a railway system and keeping related records;";Het aansturen van treinrouteringen binnen een afdeling of zone van een spoorwegsysteem en het bijhouden van de bijbehorende administratie;0.415;
4323;aircraft dispatcher;"Directing, controlling and keeping records of freight handling at a railway yard;";Regisseren, controleren en bijhouden van de vrachtafhandeling op een spoorwegemplacement;0.345;
4411;bibliotheekmedewerker;"Maintaining journal subscriptions;";Het onderhouden van journaalabonnementen;0.665;
4411;bibliotheekmedewerker;"Performing clerical activities such as manual and electronic filing, word processing and occasional typing;";Het verrichten van administratieve werkzaamheden zoals handmatige en elektronische archivering, tekstverwerking en incidenteel typen;0.6;
4411;bibliotheekmedewerker;"Assisting library users in accessing basic library materials and making interlibrary loans;";Bibliotheekgebruikers helpen bij het verkrijgen van toegang tot basisbibliotheekmateriaal en het verstrekken van interbibliothecaire leningen;0.4;
4411;bibliotheekmedewerker;"Placing books and other library materials on shelves;";Boeken en ander bibliotheekmateriaal op schappen leggen;0.165;
4412;postbode;"Providing delivery confirmation records when requested by the client;";Het leveren van bevestigingsrecords op verzoek van de klant;0.565;
4412;postbode;"Sorting and keeping simple records of incoming and outgoing correspondence and dispatching outgoing mail in various establishments;";Het sorteren en bijhouden van eenvoudige dossiers van inkomende en uitgaande correspondentie en het verzenden van uitgaande post in verschillende inrichtingen;0.51;
4412;postbode;"Performing mail-handling duties in public post offices or privately owned delivery establishments;";Het uitvoeren van postverwerkingstaken in openbare postkantoren of particuliere bezorginrichtingen;0.305;
4412;postbode;"Sorting and delivering mail to private houses and businesses;";Het sorteren en bezorgen van post aan particuliere huizen en bedrijven;0.25;
4413;corrector;"Converting information into codes and classifying information by codes for data-processing purposes;";Het omzetten van informatie in codes en het classificeren van informatie door codes voor gegevensverwerkingsdoeleinden;0.6975;
4413;corrector;"Comparing proofs of texts and related material prepared for printing with original material, correcting errors and marking texts for printer according to the established rules;";Het vergelijken van drukproeven van teksten en aanverwant drukwerk met origineel materiaal, het corrigeren van fouten en het markeren van teksten voor drukkerij volgens de gestelde regels;0.675;
4413;corrector;"Sorting forms and marking them with identification numbers;";Het sorteren van formulieren en het markeren ervan met identificatienummers;0.35;
4413;corrector;Addressing circulars and envelopes by hand.;Circulaires en enveloppen met de hand adresseren;0.25;
4415;archiefmedewerker;"Keeping records of materials filed and removed;";Het bijhouden van registers van gearchiveerde en verwijderde materialen;0.6;
4415;archiefmedewerker;"Sorting or classifying materials according to guidelines such as content, purpose, user criteria, or chronological, alphabetical, or numerical order;";Het sorteren of classificeren van materialen volgens richtsnoeren zoals inhoud, doel, gebruikerscriteria of chronologische, alfabetische of numerieke volgorde;0.43;
4415;archiefmedewerker;"Filing material in drawers, cabinets and storage boxes;";Archiveringsmateriaal in laden, kasten en opbergdozen;0.2525;
4415;archiefmedewerker;Photocopying, scanning or faxing documents.;Kopiëren, scannen of faxen van documenten;0.17;
4416;medewerker personeelszaken;"Sending out job applications and announcements of job openings and job examinations;";Het versturen van sollicitaties en aankondigingen van vacatures en examens;0.6825;
4416;medewerker personeelszaken;Storing and retrieving personnel records and files on request.;Het opslaan en ophalen van personeelsdossiers en bestanden op aanvraag;0.675;
4416;medewerker personeelszaken;"Receiving and answering inquiries about employment entitlements and conditions;";Het ontvangen en beantwoorden van vragen over de rechten en voorwaarden op arbeid;0.525;
4416;medewerker personeelszaken;"Processing applications for employment and promotions and advising applicants of results;";De behandeling van aanvragen voor werkgelegenheid en promoties en het adviseren van aanvragers van resultaten;0.4425;
4419;advertentieassistent;"Receiving customers' orders for classified advertising, writing and editing copy, calculating advertising rates and billing customers;";Het ontvangen van orders van klanten voor gerubriceerde reclame, schrijven en bewerken van kopieën, het berekenen van reclametarieven en het factureren van klanten;0.6665;
4419;advertentieassistent;"Writing business and government correspondence such as replies to requests for information and assistance, damage claims, credit and billing enquiries and service complaints;";Het schrijven van zakelijke en overheidscorrespondentie zoals antwoorden op verzoeken om informatie en bijstand, schadeclaims, krediet- en factureringsverzoeken en klachten over diensten;0.62;
4419;advertentieassistent;Reading newspapers, magazines, press releases and other publications to locate and file articles of interest to staff and clients.;Het lezen van kranten, tijdschriften, persberichten en andere publicaties om artikelen te lokaliseren en te archiveren die van belang zijn voor personeel en klanten;0.615;
4419;advertentieassistent;"Assisting in the preparation of periodicals, advertisements, catalogues, directories and other material for publication;";Assisteren bij de voorbereiding van tijdschriften, advertenties, catalogi, gidsen en ander materiaal voor publicatie;0.61;
5111;cabinemedewerker;"Attending pre-flight briefings concerning weather, altitudes, routes, emergency procedures, crew coordination, lengths of flights, food and beverage services offered, and numbers of passengers;";Het bijwonen van pre-flight briefings met betrekking tot het weer, hoogten, routes, noodprocedures, coördinatie van de bemanning, lengte van de vluchten, aangeboden eet- en drinkgelegenheden en het aantal passagiers;0.405;
5111;cabinemedewerker;"Selling duty-free and other goods;";De verkoop van belastingvrije en andere goederen;0.3875;
5111;cabinemedewerker;"Verifying that first aid kits and other emergency equipment are in working order;";Controleren of EHBO-kits en andere noodapparatuur in werking zijn;0.09;
5111;cabinemedewerker;"Administering first aid to passengers in distress;";Het verlenen van eerste hulp aan passagiers in nood;0.085;
5112;bediende passagiersdienst spoorwegen;"Responding to passengers requests and complaints and providing information about stops and connections;";Reageren op verzoeken en klachten van passagiers en informatie verstrekken over stops en verbindingen;0.615;
5112;bediende passagiersdienst spoorwegen;"Collecting and issuing tickets, passes or fares, and checking the validity of tickets issued previously;";Het verzamelen en uitgeven van tickets, passen of tarieven, en het controleren van de geldigheid van eerder uitgegeven tickets;0.4625;
5112;bediende passagiersdienst spoorwegen;Taking appropriate action in case of emergencies or accidents.;Het nemen van passende maatregelen in noodgevallen of ongevallen;0.1175;
5112;bediende passagiersdienst spoorwegen;"Opening and closing doors for passengers;";Het openen en sluiten van deuren voor passagiers;0.0925;
5113;educatief medewerker dierentuin;"Describing and providing information on points of interest and exhibits and responding to questions;";Het beschrijven en verstrekken van informatie over aandachtspunten en producties en het beantwoorden van vragen;0.485;
5113;educatief medewerker dierentuin;"Greeting and registering visitors and tour participants, and issuing any required identification badges or safety devices;";Het begroeten en registreren van bezoekers en tourdeelnemers, en het uitgeven van vereiste identificatiebadges of veiligheidsvoorzieningen;0.435;
5113;educatief medewerker dierentuin;"Conducting educational activities for school children;";Het uitvoeren van educatieve activiteiten voor schoolkinderen;0.26;
5113;educatief medewerker dierentuin;"Providing for physical safety of groups, and performing activities such as providing first aid and directing emergency evacuations;";Zorgen voor de fysieke veiligheid van groepen en het verrichten van activiteiten zoals het verlenen van eerste hulp en het sturen van noodevacuaties;0.12;
5120;dieetkok;"Planning, supervising and coordinating the work of kitchen helpers;";Het plannen, begeleiden en coördineren van de werkzaamheden van keukenhulpverleners;0.2875;
5120;dieetkok;Regulating the temperature of ovens, grills, roasters and other cooking equipment;Regulering van de temperatuur van ovens, roosters, roosters en andere kooktoestellen;0.25;
5120;dieetkok;"Weighing, measuring and mixing ingredients according to recipes and personal judgement;";Het wegen, meten en mengen van ingrediënten volgens recepten en persoonlijke beoordeling;0.135;
5120;dieetkok;Operating large-volume cooking equipment such as grills, deep-fat fryers or griddles.;Het bedienen van grote kookapparatuur zoals grills, frituurpannen of bakplaten;0.1015;
5131;biersommelier;Presenting bills, accepting payment and operating point of sales machines and cash registers.;Het presenteren van facturen, het accepteren van betaling en operationele punt van verkoopmachines en kassa's;0.515;
5131;biersommelier;"Taking orders for food and drinks and passing order to kitchen or bar staff;";Het nemen van bestellingen voor eten en drinken en het doorgeven van bestellingen aan keuken- of barpersoneel;0.405;
5131;biersommelier;"Setting tables with clean linen, cutlery, crockery and glassware;";Tafels met schoon linnen, bestek, servies en glaswerk;0.135;
5131;biersommelier;"Clearing tables and returning dishes and cutlery to kitchen;";Tafels opruimen en servies en bestek terugbrengen naar keuken;0.08;
5132;barista;"Taking beverage orders from serving staff or directly from patrons;";Drank Voorstellen aannemen van personeel of rechtstreeks van klanten;0.465;
5132;barista;"Collecting payment for sales, operating cash registers and balancing cash receipts;";Het innen van betalingen voor verkopen, het exploiteren van kassa's en het balanceren van kasontvangsten;0.4125;
5132;barista;"Washing used glassware, cleaning and maintaining bar service areas, tea and coffee-making areas and equipment such as espresso machines;";Gebruikt glaswerk wassen, bars schoonmaken en onderhouden, thee- en koffiezetplaatsen en apparatuur zoals espressomachines;0.1225;
5132;barista;"Tapping kegs and attaching supply lines;";Het aftappen van vaten en het bevestigen van toevoerleidingen;0.1025;
5141;haarstylist;"Arranging appointments and collecting payments;";Afspraken regelen en betalingen innen;0.6;
5141;haarstylist;"Providing advice on hair care, beauty products and hairstyles;";Advies over haarverzorging, schoonheidsproducten en kapsels;0.22;
5141;haarstylist;"Shaving or trimming beards and moustaches;";Baarden en snorren scheren of trimmen;0.0675;
5141;haarstylist;"Giving scalp treatment;";Hoofdhuidbehandeling geven;0.0675;
5142;afslankconsulent;Arranging appointments and collecting payments.;Afspraken maken en betalingen innen;0.5375;
5142;afslankconsulent;"Advising clients on diet and exercise to assist in weight loss and slimming;";Adviseren van klanten over voeding en lichaamsbeweging om te helpen bij gewichtsverlies en afslanken;0.4275;
5142;afslankconsulent;"Giving facial and body massage;";Gezichts- en lichaamsmassage geven;0.075;
5142;afslankconsulent;"Using waxing, sugaring and depilation techniques to remove unwanted bodily hair;";Met behulp van wax-, suiker- en ontharingstechnieken om ongewenst lichaamshaar te verwijderen;0.07;
5151;hoofd huishoudelijke dienst;"Purchasing or controlling the purchase of supplies;";Aankoop of controle van leveringen;0.36;
5151;hoofd huishoudelijke dienst;"Controlling storage and issue of supplies;";Controle op opslag en uitgifte van benodigdheden;0.3575;
5151;hoofd huishoudelijke dienst;"Cleaning kitchens and generally helping with kitchen work, including dishwashing;";Het schoonmaken van keukens en in het algemeen het helpen met keukenwerk, inclusief afwassen;0.13;
5151;hoofd huishoudelijke dienst;"Sweeping or vacuum-cleaning, washing and polishing floors, furniture and other fixtures;";Vegen of stofzuigen, was- en polijstvloeren, meubelen en andere artikelen;0.1;
5152;bed and breakfast-houder;"Purchasing or controlling the purchase of supplies;";Aankoop of controle van leveringen;0.3725;
5152;bed and breakfast-houder;"Controlling storage and issue of supplies;";Controle op opslag en uitgifte van benodigdheden;0.285;
5152;bed and breakfast-houder;"Assisting in cases of minor injury or illness by performing tasks such as taking temperature, giving medicine, putting on bandages;";Assisteren in gevallen van licht letsel of ziekte door taken uit te voeren zoals het opnemen van de temperatuur, het geven van medicijnen, het aanbrengen van verband;0.095;
5152;bed and breakfast-houder;Sweeping or vacuum-cleaning, washing and polishing floors, furniture and other fixtures.;Vegen of stofzuigen, wassen en polijsten vloeren, meubels en andere armaturen;0.0925;
5153;conciërge;Filling out registration forms and providing tenants with copies of rules.;Inschrijfformulieren invullen en huurders voorzien van kopieën van regels;0.575;
5153;conciërge;"Providing small services to absent tenants such as accepting deliveries on their behalf or providing requested information to callers;";Kleine diensten verlenen aan afwezige huurders, zoals het aanvaarden van leveringen namens hen of het verstrekken van gevraagde informatie aan bellers;0.405;
5153;conciërge;"Patrolling buildings to ensure security is maintained;";Patrouilleren in gebouwen om de veiligheid te waarborgen;0.155;
5153;conciërge;"Participating in cleaning, simple repairs and maintenance of building interiors;";Deelnemen aan schoonmaak, eenvoudige reparaties en onderhoud van het interieur van het gebouw;0.0925;
5161;astroloog;"Forecasting future events on the basis of these interpretations;";Het voorspellen van toekomstige gebeurtenissen op basis van deze interpretaties;0.585;
5161;astroloog;"Giving warnings and advice on possible courses of action;";Het geven van waarschuwingen en adviezen over mogelijke handelwijzen;0.385;
5161;astroloog;Advising individuals on precautions to be taken to avoid evil influences.;Adviseren van individuen over te nemen voorzorgsmaatregelen om kwade invloeden te voorkomen;0.175;
5161;astroloog;"Interpreting characteristics of clients' palms, samples of playing cards, position of tea leaves or coffee remnants in a cup, shapes and patterns of bones of dead animals, etc.;";Het interpreteren van kenmerken van klanten' palmen, monsters van speelkaarten, positie van theebladeren of koffieresten in een kopje, vormen en patronen van botten van dode dieren, enz;0.15;
5162;gezelschapspersoon;"Assisting in entertaining visitors in employer's home;";Assisteren bij het ontvangen van bezoekers in de woning van de werkgever;0.265;
5162;gezelschapspersoon;Keeping wardrobe and personal effects of the employer in good order.;Het in goede staat houden van garderobe en persoonlijke bezittingen van de werkgever;0.216;
5162;gezelschapspersoon;"Providing companionship to employer by accompanying him/her to various places, reading, conversing and participating in activities such as sports;";Het verstrekken van gezelschap aan de werkgever door hem/haar te vergezellen naar verschillende plaatsen, lezen, praten en deelnemen aan activiteiten zoals sport;0.1725;
5163;balsemer;Conducting interviews to arrange for preparation of obituary notices, to assist with the selection of caskets or urns, and to determine the location and time of burials or cremations.;Het voeren van interviews om de voorbereiding van overlijdensberichten te regelen, om te helpen bij de selectie van kisten of urnen en om de locatie en het tijdstip van begrafenissen of crematies te bepalen;0.4425;
5163;balsemer;"Making arrangements for, and conducting, funerals, cremations and burials;";Regelingen treffen voor en uitvoeren van begrafenissen, crematies en begrafenissen;0.3305;
5163;balsemer;"Embalming human bodies to retard or arrest the process of decay;";Het balsemen van menselijke lichamen om het proces van verval te vertragen of te stoppen;0.055;
5163;balsemer;"Conforming to health and sanitation and ensuring that legal requirements concerning embalming are met;";Voldoen aan gezondheid en sanitaire voorzieningen en ervoor zorgen dat aan de wettelijke vereisten met betrekking tot balsemen wordt voldaan;0.05;
5164;dierenasielmedewerker;"Labelling drugs, chemicals and other pharmaceutical preparations and replenishing stock;";Etikettering van geneesmiddelen, chemicaliën en andere farmaceutische preparaten en aanvullen van voorraad;0.2525;
5164;dierenasielmedewerker;"Training animals to develop and maintain desired behaviours for competition, entertainment, obedience, security, riding and other activities;";Dieren trainen om het gewenste gedrag te ontwikkelen en te handhaven voor competitie, amusement, gehoorzaamheid, veiligheidmauie en andere activiteiten;0.17;
5164;dierenasielmedewerker;"Cleaning, organizing, and disinfecting animal quarters such as pens, stables, cages and yards, and animal equipment such as saddles and bridles;";Het reinigen, organiseren en ontsmetten van dierenverblijven zoals hokken, stallen, kooien en erven, en dierbenodigdheden zoals zadels en hoofdstellen;0.0775;
5164;dierenasielmedewerker;Grooming animals by performing tasks such as washing, brushing, clipping, and trimming coats, cutting nails and cleaning ears.;Dieren verzorgen door taken uit te voeren zoals het wassen, borstelen, knippen en trimmen van jassen, het knippen van nagels en het reinigen van oren;0.0775;
5165;autorijinstructeur;"Teaching road craft and road safety;";Het onderwijzen van wegvervoer en verkeersveiligheid;0.245;
5165;autorijinstructeur;"Teaching road traffic regulations;";Het onderwijzen van verkeersregels;0.235;
5165;autorijinstructeur;"Instructing students under actual driving conditions, and explaining and demonstrating the operation of brakes, clutch, gear selection, automatic transmission, signals and lights;";Het instrueren van studenten onder werkelijke rijomstandigheden, en het uitleggen en demonstreren van de werking van remmen, koppeling, versnellingskeuze, automatische transmissie, signalen en lichten;0.17;
5165;autorijinstructeur;Illustrating and explaining handling and mechanical operation of motor vehicles and driving techniques using blackboard diagrams and audiovisual aids.;Het illustreren en uitleggen van de bediening en mechanische bediening van motorvoertuigen en rijtechnieken met behulp van schoolbordschema's en audiovisuele hulpmiddelen;0.16;
5169;clubhost;Welcoming clients to a night-club and ensuring that they are entertained well.;Welkomsterend klanten naar een Prioriteit club en ervoor zorgen dat ze goed worden vermaakt;0.265;
5169;clubhost;"Accompanying clients to restaurants and other outings;";Begeleiden van klanten naar restaurants en andere uitjes;0.245;
5169;clubhost;"Acting as a dancing partner;";Optreden als danspartner;0.13;
5211;marktverkoper;Keeping accounts and maintaining a record of stock levels.;Het bijhouden van een boekhouding en het bijhouden van voorraadniveaus;0.6;
5211;marktverkoper;"Determining product mix, stock and price levels for goods to be sold;";Het bepalen van productmix, voorraad en prijsniveaus voor te verkopen goederen;0.45;
5211;marktverkoper;"Erecting and dismantling stalls and stands, and transporting, storing, loading and unloading goods for sale;";Het op- en afbouwen van stallen en stands, en het transporteren, opslaan, laden en lossen van te koop aangeboden goederen;0.165;
5211;marktverkoper;"Stacking and displaying goods for sale, and wrapping and packing goods sold;";Het stapelen en weergeven van te koop aangeboden goederen en het verpakken en verpakken van verkochte goederen;0.165;
5212;streetfoodverkoper;Displaying and selling food and drinks and accepting payment.;Het tonen en verkopen van eten en drinken en het accepteren van betalingen;0.3625;
5212;streetfoodverkoper;"Obtaining permission or a licence, where required, to sell food and drinks on the street or in a public place;";Het verkrijgen van toestemming of een vergunning, waar nodig, om eten en drinken op straat of op een openbare plaats te verkopen;0.305;
5212;streetfoodverkoper;"Obtaining food and drinks for sale;";Eten en drinken te koop krijgen;0.1425;
5212;streetfoodverkoper;"Loading and unloading, pushing, pedalling or carrying handcarts, trucks, trays or baskets to bring food and drinks to the desired place in the street, or to public places such as stations or cinemas;";Laden en lossen, duwen, trappen of dragen van handkarren, vrachtwagens, dienbladen of manden om eten en drinken naar de gewenste plek in de straat te brengen, of naar openbare plaatsen zoals stations of bioscopen;0.0975;
5221;detailhandelaar;"Budgeting and maintaining records of stock levels and financial transactions;";Het budgetteren en bijhouden van gegevens over voorraadniveaus en financiële transacties;0.59;
5221;detailhandelaar;"Purchasing and ordering goods for sale from markets, wholesalers and other suppliers;";Het kopen en bestellen van goederen te koop bij markten, groothandelaren en andere leveranciers;0.49;
5221;detailhandelaar;Taking inventory of goods in stock.;Aan het inventariseren van de goederen in voorraad;0.3525;
5221;detailhandelaar;"Examining returned goods and deciding on appropriate action;";Het onderzoeken van geretourneerde goederen en het beslissen over passende maatregelen;0.29;
5222;afdelingsmanager kassa detailhandel;"Planning and preparing work schedules and assigning staff to specific duties;";Plannen en voorbereiden van werkroosters en het toewijzen van personeel aan specifieke taken;0.525;
5222;afdelingsmanager kassa detailhandel;"Ensuring that customers receive prompt service;";Ervoor zorgen dat klanten snel service krijgen;0.515;
5222;afdelingsmanager kassa detailhandel;"Examining returned goods and deciding on appropriate action;";Het onderzoeken van geretourneerde goederen en het beslissen over passende maatregelen;0.27;
5222;afdelingsmanager kassa detailhandel;Ensuring that safety procedures are enforced.;Ervoor zorgen dat veiligheidsprocedures worden gehandhaafd;0.1575;
5223;adviseur auto-onderdelen;"Selling goods and services, accepting payment by a variety of payment methods, preparing sales invoices and recording sales using cash registers;";Het verkopen van goederen en diensten, het accepteren van betaling via verschillende betaalmethoden, het opstellen van verkoopfacturen en het registreren van verkoop via kassa's;0.55;
5223;adviseur auto-onderdelen;"Determining customer requirements and advising on product range, price, delivery, warranties and product use and care;";Vaststellen van klantwensen en adviseren over assortiment, prijs, levering, garanties en productgebruik en -zorg;0.47;
5223;adviseur auto-onderdelen;"Assisting with the ongoing management of stock such as product inventories and participating in stock takes;";Assisteren bij het doorlopend voorraadbeheer zoals productinventarissen en het deelnemen aan voorraadopnames;0.295;
5223;adviseur auto-onderdelen;Stacking and displaying goods for sale, and wrapping and packing goods sold.;Het stapelen en weergeven van goederen te koop, en verpakking en verpakking van goederen verkocht;0.1575;
5230;kaartjesverkoper;"Issuing tickets for attendance at sporting and cultural events;";Uitgifte van tickets voor het bijwonen van sportieve en culturele evenementen;0.615;
5230;kaartjesverkoper;"Operating cash register to calculate total to be paid from or to clients;";Operationele kassa om het totaal te betalen van of aan klanten te berekenen;0.5;
5230;kaartjesverkoper;"Scanning, weighing and recording prices of goods;";Scanning, weging en registratie van de prijzen van goederen;0.2575;
5230;kaartjesverkoper;Wrapping and placing merchandise in bags.;Inpakken en inpakken van goederen in zakken;0.17;
5241;artistiek model;"Posing for still photography for magazines and other advertising media;";Poseren voor stilfotografie voor tijdschriften en andere reclamemedia;0.3;
5241;artistiek model;Posing for television, video and cinema commercials and other productions.;Poseren voor televisie-, video- en bioscoopreclames en andere producties;0.3;
5241;artistiek model;"Dressing in sample apparel of new or current styles or of type wanted by customer;";Het aankleden in voorbeeldkleding van nieuwe of huidige stijlen of van het type dat door de klant wordt gezocht;0.23;
5241;artistiek model;"Posing as subject for sculpture, painting and other types of visual art;";Poseren als onderwerp voor beeldhouwkunst, schilderkunst en andere soorten beeldende kunst;0.165;
5242;promotiemedewerker;"Taking orders and making arrangements for payment, delivery and collection of goods;";Het nemen van orders en het treffen van regelingen voor betaling, levering en inzameling van goederen;0.535;
5242;promotiemedewerker;"Selling goods or directing customers to sales staff;";Het verkopen van goederen of het aanhypen van klanten aan verkooppersoneel;0.4675;
5242;promotiemedewerker;"Answering questions and offering advice on the use of goods;";Beantwoorden van vragen en adviseren over het gebruik van goederen;0.42;
5242;promotiemedewerker;Offering sample goods and distributing catalogues and advertising material.;Het aanbieden van voorbeeldgoederen en het verspreiden van catalogi en reclamemateriaal;0.23;
5243;huis-aan-huisverkoper;"Compiling lists of prospective clients and calling on them to obtain new business;";Het opstellen van lijsten van potentiële klanten en hen oproepen om nieuwe klanten te werven;0.62;
5243;huis-aan-huisverkoper;"Recording orders and transactions and placing orders received with suppliers;";Het registrerenspunt van orders en transacties en het plaatsen van orders bij leveranciers;0.585;
5243;huis-aan-huisverkoper;"Distributing letters, information sheets and other documents to clients;";Uitdelen van brieven, informatiebladen en andere documenten aan opdrachtgevers;0.25;
5243;huis-aan-huisverkoper;Travelling between sales areas and clients and transporting samples or goods for sale.;Reizen tussen verkoopgebieden en klantenvivon en het vervoeren van monsters of goederen te koop;0.1525;
5244;callcentermedewerker;"Arranging appointments for sales representatives;";Afspraken regelen voor vertegenwoordigers;0.7625;
5244;callcentermedewerker;"Maintaining statistics of calls made and successes achieved;";Het bijhouden van statistieken van gedane oproepen en behaalde successen;0.715;
5244;callcentermedewerker;"Creating interest in goods and services, and seeking a sale or agreement to see sales representatives;";Het creëren van interesse in goederen en diensten, en het zoeken naar een verkoop of overeenkomst om vertegenwoordigers te zien;0.55;
5244;callcentermedewerker;"Reporting competitor activities and issues raised by contacts for attention by managers;";Het melden van concurrentiële activiteiten en kwesties die door contacten ter attentie van managers aan de orde worden gesteld;0.4375;
5245;verkoopmedewerker tankstation;Undertaking stock control and preparing reports on fuel, oil, accessories and other items sold.;Onderneming voorraadcontrole en het opstellen van rapporten over brandstof, olie, toebehoren en andere verkochte artikelen;0.565;
5245;verkoopmedewerker tankstation;"Collecting payments from customers for purchases;";Het innen van betalingen van klanten voor aankopen;0.415;
5245;verkoopmedewerker tankstation;"Cleaning petrol pumps and surrounding driveway, shop and facilities;";Reinigen van benzinepompen en omliggende oprit, winkel en voorzieningen;0.1375;
5245;verkoopmedewerker tankstation;"Washing vehicle windscreens and windows;";Voorruiten en ramen van het voertuig wassen;0.1;
5246;medewerker maaltijden;"Ascertaining the products desired by the customer, assisting them in making choices and taking orders;";Vaststellen van de door de klant gewenste producten, assisteren bij het maken van keuzes en het aannemen van bestellingen;0.46;
5246;medewerker maaltijden;Receiving payment for food items purchased.;Ontvangen betaling voor voedsel items gekocht;0.415;
5246;medewerker maaltijden;"Cleaning, peeling, slicing and trimming foodstuffs using manual and electric appliances;";Reinigen, schillen, snijden en trimmen van voedingsmiddelen met behulp van handmatige en elektrische apparaten;0.135;
5246;medewerker maaltijden;"Preparing simple food items and reheating prepared meals;";Het bereiden van eenvoudige levensmiddelen en het opwarmen van bereide maaltijden;0.135;
5311;au pair;Keeping records on individual children, including daily observations and information about activities, meals served, and medications administered.;Het bijhouden van gegevens over individuele kinderen, inclusief dagelijkse observaties en informatie over activiteiten, maaltijden en toegediende medicijnen;0.4;
5311;au pair;"Assisting in the preparation of materials and equipment for children's education and recreational activities;";Assisteren bij de voorbereiding van materialen en apparatuur voor de opvoeding en recreatieve activiteiten van kinderen;0.245;
5311;au pair;"Observing and monitoring children's play activities;";Observeren en monitoren van kinderspeelactiviteiten;0.135;
5311;au pair;"Assisting children to wash, dress and feed themselves;";De kinderen helpen met wassen, aankleden en eten;0.12;
5312;onderwijsassistent;"Assisting with preparing teaching materials, and copying and collating written and printed material;";Assisteren bij het voorbereiden van lesmateriaal en het kopiëren en verzamelen van geschreven en gedrukt materiaal;0.535;
5312;onderwijsassistent;"Operating audio-visual equipment, computers and other teaching aides;";Het bedienen van audiovisuele apparatuur, computers en andere onderwijsassistenten;0.315;
5312;onderwijsassistent;"Assisting children with intellectual, physical, behavioural and other learning difficulties with their studies;";Het bijstaan van kinderen met intellectuele, fysieke, gedrags- en andere leerproblemen bij hun studie;0.15;
5312;onderwijsassistent;"Assisting children individually to learn social skills;";Het individueel bijstaan van kinderen bij het aanleren van sociale vaardigheden;0.1425;
5321;verpleeghulp;Observing patients' condition, responses and behaviour and reporting changes to a health professional.;Het observeren van patiënten' conditie, reacties en gedrag en het melden van veranderingen aan een zorgverlener;0.24;
5321;verpleeghulp;"Providing care, support and treatment to patients and residents of medical, rehabilitative and residential care facilities according to treatment plans established by medical, nursing and other health professionals;";Het verstrekken van zorg, ondersteuning en behandeling aan patiënten en bewoners van medische, rehabilitatieve en residentiële zorgfaciliteiten volgens behandelplannen die zijn opgesteld door medische, verpleegkundige en andere gezondheidswerkers;0.1725;
5321;verpleeghulp;"Maintaining patients' environmental hygiene standards, such as cleaning patient rooms and changing bed linen;";Het handhaven van de milieuhygiënische normen van patiënten, zoals het schoonmaken van patiëntenkamers en het verschonen van beddengoed;0.1025;
5321;verpleeghulp;"Positioning, lifting and turning patients and transporting them in wheelchairs or on movable beds;";Het plaatsen, tillen en draaien van patiënten en het vervoer ervan in rolstoelen of op mobiele bedden;0.095;
5322;thuiszorgmedewerker;Scheduling and accompanying clients for appointments with medical doctors and other health professionals or performing other errands.;Planning en begeleiding klanten voor afspraken met artsen en andere gezondheidswerkers of het uitvoeren van andere boodschappen;0.6;
5322;thuiszorgmedewerker;"Maintaining records of client care, changes in condition and responses to care and treatment, and reporting concerns or providing referrals to a health or social services professional;";Het bijhouden van dossiers van cliëntenzorg, veranderingen in conditie en reacties op zorg en behandeling, en het melden van zorgen of het verstrekken van verwijzingen naar een zorg- of maatschappelijk werker;0.465;
5322;thuiszorgmedewerker;Assisting clients with personal and therapeutic care needs such as personal hygiene, feeding, dressing, physical mobility and exercise, communication, taking oral medications and changing dressings, usually as per care plans established by a health professional;Het helpen van cliënten met persoonlijke en therapeutische zorgbehoeften zoals persoonlijke hygiëne, voeding, aankleden, fysieke mobiliteit en lichaamsbeweging, communicatie, het innemen van orale medicijnen en het verwisselen van verband, meestal volgens zorgplannen die zijn opgesteld door een zorgverlener;0.101;
5322;thuiszorgmedewerker;"Positioning and lifting clients with physical mobility challenges, and helping transport them in wheelchairs and motor vehicles;";Het plaatsen en tillen van klanten met fysieke mobiliteitsproblemen en het helpen vervoeren ervan in rolstoelen en motorvoertuigen;0.075;
5329;bloedafnameassistent;"Labelling drugs, chemicals and other pharmaceutical preparations and replenishing stock on shelves;";Etiketteren van geneesmiddelen, chemicaliën en andere farmaceutische preparaten en aanvullen van voorraad op schappen;0.2125;
5329;bloedafnameassistent;"Preparing patients for examination or treatment;";Patiënten voorbereiden op onderzoek of behandeling;0.145;
5329;bloedafnameassistent;"Setting up instrument trays, preparing materials, and assisting dentists or radiographers during procedures;";Het opzetten van instrumentenbakken, het bereiden van materialen en het bijstaan van tandartsen of radiografici tijdens procedures;0.135;
5329;bloedafnameassistent;"Cleaning and sterilizing surgical, dental and pharmaceutical instruments, bottles, beakers and other equipment;";Reinigen en steriliseren van chirurgische, tandheelkundige en farmaceutische instrumenten, flessen, bekers en andere apparatuur;0.125;
5411;bedrijfsbrandweerman;Informing the public about fire prevention.;Het informeren van het publiek over brandpreventie;0.36;
5411;bedrijfsbrandweerman;"Preventing or limiting the spread of dangerous substances in case of fires or accidents;";Voorkoming of beperking van de verspreiding van gevaarlijke stoffen bij brand of ongevallen;0.2325;
5411;bedrijfsbrandweerman;"Fighting special types of fires and using special equipment in industrial establishments;";Het bestrijden van speciale soorten branden en het gebruik van speciale apparatuur in industriële inrichtingen;0.135;
5411;bedrijfsbrandweerman;"Rescuing people from burning buildings and accident sites and those trapped in dangerous situations;";Het redden van mensen uit brandende gebouwen en ongevalsplaatsen en mensen die in gevaarlijke situaties gevangen zitten;0.085;
5412;politieagent;"Directing traffic and assuming authority in the event of accidents;";Verkeer sturen en gezag nemen bij ongevallen;0.19;
5412;politieagent;Providing emergency assistance to victims of accidents, crimes and natural disasters.;Noodhulp verlenen aan slachtoffers van ongevallen, misdrijven en natuurrampen;0.125;
5412;politieagent;"Identifying, pursuing and arresting suspects and perpetrators of criminal acts;";Identificeren, vervolgen en arresteren van verdachten en daders van strafbare feiten;0.1225;
5412;politieagent;"Patrolling a specific area to maintain public order, responding to emergencies, protecting people and property and enforcing laws and regulations;";Patrouilleren in een specifiek gebied om de openbare orde te handhaven, te reageren op noodsituaties, mensen en eigendommen te beschermen en wet- en regelgeving te handhaven;0.12;
5413;bewaker jeugdinrichting;"Assisting with the implementation of rehabilitation programmes;";Assisteren bij de uitvoering van revalidatieprogramma's;0.215;
5413;bewaker jeugdinrichting;"Supervising prisoners at work and meals, and during recreation periods;";Toezicht houden op gevangenen op het werk, op maaltijden en tijdens recreatieperiodes;0.165;
5413;bewaker jeugdinrichting;"Observing the conduct and behaviour of prisoners to prevent disturbances and escapes;";Het observeren van het gedrag en gedrag van gevangenen om verstoringen en ontsnappingen te voorkomen;0.1075;
5413;bewaker jeugdinrichting;"Patrolling prison areas to prevent escapes;";Patrouilleren in gevangenisgebieden om ontsnappingen te voorkomen;0.0975;
5414;bedrijfsbewaker;"Controlling access to establishments, monitoring and authorizing the entrance or departure of employees and visitors, checking identification and issuing security passes;";Het controleren van de toegang tot inrichtingen, het bewaken en autoriseren van de in- of uitreis van medewerkers en bezoekers, het controleren van identificatie en het afgeven van veiligheidspassen;0.365;
5414;bedrijfsbewaker;"Responding to alarms, investigating disturbances and contacting superiors, police or fire fighters as appropriate;";Reageren op alarmen, onderzoeken van storingen en contact opnemen met superieuren, politie- of brandweerlieden, indien van toepassing;0.235;
5414;bedrijfsbewaker;Picking up and ensuring the safe delivery of cash and valuables to banks, automated teller machines and retail establishments.;Het ophalen en garanderen van de veilige levering van contant geldtie en kostbaarheden aan banken, geautomatiseerde geldautomaten en detailhandel;0.15;
5414;bedrijfsbewaker;"Circulating among visitors, patrons, or employees to preserve order, protect property from theft or vandalism and enforce the regulations of the establishment;";Circuleren onder bezoekers, patroons of werknemers om de orde te bewaren, eigendommen te beschermen tegen diefstal of vandalisme en de regels van de vestiging te handhaven;0.13;
5419;eerstehulpverlener;"Patrolling an assigned area to enforce parking regulations;";Patrouilleren in een toegewezen gebied om parkeerregels af te dwingen;0.2412;
5419;eerstehulpverlener;"Responding to citizen complaints concerning stray domestic animals, livestock and wildlife, issuing warnings and citations to owners and impounding lost, homeless and dangerous animals;";Reageren op klachten van burgers over verdwaalde huisdieren, dieren en wilde dieren, waarschuwingen en aanhalingen geven aan eigenaars en in beslag nemen van verloren, dakloze en gevaarlijke dieren;0.215;
5419;eerstehulpverlener;"Monitoring traffic flow to locate safe gaps through which pedestrians can cross streets;";Monitoring van de verkeersstroom om veilige openingen te lokaliseren waardoor voetgangers de straat kunnen oversteken;0.2125;
5419;eerstehulpverlener;"Patrolling beaches and swimming pools to prevent accidents and to rescue bathers from drowning;";Patrouilleren op stranden en zwembaden om ongelukken te voorkomen en om zwemmers te redden van verdrinking;0.1025;
6111;bedrijfsleider in de landbouw;"Monitoring market activity and conditions, determining types and quantities of crops to be grown, and planning and coordinating production accordingly;";Het monitoren van marktactiviteit en -omstandigheden, het bepalen van soorten en hoeveelheden te telen gewassen, en het dienovereenkomstig plannen en coördineren van de productie;0.43;
6111;bedrijfsleider in de landbouw;"Promoting and marketing products, arranging the sale, purchase and transportation of produce and supplies and maintaining and evaluating records of farm activities and transactions;";Bevordering en marketing van producten, organisatie van de verkoop, aankoop en vervoer van producten en leveringen en het bijhouden en evalueren van registers van landbouwactiviteiten en transacties;0.385;
6111;bedrijfsleider in de landbouw;"Harvesting crops and destroying diseased or superfluous crops;";Het oogsten van gewassen en het vernietigen van zieke of niet meer gevraagde gewassen;0.085;
6111;bedrijfsleider in de landbouw;"Preparing soil by hand or machine, and spreading fertilizers and manure;";Grond met de hand of machine klaarmaken en meststoffen en mest verspreiden;0.08;
6112;boomkweker;"Monitoring market activity and conditions, determining types and quantities of crops to be grown, and planning and coordinating production accordingly;";Het monitoren van marktactiviteit en -omstandigheden, het bepalen van soorten en hoeveelheden te telen gewassen, en het dienovereenkomstig plannen en coördineren van de productie;0.43;
6112;boomkweker;"Promoting and marketing products, arranging the sale, purchase and transportation of produce and supplies and maintaining and evaluating records of farm activities and transactions;";Bevordering en marketing van producten, organisatie van de verkoop, aankoop en vervoer van producten en leveringen en het bijhouden en evalueren van registers van landbouwactiviteiten en transacties;0.315;
6112;boomkweker;"Tending working animals and maintaining farm buildings, structures, equipment and water supply systems;";Het verbouwen van werkdieren en het onderhouden van bedrijfsgebouwen, -structuren, -apparatuur en -systemen;0.0875;
6112;boomkweker;"Preparing soil by hand or machine, and spreading fertilizers and manure;";Grond met de hand of machine klaarmaken en meststoffen en mest verspreiden;0.08;
6113;bedrijfsleider tuinbouw;"Promoting and marketing products, arranging the sale, purchase and transportation of produce and supplies, and maintaining and evaluating records of activities and transactions;";Het bevorderen en in de handel brengen van producten, het regelen van de verkoop, de aankoop en het vervoer van producten en leveringen, en het bijhouden en evalueren van gegevens over activiteiten en transacties;0.45;
6113;bedrijfsleider tuinbouw;"Monitoring market activity and conditions determining kinds and amounts of vegetables, horticultural and nursery products to be grown, and planning and coordinating production accordingly;";Monitoren van marktactiviteit en condities bepalen van soorten en hoeveelheden te telen groenten, tuinbouw- en kwekerijproducten, en daarop afstemmen van productie;0.335;
6113;bedrijfsleider tuinbouw;"Storing and carrying out some processing of produce;";Opslag en verwerking van producten;0.11;
6113;bedrijfsleider tuinbouw;"Producing saplings, bulbs and seeds and raising plants from seeds or cuttings;";Het produceren van sap, bollen en zaden en het kweken van planten uit zaden of stekken;0.0975;
6114;productmanager in de landbouw;"Promoting and marketing products, arranging the sale, purchase and transportation of produce and supplies and maintaining and evaluating records of activities and transactions;";Bevordering en marketing van producten, uitgeroepen tot verkoop, aankoop en vervoer van producten en leveringen en het bijhouden en evalueren van gegevens over activiteiten en transacties;0.4225;
6114;productmanager in de landbouw;"Monitoring market activity and conditions, determining types and quantities of crops to be grown, and planning and coordinating production accordingly;";Het monitoren van marktactiviteit en -omstandigheden, het bepalen van soorten en hoeveelheden te telen gewassen, en het dienovereenkomstig plannen en coördineren van de productie;0.415;
6114;productmanager in de landbouw;"Tending working animals and maintaining farm buildings, structures, equipment and water supply systems;";Het verbouwen van werkdieren en het onderhouden van bedrijfsgebouwen, -structuren, -apparatuur en -systemen;0.085;
6114;productmanager in de landbouw;"Preparing soil by hand or machine, and spreading fertilizers and manure;";Grond met de hand of machine klaarmaken en meststoffen en mest verspreiden;0.0762;
6121;herder;"Monitoring market activity and conditions, determining kinds and amounts of stock to produce, planning and coordinating production accordingly;";Het monitoren van marktactiviteit en -omstandigheden, het bepalen van soorten en hoeveelheden voorraad om te produceren, het plannen en coördineren van de productie dienovereenkomstig;0.43;
6121;herder;"Promoting and marketing products, arranging the sale, purchase and transportation of livestock, produce and supplies, and maintaining and evaluating records of farm activities and transactions;";Het bevorderen en op de markt brengen van producten, het organiseren van de verkoop, de aankoop en het vervoer van dieren, de productie en de bevoorrading, en het bijhouden en evalueren van registers van landbouwactiviteiten en transacties;0.35;
6121;herder;"Slaughtering and skinning animals and preparing them for market;";Het slachten en villen van dieren en het voorbereiden ervan op de markt;0.085;
6121;herder;"Grooming, marking, clipping, trimming, drenching and/or castrating animals and shearing coats to collect hair or wool;";Het verzorgen, markeren, knippen, trimmen, drenken en/of castreren van dieren en het scheren van jassen om haar of wol te verzamelen;0.075;
6122;pluimveehouder;"Monitoring market activity, planning and coordinating production accordingly, maintaining and evaluating records of farming activities;";Toezicht houden op de marktactiviteit, de productie dienovereenkomstig plannen en coördineren, registers van landbouwactiviteiten bijhouden en evalueren;0.4125;
6122;pluimveehouder;"Arranging the sale, purchase and transportation stock, produce and supplies;";Het regelen van de verkoop, inkoop en transportvoorraad, producten en benodigdheden;0.36;
6122;pluimveehouder;"Storing and carrying out some processing of produce;";Opslag en verwerking van producten;0.12;
6122;pluimveehouder;"Renting or investing in, and maintaining and cleaning, farm buildings, machinery, equipment and structures;";Het huren of investeren in en onderhouden en reinigen van landbouwgebouwen, machines, uitrusting enrastructuur;0.12;
6123;imker;"Monitoring market activity and conditions, determining kinds and amounts of insect products to produce, and planning and coordinating production accordingly;";Het monitoren van marktactiviteit en -omstandigheden, het bepalen van soorten en hoeveelheden te produceren insectenproducten en het dienovereenkomstig plannen en coördineren van de productie;0.415;
6123;imker;"Arranging the sale, purchase and transportation of stock, produce and supplies, and maintaining and evaluating records of farming activities;";Het regelen van de verkoop, aankoop en transport van voorraden, producten en benodigdheden, en het bijhouden en evalueren van registers van landbouwactiviteiten;0.3;
6123;imker;"Breeding, raising and tending insects and collecting their products;";Het kweken, kweken en verzorgen van insecten en het verzamelen van hun producten;0.1225;
6123;imker;"Storing and carrying out some processing of produce;";Opslag en verwerking van producten;0.121;
6129;pelsdierhouder;"Monitoring market activity and conditions, determining kinds and amounts of products to produce, planning and coordinating production accordingly;";Het monitoren van marktactiviteit en -omstandigheden, het bepalen van soorten en hoeveelheden te produceren producten, het plannen en coördineren van de productie dienovereenkomstig;0.4625;
6129;pelsdierhouder;"Promoting and marketing products, arranging the sale, purchase and transportation of stock, produce and supplies, and maintaining and evaluating records of activities and transactions;";Bevordering en marketing van producten, het regelen van de verkoop, aankoop en vervoer van voorraden, producten en leveringen, en het bijhouden en evalueren van gegevens over activiteiten en transacties;0.405;
6129;pelsdierhouder;"Storing and carrying out some processing of produce;";Opslag en verwerking van producten;0.1125;
6129;pelsdierhouder;"Slaughtering and skinning animals and preparing animal products for market;";Het slachten en villen van dieren en het voorbereiden van dierlijke producten op de markt;0.0975;
6130;boerderijmanager;"Monitoring market activity and conditions, determining kinds and amounts of crops to be grown and animals to be raised, and planning and coordinating production accordingly;";Het monitoren van marktactiviteit en -omstandigheden, het bepalen van soorten en hoeveelheden te telen gewassen en te fokken dieren, en het dienovereenkomstig plannen en coördineren van de productie;0.435;
6130;boerderijmanager;"Promoting and marketing products, arranging the sale, purchase and transportation of livestock, produce and supplies, and maintaining and evaluating records of farm activities and transactions;";Het bevorderen en op de markt brengen van producten, het organiseren van de verkoop, de aankoop en het vervoer van dieren, de productie en de bevoorrading, en het bijhouden en evalueren van registers van landbouwactiviteiten en transacties;0.335;
6130;boerderijmanager;"Performing operations such as land preparation, sowing, planting, cultivating and harvesting crops;";Het uitvoeren van bewerkingen zoals landvoorbereiding, zaaien, planten, cultiveren en oogsten van gewassen;0.0875;
6130;boerderijmanager;"Killing and skinning animals, and preparing animals or animal products for market;";Het doden en villen van dieren en het marktklaar maken van dieren of dierlijke producten;0.085;
6210;boswachter;Training and supervising other workers in forestry procedures, including forestry labourers and plant operators.;Opleiding en toezicht op andere werknemers in bosbouwprocedures, met inbegrip van bosarbeiders en exploitanten van bedrijven;0.215;
6210;boswachter;"Keeping watch to detect forest fires, participating in firefighting operations, completing firefighting reports and maintaining firefighting equipment;";Waakzaam blijven om bosbranden te detecteren, deelnemen aan brandbestrijdingsoperaties, brandbestrijdingsrapporten invullen en brandbestrijdingsapparatuur onderhouden;0.165;
6210;boswachter;"Operating chainsaw and other power saws to thin young forest stands, trim, top and fell trees and saw them into logs;";Kettingzagen en andere motorzagen gebruiken om jonge bosstandaarden te verdunnen, bomen te trimmen, te bedekken en te vellen en ze in boomstammen te zagen;0.0725;
6210;boswachter;"Stacking logs and loading them in chutes or floating them down rivers;";Stacking logs en laden ze in parachutes of drijven ze langs rivieren;0.071;
6221;aquacultuurmedewerker;"Delivering or marketing products;";Het leveren of vermarkten van producten;0.5625;
6221;aquacultuurmedewerker;"Collecting and recording growth, production and environmental data;";Verzamelen en vastleggen van groei-, productie- en milieugegevens;0.435;
6221;aquacultuurmedewerker;"Cleaning, freezing, icing or salting catch on- or offshore, and preparing fish and other products for shipment;";Schoonmaken, invriezen, glazuren of zouten van de vangst on- of offshore, en het voorbereiden van vis en andere producten voor verzending;0.125;
6221;aquacultuurmedewerker;"Maintaining buildings, tanks, machinery, boats and other equipment;";Onderhoud van gebouwen, tanks, machines, boten en andere apparatuur;0.12;
6222;kustvisser;"Keeping records of transactions, fishing activities, weather and sea conditions and estimating costs and budgets;";Het bijhouden van registraties van transacties, visserijactiviteiten, weers- en zeeomstandigheden en het schatten van kosten en budgetten;0.425;
6222;kustvisser;"Selecting area for fishing, plotting courses and computing navigational positions using compass, charts and other aids;";Het selecteren van gebieden voor de visserij, het inplannen van cursussen en het berekenen van navigatieposities met behulp van kompas, kaarten en andere hulpmiddelen;0.2225;
6222;kustvisser;"Sorting, and storing catch in holds with salt and ice;";Sorteren en opslaan van vangst in ruims met zout en ijs;0.1187;
6222;kustvisser;"Preparing and repairing nets and other fishing gear and equipment;";Het voorbereiden en herstellen van netten en andere vistuigen en uitrusting;0.0875;
6223;gezagvoerder van een vissersvaartuig;"Recording fishing progress and activities, as well as weather and sea conditions, on the ship's log;";Het registreren van de voortgang en de activiteiten van de visserij, alsmede de weersomstandigheden en de zeeomstandigheden in het scheepslogboek;0.325;
6223;gezagvoerder van een vissersvaartuig;"Directing fishing operations and supervising crew activities;";Leiding geven aan visserijactiviteiten en toezicht houden op bemanningsactiviteiten;0.205;
6223;gezagvoerder van een vissersvaartuig;"Cleaning, freezing, icing or salting catch on- or offshore;";Schoonmaken, invriezen, glazuren of zouten van de vangst on- of offshore;0.115;
6223;gezagvoerder van een vissersvaartuig;"Preparing and repairing nets and other fishing gear and equipment;";Het voorbereiden en herstellen van netten en andere vistuigen en uitrusting;0.0945;
6224;jager;Repairing and maintaining equipment.;Reparatie en onderhoud van apparatuur;0.1375;
6224;jager;"Delivering or selling trapped live mammals, birds or reptiles;";Leveren of verkopen van gevangen levende zoogdieren, vogels of reptielen;0.1037;
6224;jager;"Setting traps to catch mammals, birds or reptiles;";Het instellen van vallen om zoogdieren, vogels of reptielen te vangen;0.0625;
6224;jager;"Killing trapped or free mammals, birds or reptiles with firearms or other weapons;";Het doden van gevangen of vrije zoogdieren, vogels of reptielen met vuurwapens of andere wapens;0.06;
7111;aannemer bouw;Coordinating and supervising the activities of subcontractors, labourers and other workers.;Coördineren en begeleiden van de activiteiten van onderaannemers, arbeiders en andere arbeiders;0.2825;
7111;aannemer bouw;"Arranging for specialized work such as bricklaying, painting, plumbing and electrical wiring to be done by subcontractors;";Het regelen van gespecialiseerde werkzaamheden zoals metselen, schilderen, sanitair en elektrische bedrading door onderaannemers;0.165;
7111;aannemer bouw;"Fixing rafters to roof and covering with roofing material;";Bevestiging van spanten aan dak en bekleding met dakbedekkingsmateriaal;0.085;
7111;aannemer bouw;"Levelling floor to make it smooth and serviceable;";Het egaliseren van de vloer om deze glad en bruikbaar te maken;0.0825;
7112;metselaar;"Laying stone, brick and similar building blocks to construct or repair walls, partitions, fireplaces and other structures such as smokestacks, furnaces, converters, kilns and ovens, piers and abutments;";Het leggen van stenen, bakstenen en soortgelijke bouwstenen voor het bouwen of repareren van muren, scheidingswanden, open haarden en andere structuren zoals schoorstenen, ovens, converters, ovens en ovens, pieren en landhoofden;0.1025;
7112;metselaar;Laying bricks or other masonry to build patios, garden walls and other decorative installations.;Het leggen van bakstenen of ander metselwerk om patio's, tuinmuren en andere decoratieve installaties te bouwen;0.0825;
7112;metselaar;"Laying footpaths, kerbs and pavements;";Aanleggen van voetpaden, stoepranden en trottoirs;0.081;
7113;steenhouwer;"Selecting and grading slabs and blocks of granite, marble, and other stone;";Het selecteren en sorteren van platen en blokken? van graniet, marmer en andere stenen;0.14;
7113;steenhouwer;"Making patterns and marking shapes on stone for subsequent sawing, planing, drilling and other dressing and cutting operations;";Het maken van patronen en het markeren van vormen op steen voor daaropvolgende zaag-, schaaf-, boor- en andere verband- en snijbewerkingen;0.135;
7113;steenhouwer;"Setting stone in the erection of monuments and memorials;";Het plaatsen van stenen in de oprichting van monumenten en gedenktekens;0.09;
7113;steenhouwer;"Driving wedges into quarried stone to break it into slabs or blocks;";Wiggen in gedolven steen slaan om het in platen of blokken te breken;0.07;
7114;betonafwerker;"Making shuttering or assembling prefabricated forms for moulding concrete;";Bekisting maken of assembleren van geprefabriceerde vormen voor het gieten van beton;0.14;
7114;betonafwerker;"Constructing and repairing reinforced concrete floors, walls, tanks, silos and other concrete structures;";Het aanleggen en herstellen van gewapende betonvloeren, wanden, tanks, silo's en andere betonconstructies;0.12;
7114;betonafwerker;"Cementing openings in walls or casings for wells;";Cementopeningen in wanden of behuizingen voor putten;0.0875;
7114;betonafwerker;"Applying a durable, smooth surfacing composed of cement, sand pigment and marble particles to floors, known as a terrazzo finish;";Het aanbrengen van een duurzame, gladde ondergrond bestaande uit cement, zandpigment en marmerdeeltjes op vloeren, bekend als een terrazzo-afwerking;0.0775;
7115;deurenmonteur;Constructing, assembling, altering and repairing wooden fixtures and fittings in train coaches, aircraft, ships, boats, floats and other vehicles.;Het construeren, monteren, wijzigen en repareren van houten armaturen en armaturen in treinwagons, vliegtuigen, schepen, boten, praalwagens en andere voertuigen;0.15;
7115;deurenmonteur;"Making, repairing and fitting scenic equipment for theatrical performances and motion picture or television productions;";Het maken, repareren en monteren van landschappelijke apparatuur voor theatervoorstellingen en film- of televisieproducties;0.1475;
7115;deurenmonteur;"Fitting, assembling and altering internal and external fixtures of buildings, such as walls, doors, door and window frames, facings and panelling;";Aanbrengen, monteren en wijzigen van inwendige en uitwendige armaturen van gebouwen, zoals wanden, deuren, deur- en raamkozijnen, bekledingen en lambrisering;0.1175;
7115;deurenmonteur;"Constructing, erecting and installing heavy-framed wooden structures on building sites;";Het bouwen, oprichten en plaatsen van zware houten constructies op bouwplaatsen;0.095;
7119;houtskeletbouwer;Demolishing buildings and other structures.;Het slopen van gebouwen en andere constructies;0.1035;
7119;houtskeletbouwer;"Erecting temporary metal or wooden scaffolding on building sites;";Opbouwen van tijdelijke metalen of houten steigers op bouwplaatsen;0.0975;
7119;houtskeletbouwer;"Climbing and performing miscellaneous construction and building maintenance work on tall structures such as towers, chimneys and spires;";Klimmen en uitvoeren van diverse bouw- en bouwonderhoudswerkzaamheden aan hoge constructies zoals torens, schoorstenen en spitsen;0.08;
7121;dakdekker;"Studying drawings, specifications and construction sites to determine materials required;";Het bestuderen van tekeningen, specificaties en bouwplaatsen om de benodigde materialen te bepalen;0.28;
7121;dakdekker;"Laying a waterproof shield and fixing metallic or synthetic materials to a building's frame;";Het leggen van een waterdicht schild en het bevestigen van metalen of synthetische materialen aan een gebouw's frame;0.12;
7121;dakdekker;"Using natural materials such as thatching to provide roof coverings;";Met behulp van natuurlijke materialen zoals rietring voor dakbedekking;0.0825;
7121;dakdekker;"Covering roof frameworks with slate and pre-fabricated tiles to cover pitched roofs;";Het afdekken van dakconstructies met leisteen en geprefabriceerde tegels om hellende daken te bedekken;0.0775;
7122;parketteur;"Assembling carpet, tiles or other materials and laying them on floors according to design and other specifications;";Tapijt, tegels of andere materialen monteren en volgens ontwerp en andere specificaties op vloeren leggen;0.125;
7122;parketteur;Setting tiles and constructing and laying mosaic panels to walls, floors and other surfaces.;Het instellen van tegels en het bouwen en leggen van uitgevaardigde mozaïek panelen op muren, vloeren en andere oppervlakken;0.0975;
7122;parketteur;"Preparing floor areas for covering with a variety of materials;";Vloeroppervlakken klaarmaken om te bedekken met diverse materialen;0.095;
7122;parketteur;"Preparing wall areas for covering with tiles or other materials for decorative or other purposes such as acoustic insulation;";Wandoppervlakken klaarmaken voor het bedekken met tegels of andere materialen voor decoratieve of andere doeleinden, zoals akoestische isolatie;0.09;
7123;plafondmonteur;"Measuring, marking and installing ornamental plaster panels, and casting and trimming ornamental plaster cornices;";Het meten, markeren en plaatsen van sierpleisterplaten, en het gieten en trimmen van sierpleisterlijsten;0.135;
7123;plafondmonteur;Applying and finishing acoustic, insulating and fireproofing materials bonded with plaster, plastic cement and similar materials.;Aanbrengen en afwerken van akoestische, isolerende en brandwerende materialen verlijmd met pleister, kunststofcement en soortgelijke materialen;0.1275;
7123;plafondmonteur;"Measuring, marking and cutting plasterboard, lifting and positioning panels and securing them to walls, ceilings and battens;";Meten, markeren en snijden van gipsplaat, hijsen en positioneren van panelen en ze vastzetten aan wanden, plafonds en latten;0.1025;
7123;plafondmonteur;"Covering joins and nail holes with wet plaster and sealing compounds, and smoothing them using wet brushes and sand paper;";Verbindingen en spijkergaten afdekken met natte pleister en afdichtmiddelen en gladstrijken met natte borstels en schuurpapier;0.1025;
7124;isoleerder;"Applying insulating materials to exposed surfaces of equipment such as boilers, pipes and tanks;";Het aanbrengen van isolatiematerialen op blootgestelde oppervlakken van apparatuur zoals ketels, leidingen en tanks;0.15;
7124;isoleerder;"Examining plans, specifications and work sites to determine the type, quality and quantity of insulation material required;";Het onderzoeken van plannen, specificaties en werklocaties om het type, de kwaliteit en de kwantiteit van het vereiste isolatiemateriaal te bepalen;0.14;
7124;isoleerder;"Applying slabs and sheets of insulating or sound-absorbing materials to walls, floors and ceilings of buildings;";Het aanbrengen van platen en platen van isolerende of geluidsabsorberende materialen op wanden, vloeren en plafonds van gebouwen;0.11;
7124;isoleerder;"Blowing and packing insulating or sound-absorbing materials into cavities between walls, floors and ceilings of buildings with power-driven machines;";Blazen en verpakken van isolerende of geluidsabsorberende materialen in holtes tussen muren, vloeren en plafonds van gebouwen met elektrisch aangedreven machines;0.11;
7125;glasmonteur;Creating decorative glass features such as glass walls, staircases, balustrades and stained-glass windows.;Het creëren van decoratieve glaselementen zoals glazen wanden, trappen, balustrades en glas-in-loodramen;0.1425;
7125;glasmonteur;"Installing or replacing windscreens in vehicles or boats;";Installeren of vervangen van voorruiten in voertuigen of boten;0.1375;
7125;glasmonteur;"Selecting the type of glass to be used, cutting to right size and shape and installing in windows, doors, showers and partitions of buildings;";De keuze van het te gebruiken type glas, het snijden op juiste grootte en vorm en de installatie in ramen, deuren, douches en scheidingswanden van gebouwen;0.135;
7125;glasmonteur;"Installing glass and mirrors in skylights, display cases, interior walls and ceilings;";Plaatsen van glas en spiegels in dakramen, vitrines, binnenwanden en plafonds;0.1325;
7126;badkamermonteur;"Examining blueprints, drawings and specifications to determine the layout of plumbing and ventilation systems and materials required;";Het onderzoeken van blauwdrukken, tekeningen en specificaties om de lay-out van sanitair- en ventilatiesystemen en benodigde materialen te bepalen;0.25;
7126;badkamermonteur;Inspecting, examining and testing installed systems and pipes, using pressure gauge, hydrostatic testing, observation or other methods.;Geïnstalleerde systemen en leidingen inspecteren, onderzoeken en testen, met behulp van manometer, hydrostatische testen, observatie of andere methoden;0.2125;
7126;badkamermonteur;"Installing gas appliances, dishwashers and water heaters, sinks and toilets using hand and power tools;";Het installeren van gastoestellen, vaatwassers en boilers, gootstenen en toiletten met behulp van hand- en elektrisch gereedschap;0.0975;
7126;badkamermonteur;"Laying clay, concrete or cast-iron pipes in ditches to form sewers, drains or water mains, or for other purposes;";Het leggen van klei-, beton- of gietijzeren leidingen in sloten om rioleringen, afvoeren of waterleidingen te vormen, of voor andere doeleinden;0.095;
7127;monteur verwarmings- en ventilatietechniek;"Interpreting blueprints, drawings or other specifications;";Het interpreteren van blauwdrukken, tekeningen of andere specificaties;0.365;
7127;monteur verwarmings- en ventilatietechniek;Testing systems, diagnosing faults and performing routine maintenance or servicing.;Testsystemen, diagnosefouten en routine onderhoud of onderhoud;0.2075;
7127;monteur verwarmings- en ventilatietechniek;"Assembling, installing and repairing components such as compressors, motors, condensers, evaporators, switches and gauges for air conditioning and refrigeration systems;";Montage, installatie en reparatie van componenten zoals compressoren, motoren, condensors, verdampers, schakelaars en meters voor airconditioning- en koelsystemen;0.155;
7127;monteur verwarmings- en ventilatietechniek;"Connecting piping and equipment by bolting, riveting, welding or brazing;";Aansluiten van leidingen en apparatuur door bouten, klinken, lassen of solderen;0.1;
7131;behanger;"Selecting and preparing paints to required colours by mixing pigments and additives;";Het selecteren en het voorbereiden van de verf en de vereiste kleuren door het mengen van pigmenten en additieven;0.19;
7131;behanger;"Applying or spraying paint, varnish, and similar materials to surfaces, fixtures and fittings of buildings;";Het aanbrengen of spuiten van verf, vernis en soortgelijke materialen op oppervlakken, armaturen en armaturen van gebouwen;0.1275;
7131;behanger;"Measuring and hanging wallpaper or other fabrics on interior walls and ceilings;";Het opmeten en ophangen van behang of andere stoffen aan binnenmuren en plafonds;0.0975;
7131;behanger;"Cleaning and preparing walls and other surfaces of buildings for painting or wallpapering;";Het reinigen en voorbereiden van muren en andere oppervlakken van gebouwen voor schilderen of behangen;0.09;
7132;lakspuiter;"Painting cars, buses, trucks and other vehicles, and applying varnish and other protective coatings;";Het schilderen van auto's, bussen, vrachtwagens en andere voertuigen, en het aanbrengen van vernis en andere beschermende coatings;0.12;
7132;lakspuiter;Applying paint as well as protective coatings of enamel or varnish on metal, wooden and other manufactured products, usually with a hand-spraying device.;Het aanbrengen van verf en beschermende coatings van email of vernis op metalen, houten en andere vervaardigde producten, meestal met een handspuitapparaat;0.12;
7132;lakspuiter;"Preparing surfaces to be coated using a variety of methods to remove grease, dirt and rust;";Voorbereiden van oppervlakken die moeten worden bekleed met behulp van verschillende methoden om vet, vuil en roest te verwijderen;0.1175;
7133;asbestverwijderaar;"Cleaning exterior surfaces of stone, brick, metal or similar materials by means of chemicals, or a jet of steam or sand applied under high pressure;";Het reinigen van buitenoppervlakken van steen, baksteen, metaal of soortgelijke materialen door middel van chemicaliën, of een straal stoom of zand die onder hoge druk wordt aangebracht;0.1025;
7133;asbestverwijderaar;"Removing soot from flues, chimneys and connecting pipes;";Het verwijderen van roet uit dampen, schoorstenen en verbindingspijpen;0.09;
7133;asbestverwijderaar;Removing asbestos, mould and fire-damaged surfaces from buildings.;Verwijderen van asbest, schimmel en brand beschadigde oppervlakken uit gebouwen;0.0825;
7211;coquillegieter;"Making cores for use in metal moulds;";Het maken van kernen voor gebruik in metalen mallen;0.146;
7211;coquillegieter;"Making moulds by hand or using auxiliary machines on a bench for small metal castings, on the foundry floor, or in a pit for large castings;";Mallen maken met de hand of met behulp van hulpmachines op een werkbank voor kleine metalen gietstukken, op de gieterijvloer of in een put voor grote gietstukken;0.145;
7211;coquillegieter;"Moving and positioning work pieces such as mould sections, patterns, and bottom boards, using cranes, or signalling others to move work pieces;";Het verplaatsen en positioneren van werkstukken zoals vormsecties, patronen en bodemplaten, het gebruik van kranen of het signaleren van anderen om werkstukken te verplaatsen;0.125;
7211;coquillegieter;"Cutting spouts, runner holes and sprue holes into moulds;";Snijden van tuiten, runner holes en spruw holes in mallen;0.12;
7212;elektronenbundellasser;"Monitoring the fitting, burning, and welding processes to avoid overheating of parts or warping, shrinking, distortion or expansion of material;";Het bewaken van de montage-, brand- en lasprocessen om oververhitting van onderdelen of kromtrekken, krimpen, vervorming of uitzetting van materiaal te voorkomen;0.24;
7212;elektronenbundellasser;Examining work pieces for defects and measuring work pieces with straight edges or templates to ensure conformance with specifications.;Het onderzoeken van werkstukken op defecten en het meten van werkstukken met rechte randen of sjablonen om conformiteit met de specificaties te garanderen;0.1575;
7212;elektronenbundellasser;"Welding metal parts using gas flame, or an electric arc, thermite compound or other methods;";Het lassen van metalen delen met behulp van gasvlammen, of een elektrische boog, thermietverbinding of andere methoden;0.09;
7212;elektronenbundellasser;"Using blowtorch to make and repair lead linings, pipes, floors and other lead fixtures;";Met behulp van brander voor het maken en repareren van loodbekledingen, leidingen, vloeren en andere loodarmaturen;0.09;
7213;ketelbouwer metaal;"Determining project requirements, including scope, assembly sequences, and required methods and materials, according to blueprints, drawings, and written or verbal instructions;";Het bepalen van projectvereisten, inclusief scope, assemblagesequenties en vereiste methoden en materialen, volgens blauwdrukken, tekeningen en schriftelijke of mondelinge instructies;0.37;
7213;ketelbouwer metaal;"Converting blueprints into shop drawings to be followed in the construction and assembly of sheet metal products;";Het omzetten van blauwdrukken in werktekeningen die moeten worden gevolgd bij de constructie en assemblage van plaatwerkproducten;0.265;
7213;ketelbouwer metaal;"Making and repairing household utensils and other articles in tin, copper and light alloys, or ornamental articles and fittings;";Het maken en repareren van huishoudelijke gebruiksvoorwerpen en andere artikelen in tin, koper en lichte legeringen, of sierartikelen en toebehoren;0.1425;
7213;ketelbouwer metaal;"Marking sheet metal for cutting and shaping;";Het markeren van plaatwerk voor het snijden en vormen;0.125;
7214;arbeider klinkwerk;"Assembling and erecting the framework and other metal parts of ships' structures;";Het monteren en oprichten van het raamwerk en andere metalen onderdelen van scheepsconstructies;0.135;
7214;arbeider klinkwerk;"Shaping and fitting structural-steel plates of ships under construction or repair;";Het vormen en monteren van constructiestalen platen van schepen in aanbouw of reparatie;0.12;
7214;arbeider klinkwerk;"Marking metal framework as a guide when drilling, cutting and shaping metal stock for use in buildings, ships and other structures;";Het markeren van metalen frame als leidraad bij het boren, snijden en vormgeven van metaalvoorraad voor gebruik in gebouwen, schepen en andere constructies;0.0975;
7214;arbeider klinkwerk;"Erecting steel framework for buildings, bridges and other constructions;";Plaatsen van staalconstructies voor gebouwen, bruggen en andere constructies;0.09;
7215;grondrigger;"Estimating the size, shape and weight of objects to be moved and deciding on the type of equipment to move them;";Het schatten van de grootte, vorm en gewicht van te verplaatsen objecten en het bepalen van het type apparatuur om ze te verplaatsen;0.1625;
7215;grondrigger;"Lifting and mounting scenery, lighting and other equipment in theatres and on film sets;";Hijsen en monteren van decors, verlichting en andere apparatuur in theaters en op filmsets;0.155;
7215;grondrigger;"Installing and repairing cables, ropes, wires, pulleys and other tackle;";Installeren en repareren van kabels, touwen, draden, katrollen en andere takels;0.105;
7215;grondrigger;"Working as member of crew erecting and repairing derricks for drilling water, gas and oil wells;";Werken als bemanningslid bij het opzetten en repareren van boortorens voor water-,Technologie- en olieputten;0.105;
7221;bediener hydraulische smeedpers;Measuring and inspecting machine parts to ensure conformance to product specifications.;Meten en inspecteren van machineonderdelen om conformiteit met productspecificaties te garanderen;0.26;
7221;bediener hydraulische smeedpers;"Reading work orders or blueprints to determine specified tolerances and sequences of operations for machine setup;";Het lezen van werkorders of blauwdrukken om specifieke toleranties en sequenties van bewerkingen voor machineopstelling te bepalen;0.2013;
7221;bediener hydraulische smeedpers;"Drawing wire;";Trekdraad;0.13;
7221;bediener hydraulische smeedpers;"Operating a power-press machine equipped with closed dies to forge metal articles;";Het bedienen van een krachtpersmachine uitgerust met gesloten matrijzen om metalen artikelen te smeden;0.125;
7222;fijnmechanicus;"Preparing templates and sketches, and determining work processes;";Het voorbereiden/16/sjablonen en schetsen, en het bepalen van werkprocessen;0.415;
7222;fijnmechanicus;"Reading and interpreting engineering drawings and specifications of tools, dies, prototypes or models;";Het lezen en interpreteren van technische tekeningen en specificaties van gereedschappen, matrijzen, prototypes of modellen;0.35;
7222;fijnmechanicus;"Laying out lines and reference points on metal stock to guide other workers who cut, turn, mill, grind or otherwise shape metal;";Het uitzetten van lijnen en referentiepunten op metaalvoorraad om andere werknemers te begeleiden die metaal snijden, draaien, frezen, slijpen of anderszins vormen;0.1175;
7222;fijnmechanicus;"Repairing and modifying sports guns and other small arms;";Reparatie en wijziging van sportgeweren en andere handvuurwapens;0.1075;
7223;bankwerker;"Inspecting work pieces for defects, and measuring work pieces to determine accuracy of machine operation, using rules, templates or other measuring instruments;";Het inspecteren van werkstukken op defecten en het meten van werkstukken om de nauwkeurigheid van de werking van de machine te bepalen, met behulp van regels, sjablonen of andere meetinstrumenten;0.25;
7223;bankwerker;"Observing machine operations to detect work piece defects or machine malfunctions, and adjusting machines as necessary;";Het observeren van machinebewerkingen om werkstukdefecten of machinestoringen te detecteren en indien nodig machines af te stellen;0.24;
7223;bankwerker;"Performing similar tasks when machining plastics and other metal substitutes;";Het uitvoeren van soortgelijke taken bij het bewerken van kunststoffen en andere metaalvervangers;0.15;
7223;bankwerker;Changing worn machine accessories, such as cutting tools and brushes, using hand tools.;Vervangen van versleten machineaccessoires, zoals snijgereedschappen en borstels, met behulp van handgereedschap;0.13;
7224;gereedschapslijper;"Monitoring machine operations to determine whether adjustments are necessary, and stopping machines when problems occur;";Het bewaken van machinebewerkingen om te bepalen of aanpassingen nodig zijn en het stoppen van machines wanneer zich problemen voordoen;0.28;
7224;gereedschapslijper;"Inspecting, feeling, and measuring work pieces to ensure that surfaces and dimensions meet specifications;";Inspecteren, voelen en meten van werkstukken om ervoor te zorgen dat oppervlakken en afmetingen voldoen aan specificaties;0.1575;
7224;gereedschapslijper;"Operating fixed or portable buffing and polishing machines;";Het bedienen van vaste of draagbare polijst- en polijstmachines;0.1475;
7224;gereedschapslijper;Selecting and mounting grinding wheels on machines according to specifications, using hand tools and applying knowledge of abrasives and grinding procedures.;Het selecteren en monteren van slijpwielen op machines volgens specificaties, met behulp van handgereedschap en het toepassenis kennis van schuurmiddelen en slijpprocedures;0.14;
7231;assistent-automonteur;"Detecting and diagnosing faults in engines and parts;";Het opsporen en diagnosticeren van storingen in motoren en onderdelen;0.25;
7231;assistent-automonteur;"Fitting, examining, testing and servicing motor vehicle and motorcycle engines;";Het monteren, onderzoeken, testen en onderhouden van motorvoertuigen en motorfietsen;0.2;
7231;assistent-automonteur;"Replacing engine components or complete engines;";Vervanging van motoronderdelen of complete motoren;0.15;
7231;assistent-automonteur;Reassembling engines and parts after being repaired.;Herassembleren van motoren en onderdelen na reparatie;0.1325;
7232;hoofd vliegtuigonderhoud;"Maintaining repair logs, documenting all preventive and corrective aircraft maintenance;";Bijhouden van reparatielogboeken, documenteren van alle preventief en correctief vliegtuigonderhoud;0.39;
7232;hoofd vliegtuigonderhoud;"Reading and interpreting manuals, service bulletins, and other specifications to determine the feasibility and method of repairing or replacing malfunctioning or damaged components;";Het lezen en interpreteren van handleidingen, servicebulletins en andere specificaties om de haalbaarheid en methode van het repareren of vervangen van defecte of beschadigde onderdelen te bepalen;0.235;
7232;hoofd vliegtuigonderhoud;"Maintaining, repairing and rebuilding aircraft structures, functional components and parts such as wings and fuselage, rigging, hydraulic units, oxygen systems, fuel systems, electrical systems, gaskets, and seals;";Onderhoud, reparatie en wederopbouw van vliegtuigconstructies, functionele componenten en onderdelen zoals vleugels en romp, tuigage, hydraulische eenheden, zuurstofsystemen, brandstofsystemen, elektrische systemen, pakkingen en afdichtingen;0.1475;
7232;hoofd vliegtuigonderhoud;Connecting components to assemblies such as radio systems, instruments, magnetos, inverters, and in-flight refuelling systems.;Componenten aansluiten op samenstellingen zoals radiosystemen, instrumenten, magneto's, omvormers en bijvulsystemen tijdens de vlucht;0.14;
7233;assistent-werktuigkundige vissersschepen;"Inspecting and testing new machinery and mechanical equipment for conformity with standards and specifications;";Het inspecteren en testen van nieuwe machines en mechanische apparatuur op conformiteit met normen en specificaties;0.235;
7233;assistent-werktuigkundige vissersschepen;"Operating newly repaired machinery and equipment to verify the adequacy of repairs;";Het bedienen van nieuw gerepareerde machines en apparatuur om de geschiktheid van reparaties te verifiëren;0.205;
7233;assistent-werktuigkundige vissersschepen;"Oiling and greasing stationary engines and machinery;";Oliën en smeren van stationaire motoren en machines;0.13;
7233;assistent-werktuigkundige vissersschepen;"Disassembling machinery and equipment to remove parts and make repairs;";Demonteren van machines en apparatuur om onderdelen te verwijderen en reparaties uit te voeren;0.1225;
7234;fietsenmaker;"Examining, servicing and repairing bicycles and other non-motorized transport equipment;";Het onderzoeken, onderhouden en repareren van fietsen en andere niet-gemotoriseerde transportmiddelen;0.155;
7234;fietsenmaker;"Replacing and repairing components and accessories, such as brakes, gears, driving chain mechanism, wheels, and handle bars;";Onderdelen en toebehoren vervangen en repareren, zoals remmen, versnellingen, aandrijfmechanisme, wielen en stuurstangen;0.15;
7234;fietsenmaker;"Cleaning and lubricating bearings and other moving parts;";Reinigen en smeren van lagers en andere bewegende delen;0.12;
7234;fietsenmaker;"Changing tyres and controlling air pressure;";Het verwisselen van banden en het regelen van de luchtdruk;0.1;
7311;horloge- en klokkenreparateur;"Testing timepiece accuracy and performance, using meters and other electronic instruments;";De nauwkeurigheid en prestaties van het uurwerk testen met behulp van meters en andere elektronische instrumenten;0.3225;
7311;horloge- en klokkenreparateur;"Testing accuracy of meters, gauges, indicators or other recording or controlling instruments to locate defective components and for conformance to standards;";Het testen van de nauwkeurigheid van meters, meters, indicatoren of andere registratie- of regelinstrumenten om defecte onderdelen te lokaliseren en op overeenstemming met de normen;0.3;
7311;horloge- en klokkenreparateur;Adjusting and repairing masts, supporting structures, clearance lights, control panels, control cabling and wiring, and other electrical and mechanical devices;Instellen en repareren van masten, draagconstructies, doorrijlichten, bedieningspanelen, besturingsbekabeling en bedrading, en andere elektrische en mechanische apparaten;0.135;
7311;horloge- en klokkenreparateur;"Cleaning, rinsing and drying timepiece parts, using solutions and ultrasonic or mechanical watch-cleaning machines;";Het reinigen, spoelen en drogen van uurwerkonderdelen, met behulp van oplossingen en ultrasone of mechanische horloge-reinigingsmachines;0.1325;
7312;blaasinstrumentenbouwer;"Playing and inspecting instruments to evaluate their sound quality and to locate any defects;";Instrumenten bespelen en inspecteren om hun geluidskwaliteit tesopdrachten en eventuele gebreken te lokaliseren;0.155;
7312;blaasinstrumentenbouwer;"Adjusting string tensions to achieve proper tone or pitch of stringed instruments;";Aanpassen van snaarspanningen om de juiste toon of toonhoogte van snaarinstrumenten te bereiken;0.155;
7312;blaasinstrumentenbouwer;"Aligning pads and keys on reed or wind instruments;";Uitlijnen van pads en toetsen op riet- of blaasinstrumenten;0.1225;
7312;blaasinstrumentenbouwer;"Installing new drumheads in percussion instruments;";Installeren van nieuwe drumvellen in percussie-instrumenten;0.1;
7313;edelsteenslijper;Examining assembled or finished products to ensure conformance to specifications, using magnifying glasses or precision measuring instruments.;Het onderzoeken van geassembleerde of afgewerkte producten om conformiteit met de specificaties te garanderen, met behulp van een vergrootglas of precisiemeetinstrumenten;0.285;
7313;edelsteenslijper;"Examining gem surfaces and internal structures, using polariscopes, refractometers, microscopes, and other optical instruments to differentiate between stones, to identify rare specimens, or to detect flaws, defects or peculiarities affecting gem values;";Het onderzoeken van edelsteenoppervlakken en interne structuren, met behulp van polariscopen, refractometers, microscopen en andere optische instrumenten om onderscheid te maken tussen stenen, om zeldzame exemplaren te identificeren of om gebreken, defecten of eigenaardigheden op te sporen die de edelsteenwaarden beïnvloeden;0.25;
7313;edelsteenslijper;"Casting jewellery and other non-ferrous metal articles by hand;";Met de hand gieten van sieraden en andere non-ferrometalen artikelen;0.1425;
7313;edelsteenslijper;"Grinding, drilling and finishing jewel bearings for use in precision instruments such as compasses and chronometers;";Juweellagers slijpen, boren en afwerken voor gebruik in precisie-instrumenten zoals kompassen en chronometers;0.125;
7314;baksteenvormer;"Reading technical drawings to know customer's requirements;";Het lezen van technische tekeningen om de eisen van de klant te kennen;0.335;
7314;baksteenvormer;Preparing work for sale or exhibition, and maintaining relationships with retail, pottery, art and resource networks that can facilitate sale or exhibition of work.;Het voorbereiden van werk voor verkoop of tentoonstelling, en het onderhouden van relaties met retail, aardewerk, kunst en resource netwerken die de verkoop of tentoonstelling van werk kunnen vergemakkelijken Rossa;0.2625;
7314;baksteenvormer;"Making articles of pottery and porcelain;";Het maken van artikelen van aardewerk en porselein;0.1225;
7314;baksteenvormer;"Smoothening surfaces of finished pieces, using rubber scrapers and wet sponges;";Vloeiende oppervlakken van afgewerkte stukken, met behulp van rubberschrapers en natte sponzen;0.1;
7315;glasblazer;"Observing gauges, computer printouts and video monitors to verify specified processing conditions and make adjustments as necessary;";Het observeren van meters, computerafdrukken en videomonitoren om gespecificeerde verwerkingsomstandigheden te verifiëren en waar nodig aanpassingen te doen;0.2925;
7315;glasblazer;"Inspecting, weighing and measuring products to verify conformance to specifications, using instruments such as micrometers, callipers, magnifiers and rulers;";Het inspecteren, wegen en meten van producten om conformiteit met specificaties te verifiëren, met behulp van instrumenten zoals micrometers, remklauwen, vergrootglazen en linialen;0.265;
7315;glasblazer;"Spraying silver solution on glass to provide mirrored surface, using spray gun;";Het spuiten van zilveren oplossing op glas om spiegeloppervlak te bieden, met behulp van spuitpistool;0.1375;
7315;glasblazer;Laying out cutting and grinding optical and other glass to specified dimensions and weight for moulding into lens blanks and for use as watch crystals.;Het uitsnijden en slijpen van optisch en ander glas op gespecificeerde afmetingen en gewicht voor het gieten in lensblanco's en voor gebruik als horlogekristallen;0.12;
7316;aardewerkschilder;"Integrating and developing visual elements, such as line, space, mass, colour, and perspective, in order to produce desired effects such as the illustration of ideas, emotions or moods;";Het integreren en ontwikkelen van visuele elementen, zoals lijn, ruimte, massa, kleur en perspectief, om gewenste effecten te produceren, zoals de illustratie van ideeën, emoties of stemmingen;0.465;
7316;aardewerkschilder;"Designing pattern or lettering to paint work pieces such as signs, glassware, pottery or zinc plates;";Ontwerpen van patroon of belettering om werkstukken zoals borden, glaswerk, aardewerk of zinkplaten te schilderen;0.2062;
7316;aardewerkschilder;"Transferring from paper transfers decorative or ornamental designs on articles;";Het overbrengen van decoratieve of sierontwerpen op artikelen op papier;0.141;
7316;aardewerkschilder;"Cutting out letters and signs for display purposes from wallboard or cardboard, by hand or machines such as electrically powered jigsaw or bandsaw;";Het uitsnijden van letters en tekens voor weergavedoeleinden van wandkarton of karton, met de hand of machines zoals elektrisch aangedreven decoupeerzaag of lintzaag;0.1175;
7317;ambachtelijk papiermaker;"Painting freehand decorative designs on glass and pottery or porcelain ware;";Decoratieve ontwerpen uit de vrije hand schilderen op glas en aardewerk of porselein;0.1475;
7317;ambachtelijk papiermaker;"Carving, assembling, weaving, painting and decorating various articles for personal or household use such as salad bowls, serving-spoons, cutting-boards, trays, vases, jugs, baskets, straw hats, straw mats and similar objects;";Het snijden, monteren, weven, schilderen en decoreren van diverse artikelen voor persoonlijk of huishoudelijk gebruik zoals saladekommen, opscheplepels, snijplanken, dienbladen, vazen, kannen, manden, strohoeden, stromatten en dergelijke;0.1475;
7317;ambachtelijk papiermaker;"Preparing wood, straw, rattan, reeds, shells, or similar materials;";Het bereiden van hout, stro, rotan, riet, schelpen of dergelijke materialen;0.1175;
7317;ambachtelijk papiermaker;Selecting and preparing materials, such as broom corn, bass, whisker and fibre, and fastening them to broom handles.;Het selecteren en bereiden van materialen, zoals bezemmaïs, bas, snorhars en vezels, en het bevestigen ervan aan bezemgesteld handgrepen;0.115;
7318;ambachtelijk lederwarenmaker;"Grading and classifying natural textile fibres;";Het sorteren en classificeren van natuurlijke textielvezels;0.2125;
7318;ambachtelijk lederwarenmaker;"Spinning and dyeing with natural dyestuffs, wool, cotton and other fibres;";Draaien en verven met natuurlijke kleurstoffen, wol, katoen en andere vezels;0.15;
7318;ambachtelijk lederwarenmaker;"Drawing warp threads into loom by hand;";Warpdraden met de hand in het weuzen;0.11;
7318;ambachtelijk lederwarenmaker;"Washing wool fibres;";Waswolvezels;0.0825;
7321;drukvormvervaardiger zeefdruk;"Using computer applications to generate images, text, layouts and impositions for print and other visual media displays;";Het gebruik van computertoepassingen voor het genereren van beelden, tekst, lay-outs en opleggingen voor afdruk- en andere visuele mediaschermen;0.685;
7321;drukvormvervaardiger zeefdruk;"Evaluating printed proofs, checking and correcting them for quality;";Evalueren van gedrukte proefdrukken, controleren en corrigeren op kwaliteit;0.6645;
7321;drukvormvervaardiger zeefdruk;"Operating plate making equipment to reproduce images from film to printing plates, digital output devices and presses;";Apparatuur voor het maken van platen om afbeeldingen van film naar drukplaten, digitale uitvoerapparaten en persen te reproduceren;0.235;
7321;drukvormvervaardiger zeefdruk;Preparing and exposing carbon tissue for laying on cylinders by transfer method, and developing images.;Het voorbereiden en blootstellen van koolstofweefsel voor het leggen op cilinders door overdrachtsmethode, en het ontwikkelen van beelden;0.15;
7322;blinddrukker;Producing digital print images, and transferring and outputting images.;Het produceren van digitale afdrukken, en het overbrengen en outputten van beelden;0.415;
7322;blinddrukker;"Monitoring, evaluating and determining press to check print quality standards against proofs and detect malfunctions;";Monitoren, evalueren en bepalen van pers om afdrukkwaliteitsnormen te toetsen aan proefdrukken en storingen op te sporen;0.345;
7322;blinddrukker;"Preparing plates, blankets and impression cylinders on small offset lithographic printing presses;";Het bereiden van platen, dekens en drukcilinders op kleine offsetlithografische drukpersen;0.15;
7322;blinddrukker;"Loading paper into feeding mechanisms;";Papier in invoermechanismen laden;0.08;
7323;operator boekbindmachine;Operating photographic and electronic reproduction devices.;Bediening van fotografische en elektronische reproductieapparaten;0.365;
7323;operator boekbindmachine;"Setting up and supervising the operation of automatic binding and finishing equipment;";Het opzetten en controleren van automatische bevestigings- en afwerkingsapparatuur;0.285;
7323;operator boekbindmachine;"Folding, collating and sewing signatures by machine and hand;";Handtekeningen machinaal en met de hand vouwen, sorteren en naaien;0.14;
7323;operator boekbindmachine;"Binding full, half and limp-bound books, and repairing bindings;";Het inbinden van volle, halve en slappe boeken, en het repareren van bindingen;0.125;
7411;elektricien evenementen;"Examining blueprints, wiring diagrams and specifications to determine sequences and methods of operation;";Het onderzoeken van blauwdrukken, bedradingsschema's en specificaties om sequenties en werkwijzen te bepalen;0.2825;
7411;elektricien evenementen;Testing continuity of circuit.;Het testen van de continuïteit van het circuit;0.26;
7411;elektricien evenementen;"Measuring and laying out installation reference points;";Meten en inrichten van installatiereferentiepunten;0.1375;
7411;elektricien evenementen;"Selecting, cutting and connecting wire and cable to terminals and connectors;";Het selecteren, snijden en aansluiten van draad en kabel op terminals en connectoren;0.135;
7412;accumonteur;"Inspecting and testing manufactured electrical products;";Inspecteren en testen van gefabriceerde elektrische producten;0.284;
7412;accumonteur;"Installing, testing, connecting, commissioning, maintaining and modifying electrical equipment, wiring and control systems;";Installeren, testen, aansluiten, inbedrijfstellen, onderhouden en aanpassen van elektrische apparatuur, bedrading en besturingssystemen;0.205;
7412;accumonteur;"Connecting electrical systems to power supply;";Aansluiten elektrische systemen op stroomvoorziening;0.14;
7412;accumonteur;"Designing, installing, maintaining, servicing and repairing electric and hydraulic passenger and freight lifts, escalators, moving walkways and other lift equipment;";Het ontwerpen, installeren, onderhouden, onderhouden en repareren van elektrische en hydraulische personen- en goederenliften, roltrappen, rolpaden en andere liftapparatuur;0.135;
7413;kabelmonteur;Identifying defective sectionalizing devices, circuit breakers, fuses, voltage regulators, transformers, switches, relays or wiring, using wiring diagrams and electrical-testing instruments.;Het identificeren van defecte sectionaliserende apparaten, stroomonderbrekers, zekeringen, spanningsregelaars, transformatoren, schakelaars, relais of bedrading, met behulp van bedradingsschema's en elektrische testinstrumenten;0.27;
7413;kabelmonteur;"Adhering to safety practices and procedures, such as checking equipment regularly and erecting barriers around work areas;";Het naleven van veiligheidspraktijken en -procedures, zoals het regelmatig controleren van apparatuur en het plaatsen van barrières rond werkgebieden;0.225;
7413;kabelmonteur;"Opening switches or attaching grounding devices to remove electrical hazards from disturbed or fallen lines or to facilitate repairs;";Schakelaars openen of aardingsapparaten bevestigen om elektrische gevaren van gestoorde of gevallen leidingen te verwijderen of om reparaties te vergemakkelijken;0.11;
7413;kabelmonteur;"Climbing poles or using truck-mounted buckets to access equipment;";Klimstokken of het gebruik van op een vrachtwagen gemonteerde bakken om toegang te krijgen tot apparatuur;0.0575;
7421;monteur consumentenelektronica;Keeping records of maintenance and repair work.;Het bijhouden van een register van onderhouds- en reparatiewerkzaamheden;0.55;
7421;monteur consumentenelektronica;"Interpreting test data to diagnose malfunctions and systemic performance problems;";Interpreteren van testgegevens om storingen en systemische prestatieproblemen te diagnosticeren;0.3125;
7421;monteur consumentenelektronica;"Connecting components to assemblies such as radio systems, instruments, magnetos, inverters and in-flight refuelling systems;";Componenten aansluiten op samenstellingen zoals radiosystemen, instrumenten, magneto's, omvormers en bijvulsystemen tijdens de vlucht;0.1475;
7421;monteur consumentenelektronica;"Adjusting, repairing and replacing worn and defective parts and wiring, and maintaining machines, equipment and instruments;";Het afstellen, repareren en vervangen van versleten en defecte onderdelen en bedrading, en het onderhouden van machines, apparatuur en instrumenten;0.135;
7422;computerreparateur;"Providing technical advice and information, and monitoring the performance of complex telecommunications networks and equipment;";Het verstrekken van technisch advies en informatie en het monitoren van de prestaties van complexe telecommunicatienetwerken en -apparatuur;0.5075;
7422;computerreparateur;"Maintaining, troubleshooting, testing and repairing computers, data transmission equipment and computer peripherals;";Het onderhouden, oplossen van problemen, testen en repareren van computers, datatransmissieapparatuur en computerrandapparatuur;0.3;
7422;computerreparateur;Installing, maintaining and repairing antennae used in communications.;Installeren, onderhouden en repareren van antennes gebruikt in communicatie;0.135;
7422;computerreparateur;"Joining telecommunications and data cables, and sealing sheathes;";Verbinden van telecommunicatie- en datakabels en afdichten van mantels;0.1325;
7511;islamitisch slachter;Selling meat or fish to customers, including wrapping, weighing and labelling products, and receiving payment.;Verkoop van vlees of vis aan klanten, inclusief verpakking, weging en etikettering van producten, en ontvangst van betaling;0.1625;
7511;islamitisch slachter;"Preparing ingredients and making sausages and similar products using chopping, mixing and shaping machines;";Het bereiden van ingrediënten en het maken van worsten en soortgelijke producten met behulp van snij-, meng- en vormmachines;0.15;
7511;islamitisch slachter;"Flaying and trimming carcasses;";Kadavers voor het slachten en afsnijden;0.0875;
7511;islamitisch slachter;"Slaughtering animals;";Slachtdieren;0.0775;
7512;bakker;"Checking the quality of raw materials to ensure that standards and specifications are met;";Het controleren van de kwaliteit van grondstoffen om ervoor te zorgen dat aan normen en specificaties wordt voldaan;0.3525;
7512;bakker;"Checking the cleanliness of equipment and operation of premises before production runs to ensure compliance with occupational health and safety regulations;";Het controleren van de netheid van apparatuur en de werking van gebouwen voordat de productie wordt uitgevoerd om ervoor te zorgen dat de voorschriften voor gezondheid en veiligheid op het werk worden nageleefd;0.185;
7512;bakker;"Monitoring oven temperatures and product appearance to determine baking times;";Het bewaken van de oventemperaturen en het uiterlijk van het product om de baktijden;0.125;
7512;bakker;"Applying glazes, icings or other toppings to baked goods, using spatulas or brushes;";Het aanbrengen van glazuren, glazuur of andere toppings op gebakken producten, met behulp van spatels of borstels;0.12;
7513;medewerker melkontvangst;Recording amounts of ingredients used, test results, and time cycles.;Het registreren van hoeveelheden gebruikte ingrediënten, testresultaten en tijdcycli;0.61;
7513;medewerker melkontvangst;"Monitoring product quality before packaging by inspecting, taking samples and adjusting treatment conditions when necessary;";Het bewaken van de productkwaliteit vóór het verpakken door het inspecteren, nemen van monsters en het aanpassen van de behandelingsomstandigheden indien nodig;0.31;
7513;medewerker melkontvangst;"Separating cream from milk and churning cream into butter;";Room van melk scheiden en room in boter karnen;0.125;
7513;medewerker melkontvangst;"Salting cheese and piercing or smearing cheese with cultured wash to develop mould growth;";Zoute kaas en piercing of smerende kaas met gekweekte was om schimmelgroei te ontwikkelen;0.1075;
7514;medewerker oliemolen;"Mixing and adding ingredients such as pectin, sugar, spices and vinegar to assist preservation and enhance texture, appearance and flavour;";Het mengen en toevoegen van ingrediënten zoals pectine, suiker, kruiden en azijn om het behoud te bevorderen en de textuur, het uiterlijk en de smaak te verbeteren;0.2125;
7514;medewerker oliemolen;"Extracting juices from various fruits;";Het extraheren van sappen uit verschillende vruchten;0.15;
7514;medewerker oliemolen;Transferring preserved foods to sterile jars, bottles or other containers.;Het overbrengen van conserven van levensmiddelen naar steriele potten, flessen of andere recipiënten;0.1375;
7514;medewerker oliemolen;"Extracting oils from oil-bearing seeds, nuts or fruits;";Het extraheren van oliën uit oliehoudende zaden, noten of vruchten;0.1;
7515;controleur boerderijmelk;"Recording the grade and/or identification numbers on tags, receiving, or sales sheets;";Het registreren van de rang- en/of identificatienummers op labels, ontvangst- of verkoopbladen;0.55;
7515;controleur boerderijmelk;"Determining quality, acceptability to consumer tastes and approximate value of products, and grading them into appropriate classes;";Het bepalen van de kwaliteit, de aanvaardbaarheid voor de smaak van de consument en de geschatte waarde van producten, en het indelen ervan in geschikte klassen;0.3675;
7515;controleur boerderijmelk;"Inspecting, testing, tasting and smelling agricultural products, food and beverages at various stages of processing;";Inspecteren, testen, proeven en ruiken van landbouwproducten, voedingsmiddelen en dranken in verschillende stadia van verwerking;0.195;
7515;controleur boerderijmelk;Weighing and measuring products.;Weeg- en meetproducten;0.165;
7516;binder van bladeren;"Grading cured tobacco leaves by type, quality and locality where grown;";Het sorteren van uitgeharde tabaksbladeren naar soort, kwaliteit en plaats waar ze zijn geteeld;0.215;
7516;binder van bladeren;"Mixing tobacco leaves according to formula to obtain a blend of distinct flavour;";Het mengen van tabaksbladeren volgens formule om een mix van verschillende smaken te verkrijgen;0.175;
7516;binder van bladeren;Making cigars, cigarettes, snuff and other tobacco products by hand or with simple machines.;Het maken van sigaren, sigaretten, snuiftabak en andere tabaksproducten met de hand of met eenvoudige machines;0.1025;
7516;binder van bladeren;"Removing midribs and stalks from tobacco leaves and shredding tobacco;";Het verwijderen van midribs en stengels uit tabaksbladeren en shreddertabak;0.075;
7521;droger hout;Completing and maintaining production reports.;Het invullen en onderhouden van productierapporten;0.5775;
7521;droger hout;"Monitoring equipment operation, gauges, and panel lights in order to detect deviations from standards and to ensure that processes are operating according to specifications;";Bewaking van de werking van de apparatuur, meters en paneelverlichting om afwijkingen van de normen te detecteren en ervoor te zorgen dat de processen volgens de specificaties werken;0.2875;
7521;droger hout;"Operating and tending kilns, treating tanks and other equipment to dry lumber, prepare and season wood and other wood products, and to impregnate wood products with preservatives;";Het bedienen en onderhouden van ovens, het behandelen van tanks en andere apparatuur om hout te drogen, hout en andere houtproducten te bereiden en te kruiden, en houtproducten te impregneren met conserveringsmiddelen;0.1437;
7521;droger hout;"Transporting materials and products to and from work areas, manually or using carts, handtrucks, or hoists;";Materialen en producten van en naar werkruimten met de hand of met behulp van karren, handtrucks of hijsmachines;0.14;
7522;kuiper;"Studying plans, verifying dimensions of articles to be made, or preparing specifications and checking the quality and fit of pieces in order to ensure adherence to specifications;";Het bestuderen van plannen, het verifiëren van de afmetingen van te maken artikelen, het opstellen van specificaties en het controleren van de kwaliteit en de pasvorm van stukken om naleving van specificaties te garanderen;0.2875;
7522;kuiper;"Making, restyling and repairing various wooden articles, such as cabinets, furniture, vehicles, scale models, sports equipment and other parts or products;";Het maken, restylen en repareren van diverse houten artikelen, zoals kasten, meubels, voertuigen, maquettes, sportartikelen en andere onderdelen of producten;0.1512;
7522;kuiper;"Operating woodworking machines, such as power saws, jointers, mortisers and shapers, and using hand tools to cut, shape and form parts and components;";Het bedienen van houtbewerkingsmachines, zoals motorzagen, voegmachines, mortizers en shapers, en het gebruik van handgereedschappen om onderdelen en componenten te snijden, te vormen en te vormen;0.1375;
7522;kuiper;Finishing surfaces of wooden articles or furniture.;Oppervlakken van houten artikelen of meubels afwerken;0.105;
7523;bediener spijkermachine;Reading and interpreting specifications or following verbal instructions.;Lees- en tolkspecificaties of volg mondelinge instructies;0.54;
7523;bediener spijkermachine;"Setting and adjusting various kinds of woodworking machines for operation by others;";Het instellen en aanpassen van verschillende soorten houtbewerkingsmachines voor gebruik door anderen;0.165;
7523;bediener spijkermachine;"Setting-up, programming, operating and monitoring several types of woodworking machines for sawing, shaping, boring, drilling, planing, pressing, turning, sanding or carving to fabricate or repair wooden parts for furniture, fixtures and other wooden products;";Het opzetten, programmeren, bedienen en bewaken van verschillende soorten houtbewerkingsmachines voor het zagen, vormen, boren, boren, schaven, persen gemeld, draaien, schuren of snijden van houten delen voor meubelen, armaturen en andere houten producten;0.15;
7523;bediener spijkermachine;"Operating preset special-purpose woodworking machines to fabricate wooden products such as coat hangers, mop handles, clothes pins and other products;";Bediening van vooraf ingestelde houtbewerkingsmachines voor speciale doeleinden om houten producten te vervaardigen, zoals kleerhangers, dweilgrepen, kledingpennen en andere producten;0.14;
7531;dames- en kinderkleermaker;"Selecting and modifying commercial patterns to customers' and clothing manufacturers' specifications and fit;";Het selecteren en aanpassen van commerciële patronen aan de specificaties en pasvorm van klanten en kledingfabrikanten;0.3;
7531;dames- en kinderkleermaker;"Selecting textile fabrics, leather or fur pelts matching the desired size, colour, texture, and quality of the garment; cutting to shape them to garment pattern and arranging them on pattern according to the design of the garment;";"Het selecteren van weefsels, leder of bont pelzen die overeenkomen met de gewenste maat, kleur,aliseer textuur en kwaliteit van het kledingstuk; het snijden om ze te vormen tot kledingpatroon en het regelen van ze op patroon volgens het ontwerp van het kledingstuk";0.155;
7531;dames- en kinderkleermaker;"Fitting, altering and repairing tailored clothing, dresses, coats and other made-to-measure garments according to customers' requests;";Het passen, veranderen en repareren van op maat gemaakte kleding, jurken, jassen en andere op maat gemaakte kledingstukken volgens de wensen van de klant;0.1125;
7531;dames- en kinderkleermaker;"Blending shades of hair to give natural appearance to wigs and arranging woven hair in specified position and sewing hair together to form hairpiece;";Haartinten mengen om pruiken een natuurlijke uitstraling te geven en geweven haar in een bepaalde positie plaatsen en haar aan elkaar naaien om haarstukjes te vormen;0.095;
7532;CAD-patroontekenaar confectie;"Creating the blueprint or pattern pieces for a particular apparel design with the aid of a computer;";Het maken van de blauwdruk of patroonstukken voor een bepaald kledingontwerp met behulp van een computer;0.25;
7532;CAD-patroontekenaar confectie;"Calculating dimensions of patterns according to sizes, considering stretching of material;";Het berekenen van afmetingen van patronen volgens maten, rekening houdend met het uitrekken van materiaal;0.25;
7532;CAD-patroontekenaar confectie;"Positioning leather on cutting bed of machine, maximizing usage according to skin grain, skin flaws and skin stretch;";Plaatsen van leer op het snijden bed van de machine, maximaliseren van het gebruik volgens huidkorrel, huid gebreken en huid stretch;0.135;
7532;CAD-patroontekenaar confectie;"Trimming excess material or cutting threads off finished products, such as cutting loose ends of a finished product;";Het afknippen van overtollige materialen of snijdraden van afgewerkte producten, zoals het snijden van losse eindjes van een eindproduct;0.13;
7533;borduurster;"Embroidering ornamental designs on cloth by hand or machine using needle and coloured threads;";Het borduren van sierontwerpen op doek met de hand of machinaal met naald en gekleurde draden;0.141;
7533;borduurster;"Sewing or gluing decorative trimmings to articles, such as hats, caps or millinery;";Het naaien of lijmen van decoratieve garnituren op artikelen, zoals hoeden, caps of millinair;0.135;
7533;borduurster;"Repairing defective or damaged portion of cloth or garment by hand, using matching thread and needle;";Reparatie van defecte of beschadigde delen van doek of kledingstuk met de hand, met behulp van bijpassende draad en naald;0.0975;
7533;borduurster;"Patching holes, sewing tears and ripped seams, or darning defects in items, using needles and thread;";Patching gaten, naaien scheuren en gescheurde naden, of stoppende defecten in items, met behulp van naalden en draad;0.085;
7534;matrassenmaker;"Discussing upholstery fabric, colour and style with customers and providing cost estimate for upholstering furniture or other items;";Het bespreken van bekledingsstof, kleur en stijl met klanten en het geven van een kostenraming voor het stofferen van meubels of andere items;0.37;
7534;matrassenmaker;"Collaborating with interior designers to decorate rooms and coordinate furnishing fabrics;";Samenwerken met interieurontwerpers om kamers te decoreren en meubelstoffen te coördineren;0.3425;
7534;matrassenmaker;"Sewing upholstery materials by hand to seam cushions and joining sections of covering materials;";Naaien van bekledingsmaterialen met de hand op naadkussens en het verbinden van delen van bekledingsmaterialen;0.12;
7534;matrassenmaker;"Repairing raw hide covering of artificial limbs;";Herstellen van ruwe huiden van kunstmatige ledematen;0.0785;
7535;leerlooier;"Sorting and grading pelts, hides and skins according to colour, shading, size and density;";Sorteren en sorteren van pelzen, huiden en vellen naar kleur, schaduw, grootte en dichtheid;0.15;
7535;leerlooier;"Dressing and applying dyes and stains to leather;";Aanmaken en aanbrengen van kleurstoffen en beitsen op leer;0.15;
7535;leerlooier;"Scraping particles of flesh, fat or protective tissue from skins or pelts to clean and soften them;";Delen van vlees, vet of beschermend weefsel van huiden of pelzen om ze te reinigen en te verzachten;0.0675;
7535;leerlooier;"Removing long, coarse hair from pelts and trimming underlying hair to even length;";Het verwijderen van lang, grof haar uit pelzen en het trimmen van onderliggend haar tot even lang;0.0675;
7536;3D-ontwikkelaar schoeisel;"Studying drawings and other specifications to make footwear according to customer's needs;";Het bestuderen van tekeningen en andere specificaties om schoeisel te vervaardigen volgens de behoeften van de klant;0.315;
7536;3D-ontwikkelaar schoeisel;"Checking the texture, colour and strength of leather to ensure that it is adequate for a particular purpose;";Het controleren van de textuur, kleur en sterkte van leer om er zeker van te zijn dat het geschikt is voor een bepaald doel;0.2625;
7536;3D-ontwikkelaar schoeisel;Making and repairing articles such as saddles and harnesses for animals, luggage, handbags, brief-cases, leather bags, belts and other accessories.;Het maken en repareren van artikelen zoals zadels en tuigen voor dieren, bagage, handtassen, aktetassen, leren tassen, riemen en andere accessoires;0.12;
7536;3D-ontwikkelaar schoeisel;"Sewing rips or patching holes to repair articles, such as purses, belts, shoes and luggage;";Naaistukken of patchgaten om artikelen te repareren, zoals portemonnees, riemen, schoenen en bagage;0.1125;
7541;duiker civiele onderwaterbouw;Obtaining information about diving tasks and environmental conditions.;Het verkrijgen van informatie over duiktaken en omgevingsomstandigheden;0.36;
7541;duiker civiele onderwaterbouw;"Reporting on condition of wrecked ships;";Rapportering op toestand van gesloopte schepen;0.27;
7541;duiker civiele onderwaterbouw;"Removing underwater obstructions;";Het verwijderen van onderwaterobstructies;0.075;
7541;duiker civiele onderwaterbouw;Gathering shellfish, sponges and other aquatic life forms;Schaaldieren, sponzen en andere waterlevensvormen verzamelen;0.07;
7542;springmeester;Compiling and maintaining records about usage of explosives in compliance with laws and regulations.;Het opstellen en bijhouden van registraties over het gebruik van explosieven in overeenstemming met wet- en regelgeving;0.2425;
7542;springmeester;"Planning and giving instructions for the layout, depth and diameter of blast holes;";Plannen en geven van instructies voor de indeling, diepte en diameter van blaasgaten;0.145;
7542;springmeester;"Covering charges, filling blast holes with rock dust, sand and other materials, and tamping material to compact charges;";Het afdekken van ladingen, het vullen van blaasgaten met steenstof, zand en andere materialen en het stampen van materiaal tot compacte ladingen;0.08;
7542;springmeester;"Ensuring workplace safety and explosives handling, storage and transport procedures and regulations are followed;";Ervoor zorgen dat de veiligheid op de werkplek en de procedures en voorschriften voor het hanteren, opslaan en vervoeren van explosieven worden gevolgd;0.05;
7543;AOI-operator;Analysing test data and making computations as necessary to determine test results.;Het analyseren van testgegevens en het maken van berekeningen indien nodig om testresultaten te bepalen;0.5575;
7543;AOI-operator;"Recording inspection or test data, such as weights, temperatures, grades or moisture content, and quantities inspected or graded;";Het registreren van inspectie- of testgegevens, zoals gewicht?, temperaturen, kwaliteiten of vochtgehalte, en de geïnspecteerde of gesorteerde hoeveelheden;0.365;
7543;AOI-operator;"Measuring dimensions of products using instruments such as rulers, callipers, gauges, or micrometers;";Het meten van de afmetingen van producten met behulp van instrumenten zoals linialen, remklauwen, meters of micrometers;0.24;
7543;AOI-operator;"Grading and classifying natural textile fibres for spinning and winding;";Het sorteren en classificeren van natuurlijke textielvezels voor spinnen en wikkelen;0.1575;
7544;bestrijder ongedierte;"Mixing chemicals according to instructions;";Mengen van chemicaliën volgens instructies;0.165;
7544;bestrijder ongedierte;"Filling sprayer tanks with water and chemicals;";Spuittanks vullen met water en chemicaliën;0.1625;
7544;bestrijder ongedierte;"Lifting, pushing and swinging nozzles, hoses and tubes in order to direct spray over designated areas;";Hijsen, duwen en zwaaien van spuitmonden, slangen en buizen om het spuiten over aangewezen gebieden te leiden;0.0925;
7544;bestrijder ongedierte;"Spraying or releasing chemical solutions or toxic gases and setting traps to kill pests and vermin, such as mice, termites and roaches;";Het spuiten of vrijgeven van chemische oplossingen of giftige gassen en het plaatsen van vallen om ongedierte en ongedierte te doden, zoals muizen, termieten en kakkerlakken;0.07;
8111;afwateringstechnicus;"Completing records detailing operations completed during shifts;";Het invullen van records met gedetailleerde bewerkingen die tijdens diensten zijn voltooid;0.46;
8111;afwateringstechnicus;"Operating machinery to open new shafts, drives, air vents and rises;";Machines bedienen om nieuwe assen, aandrijvingen, ventilatieopeningen en stijgingen te openen;0.16;
8111;afwateringstechnicus;"Setting up and operating drilling equipment in underground and surface mines and quarries;";Installatie en exploitatie van boorinstallaties in ondergrondse en oppervlaktemijnen en steengroeven;0.125;
8111;afwateringstechnicus;"Preparing, fitting and installing supports in underground workings including rock bolts;";Voorbereiden, monteren en installeren van steunen in ondergrondse werken, inclusief rotsbouten;0.115;
8112;bestuurder van een steenbreker;"Recording information about processing completed during shifts, such as quantities, types and dimensions of materials produced;";Het registreren van informatie over de verwerking tijdens diensten, zoals hoeveelheden, soorten en afmetingen van de geproduceerde materialen;0.46;
8112;bestuurder van een steenbreker;"Examining processed materials visually or with hands to ensure compliance with established standards and job specifications, and collecting samples for testing in laboratories;";Het visueel of met de handen onderzoeken van verwerkte materialen om ervoor te zorgen dat ze voldoen aan de vastgestelde normen en functiespecificaties, en het verzamelen van monsters voor tests in laboratoria;0.3;
8112;bestuurder van een steenbreker;Sorting, stacking and moving processed minerals and stone for packaging, further processing or shipping.;Sorteren, stapelen en verplaatsen verwerkte mineralen en steen voor verpakking, verdere verwerking of verzending;0.13;
8112;bestuurder van een steenbreker;"Positioning blocks and slabs of stone onto machines for sawing, cutting and further working;";Het plaatsen van blokken en platen van steen op machines voor zagen, snijden en verder bewerken;0.11;
8113;boorverantwoordelijke;"Maintaining records of drilling and servicing operations;";Het bijhouden van registers van boor- en onderhoudswerkzaamheden;0.5;
8113;boorverantwoordelijke;Supervising and training crew members.;Toezicht en training van bemanningsleden;0.255;
8113;boorverantwoordelijke;"Closing and sealing wells no longer in use;";Afsluiten en afdichten putten niet meer in gebruik;0.1125;
8113;boorverantwoordelijke;"Dismantling, moving and assembling drilling rigs and auxiliary equipment;";Demonteren, verplaatsen en monteren van boorinstallaties en hulpapparatuur;0.11;
8114;handvormer betonelementen;"Checking and maintaining production records, including information about quantities, dimensions and types of materials and goods produced;";Het controleren en bijhouden van productieregistraties, inclusief informatie over hoeveelheden, afmetingen en soorten geproduceerde materialen en goederen;0.4975;
8114;handvormer betonelementen;"Checking production plans and specifications to determine and select materials, ingredients, procedures, components, settings and adjustments for extrusion, moulding, mixing and compacting machines;";Controle van productieplannen en specificaties om materialen, ingrediënten, procedures, componenten, instellingen en aanpassingen voor extrusie-, vorm-, meng- en verdichtingsmachines te bepalen en te selecteren;0.2975;
8114;handvormer betonelementen;"Operating plant and machines which weigh and mix sand, gravel, cement, water and other ingredients to make concrete;";Bediening van installaties en machines die zand, grind, cement, water en andere ingrediënten wegen en mengen om beton te maken;0.145;
8114;handvormer betonelementen;"Cutting, grinding, drilling, sandblasting and polishing concrete products and stone blocks, slabs and products to the specifications for the job;";Snijden, slijpen, boren, zandstralen en polijsten van betonproducten en steenblokken, platen en producten volgens de specificaties van de opdracht;0.1275;
8121;gieter metaal;Analysing sample products, performing tests, recording data and writing production logs.;Het analyseren van monsterproducten, het uitvoeren van tests, het vastleggen van gegevens en het schrijven van productielogboeken;0.475;
8121;gieter metaal;"Adjusting equipment, valves, pumps, controls and process equipment;";Het afstellen van apparatuur, kleppen, pompen, regelingen en procesapparatuur;0.295;
8121;gieter metaal;"Verifying equipment for malfunctions, carrying out routine operating tests and arranging for maintenance;";Verificatieapparatuur voor storingen, het uitvoeren van routinetests en het regelen van onderhoud;0.18;
8121;gieter metaal;"Operating single-function machinery to grind, separate, filter, mix, treat, cast, roll, refine or otherwise process metals and mineral ores;";Bediening van enkelvoudige machines om metalen en minerale ertsen te malen, te scheiden, te filteren, te mengen, te behandelen, te gieten, te rollen, te verfijnen of anderszins te verwerken;0.15;
8122;afbramer;"Checking proper thickness of plating using micrometers, callipers or other devices recording data and writing production logs;";Het controleren van de juiste dikte van de beplating met behulp van micrometers, remklauwen of andere apparaten die gegevens registreren en productielogboeken schrijven;0.275;
8122;afbramer;"Operating and monitoring electroplating equipment;";Bediening en bewaking van galvaniseerapparatuur;0.23;
8122;afbramer;Preparing and mixing metalizing solutions according to formulas or specifications.;Voorbereiden en mengen van metalen oplossingen volgens formules of specificaties;0.1675;
8122;afbramer;"Operating and monitoring equipment which cleans metal articles in preparation for electroplating, galvanizing, enamelling or similar processes;";Bedienings- en bewakingsapparatuur die metalen voorwerpen reinigt ter voorbereiding op galvaniseren, galvaniseren, emailleren of soortgelijke processen;0.1625;
8131;bereider van bestrijdingsmiddelen;"Making samples and performing routine chemical and physical tests of products and recording production data;";Het maken van monsters en het uitvoeren van routinematige chemische en fysieke tests van producten en het vastleggen van productiegegevens;0.345;
8131;bereider van bestrijdingsmiddelen;"Monitoring reaction processes and transfers of products in conformity with safety procedures;";Bewaken van reactieprocessen en overbrengingen van producten conform veiligheidsprocedures;0.295;
8131;bereider van bestrijdingsmiddelen;"Setting up, starting, controlling, adjusting and stopping machines and plant;";"Het opzetten, starten, regelen, aanpassen en stoppen van machines en installaties;roepen";0.195;
8131;bereider van bestrijdingsmiddelen;Cleaning and performing minor repairs to machines and plant.;Reinigen en uitvoeren van kleine reparaties aan machines en installaties;0.145;
8132;filmontwikkelaar;"Adjusting settings and running automatic developing equipment;";Instellingen aanpassen en automatisch ontwikkelende apparatuur laten draaien;0.345;
8132;filmontwikkelaar;"Operating, monitoring and testing photographic processing and printing equipment, and maintaining operational standards;";Het bedienen, bewaken en testen van fotografische verwerkings- en afdrukapparatuur en het handhaven van operationele normen;0.32;
8132;filmontwikkelaar;"Operating and monitoring equipment which makes photographic film and paper;";Bedienings- en bewakingsapparatuur die fotografische film en papier maakt;0.195;
8132;filmontwikkelaar;"Preparing exposed film for different processing batches in dark rooms and dark chambers;";Voorbereiden van blootgestelde folie voor verschillende verwerkingspartijen in donkere ruimten en donkere kamers;0.1825;
8141;bandenmaker;"Examining outputs for defects and conformity to specifications;";Het onderzoeken van uitgangen op defecten en conformiteit met specificaties;0.2725;
8141;bandenmaker;"Operating and monitoring machines which build up tires on a form, vulcanise tires and mould or rebuild used tyres;";Bedienings- en bewakingsmachines die banden opbouwen op een formulier, banden vulkaniseren en gebruikte banden vormen of herbouwen;0.18;
8141;bandenmaker;"Operating and monitoring machines which extrude compounded rubber or shape vulcanized rubber by moulding;";Bedienings- en bewakingsmachines die samengesteld rubber extruderen of gevulkaniseerd rubber vormen door gieten;0.16;
8141;bandenmaker;Locating defects and repairing worn and faulty tyres by vulcanizing or other processes.;Het lokaliseren van defecten en het repareren van versleten en defecte banden door vulkaniseren of andere processen;0.151;
8142;machineoperator glasvezel;"Examining outputs for defects and conformity to specifications;";Het onderzoeken van uitgangen op defecten en conformiteit met specificaties;0.285;
8142;machineoperator glasvezel;"Operating and monitoring machines which laminate plastics and plastic-impregnated materials or produce fibreglass;";Bedienings- en bewakingsmachines die kunststoffen en met kunststof geïmpregneerde materialen lamineren of glasvezel produceren;0.185;
8142;machineoperator glasvezel;Making artificial eyes and contact lens discs, making and repairing spectacle frames and plastic parts of orthopaedic appliances.;Het maken van kunstogen en contactlensschijven, het maken en repareren van brilmonturen en kunststof onderdelen van orthopedische apparaten;0.14;
8142;machineoperator glasvezel;"Encasing uncoated wire, cord, cable and optic fibre in plastic;";Het omhullen van ongecoate draad, snoer, kabel en optische vezel in kunststof;0.13;
8143;assemblagemedewerker karton;Operating and monitoring machines which cut, fold and glue paper to make envelopes and paper bags, or which form bags from other similar material.;Bedienings- en bewakingsmachines die papier snijden, vouwen en lijmen om enveloppen en papieren zakken te maken, of die zakken vormen van ander soortgelijk materiaal;0.2;
8143;assemblagemedewerker karton;"Operating and monitoring machines which glue paper to cardboard, cut it to the required length or cut and crease cardboard or paperboard to form box blanks;";Bedienings- en bewakingsmachines die papier op karton lijmen, op de vereiste lengte snijden of karton of karton snijden en vouwen om blanco dozen te vormen;0.18;
8143;assemblagemedewerker karton;"Operating and monitoring pressing machines which form drinking cups or other containers from paper, paperboard or cardboard;";Bediening en bewaking van persmachines die drinkbekers of andere containers van papier, karton of karton vormen;0.1625;
8151;garenspinner;"Operating and monitoring machines which combine textile fibres into uniform blends;";Bedienings- en bewakingsmachines die textielvezels combineren tot uniforme mengsels;0.18;
8151;garenspinner;"Operating and monitoring machines for cleaning and turning woollen yarn waste into fluffed wool;";Bedienings- en bewakingsmachines voor het reinigen en omzetten van wolgarenafval in pluizige wol;0.17;
8151;garenspinner;"Treating textiles with chemicals to make them water resistant;";Het behandelen van textiel met chemicaliën om ze waterbestendig te maken;0.1375;
8151;garenspinner;"Cleaning rollers and cylinders of carding machines to remove wool waste;";Reinigen van rollen en cilinders van kaardmachines om wolafval te verwijderen;0.11;
8152;breitechnicus;"Setting up and operating batteries of automatic, link-type knitting machines to knit garments of specified pattern and design;";Brei- en gebruiksbatterijen van automatische breimachines van het type, van het koppelingstype, voor het breien van kleding met een gespecificeerd patroon en ontwerp;0.215;
8152;breitechnicus;"Tending automatic looms that simultaneously weave pile yarn, filling yarn and warp yarn material to produce carpets and rugs with various coloured designs;";Gestuurde automatische weefgetouwen die gelijktijdig stapelgaren, vulgaren en warpgarenmateriaal weven om tapijten en tapijten met verschillende gekleurde ontwerpen te produceren;0.2;
8152;breitechnicus;"Repairing or replacing worn or defective needles and other components;";Reparatie of vervanging van versleten of defecte naalden en andere onderdelen;0.125;
8152;breitechnicus;Cleaning, oiling, and lubricating machines, using air hoses, cleaning solutions, rags, oil cans, and/or grease guns.;Reinigings-, olie- en smeermachines, met behulp van luchtslangen, reinigingsoplossingen, vodden, olieblikken en/of vetpistolen;0.12;
8153;modelnaaister;"Monitoring machine operation to detect problems such as defective stitching, breaks in thread, or machine malfunctions;";Het bewaken van de werking van de machine om problemen zoals defecte stiksels, breuken in de schroefdraad of machinestoringen te detecteren;0.2175;
8153;modelnaaister;"Operating machines, such as single or double needle sergers and flat-bed felling machines to automatically join, reinforce, or decorate material or articles;";Machines bedienen, zoals enkel- of dubbelnaaldsergers en vlakbedkappers om materiaal of artikelen automatisch samen te voegen, te versterken of te versieren;0.165;
8153;modelnaaister;"Attaching buttons, hooks, zippers, fasteners or other accessories to fabric, using feeding hoppers or clamp holders;";Het bevestigen van knopen, haken, ritsen, sluitingen of andere accessoires aan stof, met behulp van invoertrechters of klemhouders;0.1225;
8153;modelnaaister;"Operating fur sewing machines to join fur pelt strips to required size and shape and join pelts into garment sections or shells;";Het bedienen van bontnaaimachines om pelsstrips aan te sluiten op de vereiste grootte en vorm en pelzen samen te voegen in kledingstukken of schelpen;0.12;
8154;afwerker textiel;"Keying in processing instructions to programme electronic equipment;";Inlezen van verwerkingsinstructies voor het programmeren van elektronische apparatuur;0.65;
8154;afwerker textiel;"Observing display screens, control panels, equipment, and cloth entering or exiting processes to determine if equipment is operating correctly;";Het observeren van beeldschermen, bedieningspanelen, apparatuur en stoffen die processen binnenkomen of verlaten om te bepalen of apparatuur correct werkt;0.2825;
8154;afwerker textiel;Cleaning machine filters and lubricating equipment.;Reinigen van machinefilters en smeerapparatuur;0.115;
8154;afwerker textiel;"Tending and regulating equipment that fumigates and removes foreign matter from furs;";Apparatuur voor het versturen en regelen van vreemde stoffen uit bont;0.115;
8155;afwerker leder;"Operating and monitoring machines in which hides are split edgeways to form two or more pieces or to give uniform thickness;";Bedienings- en bewakingsmachines waarin huiden worden gespleten om twee of meer stukken te vormen of om een uniforme dikte te geven;0.1675;
8155;afwerker leder;"Operating and monitoring machines which remove flesh and fat from hides or pelts to clean and soften them prior to processing;";Bedienings- en bewakingsmachines die vlees en vet van huiden of pelzen verwijderen om ze voorafgaand aan de verwerking te reinigen en te verzachten;0.165;
8155;afwerker leder;"Operating and monitoring machines which remove long coarse hair from fur pelts, trim hair to even length and dye, stretch and smooth dressed pelts;";Bedienings- en bewakingsmachines die lang grof haar van vachtvachten verwijderen, haar tot een gelijke lengte trimmen en vachten verven, uitrekken en glad maken;0.11;
8155;afwerker leder;"Operating and monitoring machines to remove epidermis hair roots, pigment cells and lime salts from grain side of skin;";Bedienings- en bewakingsmachines om epidermishaarwortels, pigmentcellen en kalkzouten van de korrelzijde van de huid te verwijderen;0.105;
8156;machineoperator lederwaren;Operating and monitoring machines which produce luggage, handbags, belts and other accessories, as well as other items such as saddles, collars or harnesses.;Bedienings- en bewakingsmachines die bagage, handtassen, riemen en andere accessoires produceren, evenals andere items zoals zadels, kragen of harnassen;0.18;
8156;machineoperator lederwaren;"Operating and monitoring machines which mark patterns and cut shoe parts;";Bedienings- en bewakingsmachines die patronen markeren en schoenonderdelen snijden;0.17;
8156;machineoperator lederwaren;"Operating and monitoring machines which sew shoe parts together, or edge, polish, or apply ornaments and perform finishing tasks;";Bedienings- en bewakingsmachines die schoenonderdelen aan elkaar naaien, of versieringen afwerken, polijsten of aanbrengen en afwerkingstaken uitvoeren;0.1375;
8157;strijker;Packaging articles and preparing orders for despatch.;Verpakken van artikelen en verzendklaar maken van bestellingen;0.225;
8157;strijker;"Placing articles on shelves and hanging articles for delivery and collection;";Het plaatsen van artikelen op planken en ophangartikelen voor levering en inzameling;0.17;
8157;strijker;"Placing sorted articles into receptacles and onto conveyor belts for moving to repair and cleaning areas;";Gesorteerde artikelen in houders en op transportbanden plaatsen voor verplaatsing naar reparatie- en reinigingsgebieden;0.1375;
8157;strijker;"Checking and removing stains from garments, replacing buttons and making minor repairs;";Het controleren en verwijderen van vlekken van kleding, het vervangen van knopen en het uitvoeren van kleine reparaties;0.1375;
8159;assemblagemedewerker producten in doek;Operating and monitoring machines to measure size of pieces of leather.;Bedienings- en bewakingsmachines om de grootte van stukken leer te meten;0.1675;
8159;assemblagemedewerker producten in doek;"Operating and monitoring machines which form and make hats out of textiles, fur or leather;";Bedienings- en bewakingsmachines die hoeden vormen en maken van textiel, bont of leer;0.165;
8159;assemblagemedewerker producten in doek;"Operating and monitoring machines which make miscellaneous articles such as braids or other trimmings;";Bedienings- en bewakingsmachines die diverse artikelen maken, zoals vlechten of andere garnituren;0.155;
8159;assemblagemedewerker producten in doek;"Operating and monitoring machines which fold cloth into measured length;";Bedienings- en bewakingsmachines die doek in gemeten lengte vouwen;0.135;
8160;bakkerijmedewerker;"Mixing, pulping, grinding, blending and separating foodstuffs and liquids with churning, pressing, sieving, grinding and filtering equipment;";Mengen, verpulveren, malen, mengen en scheiden van levensmiddelen en vloeistoffen met karnen, persen, zeven, malen en filtreren apparatuur;0.19;
8160;bakkerijmedewerker;"Attending equipment to make jam, toffee, cheese, processed cheese, margarine, syrup, ice, pasta, ice-cream, sausages, chocolate, maize starch, edible fats and dextrin;";Bijwonen van apparatuur voor het maken van jam, toffee, kaas, verwerkte kaas, margarine, siroop, ijs, pasta, ijs, worstjes, chocolade, maïszetmeel, eetbare vetten en dextrine;0.1765;
8160;bakkerijmedewerker;"Operating machinery to crush, mix, malt, cook and ferment grains and fruits to produce beer, wines, malt liquors, vinegar, yeast and related products;";Machines bedienen voor het malen, mengen, mouten, koken en fermenteren van granen en fruit om bier, wijnen, moutlikeuren, azijn, gist en aanverwante producten te produceren;0.131;
8160;bakkerijmedewerker;"Operating and monitoring machinery used to restrain, stun, slaughter animals and to trim carcasses into standard meat and fish cuts;";Bedienings- en bewakingsmachines die worden gebruikt om dieren in bedwang te houden, te verdoven, te slachten en karkassen in te korten tot standaard vlees- en visdelen;0.11;
8171;operator bleekinstallatie;Completing and maintaining production reports.;Het invullen en onderhouden van productierapporten;0.56;
8171;operator bleekinstallatie;"Communicating with process control operators to make process adjustments and start up or shut down machinery and equipment as required;";Communiceren met procesbesturingsoperators om procesaanpassingen te maken en machines en apparatuur indien nodig op te starten of uit te schakelen;0.35;
8171;operator bleekinstallatie;"Controlling start-up and shut-down of machinery and equipment, and observing equipment and machinery panel indicators, gauges, and other equipment to detect machinery and equipment malfunctions and ensure process steps are carried out according to specifications;";Het controleren van het opstarten en uitschakelen van machines en apparatuur, en het observeren van apparatuur en paneelindicatoren, meters en andere apparatuur om storingen in machines en apparatuur te detecteren en ervoor te zorgen dat processtappen worden uitgevoerd volgens de specificaties;0.165;
8171;operator bleekinstallatie;"Mounting, positioning and threading paper rolls using a hoist;";Het monteren, positioneren en rijgen van papierrollen met behulp van een takel;0.135;
8172;operator bovenfreesmachine;"Operating and monitoring log in-feed and conveyor systems;";Bedienen en bewaken van logboekinvoer- en transportsystemen;0.23;
8172;operator bovenfreesmachine;"Operating and monitoring plywood core-laying machines and hot-plate plywood presses and machines which cut veneer;";Bediening en bewaking van multiplex kernlegmachines en hot-plate multiplex persen en machines die fineer snijden;0.155;
8172;operator bovenfreesmachine;"Examining logs and rough lumber to determine size, condition, quality and other characteristics to decide best lumber cuts to carry out, or operating automated equipment to convey logs through laser scanners which determine the most productive and profitable cutting patterns;";Het onderzoeken van houtblokken en ruw hout om de grootte, conditie, kwaliteit en andere kenmerken te bepalen om de beste houtsneden te bepalen, of het bedienen van geautomatiseerde apparatuur om houtblokken te transporteren via laserscanners die de meest productieve en winstgevende snijpatronen bepalen;0.115;
8172;operator bovenfreesmachine;Cleaning and lubricating sawmill equipment.;Reinigen en smeren van zagerijapparatuur;0.105;
8181;bediener vormpers;Observing finished products to identify splits, cracks, breaks, colour and other imperfections.;Het observeren van afgewerkte producten om spleten, scheuren, breuken, kleur en andere onvolkomenheden te identificeren;0.345;
8181;bediener vormpers;"Operating and monitoring floating-glass production plant;";Bediening en bewaking van drijvend-glasproductie-installatie;0.215;
8181;bediener vormpers;"Operating machines to mix clay with water to knead it into a suitable plastic condition or semi-liquid form for making ceramic products;";Machines bedienen om klei met water te mengen om het in een geschikte plastic toestand of semi-vloeibare vorm te kneden voor het maken van keramische producten;0.13;
8181;bediener vormpers;"Operating hand press to mould glass into required shape;";Bedienen van handpers om glas in de gewenste vorm te vormen;0.125;
8182;operator stoomketel;"Monitoring and inspecting performance of equipment for efficient operation and ensuring boiler water, chemical, and fuel are maintained at required levels;";Het bewaken en inspecteren van de prestaties van apparatuur voor een efficiënte werking en ervoor zorgen dat het ketelwater, de chemische stof en de brandstof op het vereiste niveau worden gehouden;0.26;
8182;operator stoomketel;"Analysing and recording instrument readings, troubleshooting and performing minor repairs to prevent equipment or system failure;";Het analyseren en registreren van instrumentmetingen, het oplossen van problemen en het uitvoeren van kleine reparaties om apparatuur- of systeemstoringen te voorkomen;0.235;
8182;operator stoomketel;Operating and maintaining off-loading liquid pumps and valves.;Bediening en onderhoud van losvloeistofpompen en kleppen;0.15;
8182;operator stoomketel;"Firing coal furnaces by hand or with stokers and gas- or oil-fed boilers, using automatic gas feeds or oil pumps;";Het stoken van kolenovens met de hand of met stokers en gas- of oliegevoede ketels, met behulp van automatische gastoevoer of oliepompen;0.1475;
8183;appreteur-verpakker van schoeisel;Operating and monitoring machines that, by gluing or other methods, label products, packages and various containers.;Bedienen en bewaken van machines die, door verlijmen of andere methoden, producten, verpakkingen en diverse containers labelen;0.23;
8183;appreteur-verpakker van schoeisel;"Operating and monitoring machines that weigh, wrap, seal and pack various products;";Bedienings- en bewakingsmachines die verschillende producten wegen, wikkelen, verzegelen en verpakken;0.2225;
8183;appreteur-verpakker van schoeisel;"Operating and monitoring machines that fill and seal tubes, bottles, cans, boxes, bags and other containers with products such as food, beverages, paints, oils and lotions;";Bedienings- en bewakingsmachines die buizen, flessen, blikken, dozen, zakken en andere containers vullen en verzegelen met producten zoals voedsel, dranken, verven, oliën en lotions;0.215;
8211;assemblagemonteur industriële installaties;"Recording production and operational data on specified forms;";Het registreren van productie- en operationele gegevens op bepaalde formulieren;0.56;
8211;assemblagemonteur industriële installaties;"Reviewing work orders, specifications, diagrams and drawings to determine materials needed and assembly instructions;";Het beoordelen van werkorders, specificaties, schema's en tekeningen om de benodigde materialen en montage-instructies te bepalen;0.28;
8211;assemblagemonteur industriële installaties;"Assembling and installing prefabricated parts or components to form subassemblies, mechanical machinery, engines and finished motor vehicles;";Montage en installatie van geprefabriceerde onderdelen of componenten om subassemblages, mechanische machines, motoren en afgewerkte motorvoertuigen te vormen;0.145;
8211;assemblagemonteur industriële installaties;"Rejecting faulty assemblies and components;";Het weigeren van defecte samenstellingen en onderdelen;0.1425;
8212;assemblagemedewerker elektrische apparatuur;"Recording production and operational data on specified forms;";Het registreren van productie- en operationele gegevens op bepaalde formulieren;0.6;
8212;assemblagemedewerker elektrische apparatuur;"Reviewing work orders, specifications, diagrams and drawings to determine materials needed and assembly instructions;";Het beoordelen van werkorders, specificaties, schema's en tekeningen om de benodigde materialen en montage-instructies te bepalen;0.265;
8212;assemblagemedewerker elektrische apparatuur;"Assembling component parts and electrical and electronic systems and positioning, aligning and fastening units to assemblies, subassemblies or frames using hand or power tools, soldering and micro-welding equipment;";Het monteren van onderdelen en elektrische en elektronische systemen en het positioneren, uitlijnen en bevestigen van eenheden aan assemblages, subassemblages of frames met behulp van hand- of elektrisch gereedschap, soldeer- en microlasapparatuur;0.145;
8212;assemblagemedewerker elektrische apparatuur;"Operating wire-coiling machines to wind wire coils used in electrical equipment and components such as registers, transformers, armature wires, electric motors and generators;";Bediening van draadspoelmachines om draadspoelen te winden die worden gebruikt in elektrische apparatuur en componenten zoals registers, transformatoren, armatuurdraden, elektromotoren en generatoren;0.1175;
8219;assemblagemedewerker hout;"Recording production and operational data on specified forms;";Het registreren van productie- en operationele gegevens op bepaalde formulieren;0.59;
8219;assemblagemedewerker hout;Rejecting faulty products.;Weigeren van defecte producten;0.32;
8219;assemblagemedewerker hout;"Inspecting and testing components and completed assemblies;";Inspecteren en testen van componenten en voltooide samenstellingen;0.265;
8219;assemblagemedewerker hout;"Assembling component parts and positioning, aligning and fastening units to assemblies, subassemblies or frames using hand or power tools, soldering and micro-welding equipment;";Het monteren van onderdelen en het positioneren, uitlijnen en bevestigen van eenheden aan assemblages, subassemblages of frames met behulp van hand- of elektrisch gereedschap, soldeer- en microlasapparatuur;0.135;
8311;treinmachinist;Operating communications systems to communicate with train crews and traffic controllers to ensure safe operation and scheduling of trains.;Bediening van communicatiesystemen om te communiceren met treinpersoneel en verkeersleiders om een veilige bediening en planning van treinen te garanderen;0.335;
8311;treinmachinist;"Watching for track hazards, observing signals and indicator gauges;";Toezicht op spoorgevaren, waarnemingssignalen en meters;0.17;
8311;treinmachinist;"Driving a locomotive to haul carriages underground or on the surface of a mine or quarry;";Het besturen van een locomotief om rijtuigen ondergronds of op het oppervlak van een mijn of steengroeve te vervoeren;0.1625;
8311;treinmachinist;"Driving an underground or elevated passenger train;";Het besturen van een ondergrondse of verhoogde passagierstrein;0.16;
8312;dispatcher treinen;"Controlling flow of railway traffic over section of line by operating signals and switches from control panel or signal box;";Het regelen van de doorstroming van het spoorwegverkeer over een deel van de lijn door het bedienen van signalen en schakelaars van het bedieningspaneel of de signaalkast;0.235;
8312;dispatcher treinen;"Making up trains for hauling by locomotive or cable and directing their movement along haulage ways in a mine or quarry;";Het maken van treinen voor het vervoeren per locomotief of kabel en het sturen van hun beweging langs transportwegen in een mijn of steengroeve;0.19;
8312;dispatcher treinen;"Taking charge of and safeguarding freight train during run;";Het overnemen en beschermen van goederentreinen tijdens het rijden;0.15;
8312;dispatcher treinen;Checking train systems and equipment such as air conditioning and heating systems, brakes and brake hoses prior to train run.;Het controleren van treinsystemen en apparatuur zoals airconditioning- en verwarmingssystemen, remmen en remslangen voorafgaand aan de treinrit;0.135;
8321;motorkoerier;"Keeping a record of journeys;";Het bijhouden van een reisregistratie;0.55;
8321;motorkoerier;Delivering messages.;Berichten bezorgen;0.2238;
8321;motorkoerier;"Driving and tending motorcycles or motorized tricycles to transport materials, goods and passengers;";Rijden en verzorgen van motorfietsen of gemotoriseerde driewielers om materialen, goederen en passagiers te vervoeren;0.1775;
8321;motorkoerier;"Cleaning and washing vehicles as well as performing maintenance and minor repairs;";Het reinigen en wassen van voertuigen alsmede het uitvoeren van onderhoud en kleine reparaties;0.12;
8322;auto- en bestelwagenkoerier;"Determining most appropriate route;";Het bepalen van de meest geschikte route;0.735;
8322;auto- en bestelwagenkoerier;"Operating telecommunications equipment to report location and availability, and follow directions of control centre;";Telecommunicatieapparatuur bedienen om locatie en beschikbaarheid te melden en de aanwijzingen van het controlecentrum te volgen;0.485;
8322;auto- en bestelwagenkoerier;"Assisting passengers with handling of luggage;";Passagiers assisteren bij het afhandelen van bagage;0.1;
8322;auto- en bestelwagenkoerier;Operating equipment to facilitate the loading and unloading of physically challenged passengers.;Bedieningsapparatuur om het laden en lossen van lichamelijk gehandicapte passagiers te vergemakkelijken;0.08;
8331;buschauffeur;"Controlling lighting, heating and ventilation on buses and trams;";Het regelen van verlichting, verwarming en ventilatie in bussen en trams;0.25;
8331;buschauffeur;Collecting fares or verifying passenger has necessary ticket.;Het verzamelen van tarieven of controleren of de passagier het benodigde ticket heeft;0.25;
8331;buschauffeur;"Driving and tending street tramcars transporting passengers;";Rijden en verzorgen van tramwagons die passagiers vervoeren;0.125;
8331;buschauffeur;"Opening and closing doors before or after passengers board or alight;";Het openen en sluiten van deuren voor of na het in- of uitstappen van passagiers;0.085;
8332;bestuurder blusvoertuigen;"Determining the most appropriate routes;";Het bepalen van de meest geschikte routes;0.7;
8332;bestuurder blusvoertuigen;"Carrying out minor maintenance to vehicles, and arranging major maintenance and repairs;";Het uitvoeren van klein onderhoud aan voertuigen, en het regelen van groot onderhoud en reparaties;0.195;
8332;bestuurder blusvoertuigen;"Driving and tending a heavy motor vehicle, such as a lorry with or without trailer or a dump-truck, to transport goods, liquids or heavy materials over short or long distances;";Het besturen en verzorgen van een zwaar motorvoertuig, zoals een vrachtwagen met of zonder aanhangwagen of een kiepwagen, om goederen, vloeistoffen of zware materialen over korte of lange afstanden te vervoeren;0.14;
8332;bestuurder blusvoertuigen;"Assisting with or carrying out loading or unloading operations, using various lifting or tipping devices;";Assisteren bij of uitvoeren van laad- of loswerkzaamheden, met behulp van verschillende hef- of kiepinrichtingen;0.1125;
8341;bosbouwmachinist;"Driving and tending tractor-drawn or self-propelled special-purpose forestry machinery to clear land, plant, harvest and carry trees and timber or perform other forestry operations;";Het besturen en verzorgen van door trekkers getrokken of zelfrijdende speciale bosbouwmachines om land vrij te maken, bomen en hout te planten, te oogsten en te dragen of andere bosbouwactiviteiten uit te voeren;0.15;
8341;bosbouwmachinist;Servicing machinery and performing minor repairs.;Onderhoud machines en het uitvoeren van kleine reparaties;0.15;
8341;bosbouwmachinist;"Driving and tending tractor-drawn or self-propelled special-purpose farm machinery to plough land and sow, fertilize, cultivate and harvest crops;";Het besturen en onderhouden van door trekkers getrokken of zelfrijdende speciale landbouwmachines om land te ploegen en gewassen te zaaien, bemesten, cultiveren en oogsten;0.1;
8341;bosbouwmachinist;"Operating plant to hold, lift and cut trees;";Exploitatie-installatie voor het vasthouden, tillen en kappen van bomen;0.0725;
8342;baggermachinist;"Operating and monitoring equipment to remove sand, gravel and mud from bottom of body of water;";Bedienings- en bewakingsapparatuur om zand, grind en modder van de bodem van het waterlichaam te verwijderen;0.15;
8342;baggermachinist;"Operating and monitoring excavating machinery equipped with moveable shovel, grab-bucket or dragline bucket, to excavate and move earth, rock, sand, gravel or similar materials;";Het bedienen en bewaken van graafmachines uitgerust met beweegbare schop, grijper of sleepbak, om grond, rots, zand, grind of soortgelijke materialen uit te graven en te verplaatsen;0.1475;
8342;baggermachinist;"Operating and monitoring machinery for digging trenches for sewers, drainage, water, oil, gas or similar pipelines;";Bedienings- en bewakingsmachines voor het graven van sleuven voor rioleringen, drainage, water, olie, gas of soortgelijke pijpleidingen;0.1175;
8342;baggermachinist;"Operating and monitoring machines for hammering wooden, concrete or steel piles into ground;";Bedienings- en bewakingsmachines voor het hameren van houten, betonnen of stalen palen in de grond;0.1;
8343;kraanbestuurder fabriek;"Operating and monitoring ski-lifts and similar equipment;";Bedienen en bewaken van skiliften en soortgelijke apparatuur;0.225;
8343;kraanbestuurder fabriek;"Operating and monitoring machinery to open and close bridge for the passage of road and water traffic;";Bedienings- en bewakingsmachines om de brug te openen en te sluiten voor de doorgang van weg- en waterverkeer;0.21;
8343;kraanbestuurder fabriek;"Operating and monitoring equipment for hoisting, lowering or raising workers and materials on construction sites or in mines;";Bedienings- en bewakingsapparatuur voor het hijsen, laten zakken of optillen van werknemers en materialen op bouwplaatsen of in mijnen;0.15;
8343;kraanbestuurder fabriek;Operating cranes mounted on boats or barges to lift, move and place equipment and materials.;Bedieningskranen gemonteerd op boten of binnenvaartschepen om apparatuur en materialen op te tillen, te verplaatsen en te plaatsen;0.15;
8344;heftruckchauffeur;Keeping records of work undertaken and breakdowns of vehicles.;Het bijhouden van de uitgevoerde werkzaamheden en storingen van voertuigen;0.3775;
8344;heftruckchauffeur;"Operating and monitoring lifting truck and similar equipment to load and unload, transport, lift and stack goods and pallets in terminals, harbours, warehouses, factories and other establishments;";Bediening en bewaking van heftrucks en soortgelijke apparatuur voor het laden en lossen, vervoeren, heffen en stapelen van goederen en pallets in terminals, havens, magazijnen, fabrieken en andere inrichtingen;0.155;
8344;heftruckchauffeur;"Performing routine maintenance on vehicles and equipment;";Uitvoeren van routinematig onderhoud aan voertuigen en apparatuur;0.1525;
8344;heftruckchauffeur;"Positioning lifting devices under, over, or around loaded pallets, skids and boxes, and securing material or products for transport to designated areas;";Het plaatsen van hefinrichtingen onder, over of rond geladen pallets, slips en dozen, en het beveiligen van materiaal of producten voor vervoer naar aangewezen gebieden;0.15;
8350;bootsman;"Steering ship according to instructions;";Het stuurschip volgens de instructies;0.175;
8350;bootsman;"Standing look-out watches at sea and when entering or leaving harbour or other narrow waters;";Permanente uitkijkposten op zee en bij het binnenvaren of verlaten van de haven of andere nauwe wateren;0.1525;
8350;bootsman;"Maintaining and, in some cases, operating ship's equipment, cargo gear, rigging, lifesaving and firefighting appliances;";Het onderhouden en in sommige gevallen bedienen van scheepsapparatuur, vrachtuitrusting, tuigage, reddings- en brandbestrijdingsapparatuur;0.1325;
8350;bootsman;"Performing deck and hull cleaning, scraping, painting and other maintenance duties as required;";Het uitvoeren van dek- en rompreiniging, schrapen, schilderen en andere onderhoudstaken zoals vereist;0.11;
9111;interieurverzorger;"Purchasing food and various other household supplies;";Inkoop van voedsel en diverse andere huishoudelijke benodigdheden;0.3;
9111;interieurverzorger;"Helping with preparation, cooking and serving of meals and refreshments;";Helpen bij het bereiden, koken en serveren van maaltijden en versnaperingen;0.215;
9111;interieurverzorger;Cleaning windows and other glass surfaces.;Reinigen van ramen en andere glasoppervlakken;0.0875;
9111;interieurverzorger;"Washing dishes;";Afwasmachines;0.0715;
9112;medewerker huishoudelijke dienst;"Making beds, cleaning bathrooms, supplying towels, soap and related items;";Het opmaken van bedden, het schoonmaken van badkamers, het leveren van handdoeken, zeep en aanverwante artikelen;0.1375;
9112;medewerker huishoudelijke dienst;Picking up rubbish, emptying garbage containers and taking contents to waste areas to removal.;Vuilnis oppakken, vuilcontainers legen en de inhoud naar afvalgebieden brengen om te verwijderen;0.135;
9112;medewerker huishoudelijke dienst;"Cleaning kitchens and generally helping with kitchen work, including dishwashing;";Het schoonmaken van keukens en in het algemeen het helpen met keukenwerk, inclusief afwassen;0.115;
9112;medewerker huishoudelijke dienst;"Sweeping or vacuum cleaning, washing and polishing floors, furniture and other fixtures in buildings, coaches, buses, trams, trains and aircraft;";Vegen of stofzuigen, was- en polijstvloeren, meubelen en andere artikelen in gebouwen, touringcars, bussen, trams, treinen en luchtvaartuigen;0.0875;
9121;medewerker linnenkamer;Placing articles on shelves and hanging articles for delivery and collection.;Het plaatsen van artikelen op schappen en het ophangen van artikelen voor levering en afhaling;0.175;
9121;medewerker linnenkamer;"Laundering and pressing linen, clothing, fabrics and similar articles by hand in a laundry or other establishment;";Wassen en persen van linnen, kleding, stoffen en dergelijke artikelen met de hand in een wasserette of andere inrichting;0.15;
9121;medewerker linnenkamer;"Replacing buttons and making minor repairs;";Knoppen vervangen en kleine reparaties doen;0.14;
9121;medewerker linnenkamer;"Cleaning, by hand and with chemical solutions, clothing, fabrics, leather goods and similar articles, in a dry-cleaning or other establishment;";Reiniging, met de hand en met chemische oplossingen, kleding, stoffen, lederwaren en soortgelijke artikelen, in een stomerij of andere inrichting;0.11;
9122;autopoetser;"Applying cleaning agents to remove stains from vehicle exteriors and interiors;";Het aanbrengen van reinigingsmiddelen om vlekken van de buitenkant en het interieur van het voertuig te verwijderen;0.1;
9122;autopoetser;"Washing and polishing vehicle windows;";Ramen voor het wassen en polijsten van voertuigen;0.095;
9122;autopoetser;"Cleaning, washing and polishing cars and other vehicles, by hand or using hand-held power tools;";Het reinigen, wassen en polijsten van auto's en andere voertuigen, met de hand of met behulp van elektrisch handgereedschap;0.0788;
9122;autopoetser;"Washing tyres and wheel arches and blackening tyres;";Wasbanden, wielkasten en zwartingsbanden;0.0775;
9123;glazenwasser;Selecting appropriate cleaning or polishing implement.;Het selecteren van passende reiniging of polijsten uitvoering;0.15;
9123;glazenwasser;"Washing windows or other glass surfaces with water or various solutions, drying and polishing them;";Het wassen van ramen of andere glazen oppervlakken met water of diverse oplossingen, het drogen en polijsten;0.095;
9123;glazenwasser;"Using ladders, swinging scaffolds, bosun's chairs, hydraulic bucket trucks and other equipment to reach and clean windows in multistorey buildings;";Met behulp van ladders, schommelende steigers, bosunstoelen, hydraulische emmertrucks en andere apparatuur om ramen in meerdere verdiepingen te bereiken en schoon te maken;0.089;
9129;badmeester;"Applying chemicals and high-pressure cleaning methods to remove micro-organisms from water and filtration systems;";Het toepassen van chemicaliën en hogedrukreinigingsmethoden om micro-organismen uit water- en filtratiesystemen te verwijderen;0.12;
9129;badmeester;Using wet vacuums and other suction equipment to remove scale, accumulated dirt and other deposits from swimming pools, cooling tower components and drains.;Met behulp van natte vacuüms en andere zuigapparatuur te verwijderen schaal, verzamelde vuil en andere afzettingen uit zwembaden, koeltoren componenten en rioleringen;0.12;
9129;badmeester;"Cleaning carpets and upholstered furniture using cleaning machines and their attachments;.";Het reinigen van tapijten en gestoffeerde meubels met behulp van reinigingsmachines en hun hulpstukken;0.09;
9129;badmeester;"Cleaning stone walls, metal surfaces and fascias using high pressure water cleaners and solvents;.";Het reinigen van stenen muren, metalen oppervlakken en fascia's met behulp van hogedrukwaterreinigers en oplosmiddelen;0.09;
9211;medewerker wijnbouw;"Grading, sorting, bunching and packing produce into containers;";Sorteren, sorteren, bundelen en verpakken van producten in containers;0.125;
9211;medewerker wijnbouw;Performing minor repairs on fixtures, buildings, equipment and fences.;Het uitvoeren van kleine reparaties aan armaturen, gebouwen, apparatuur en hekken;0.12;
9211;medewerker wijnbouw;"Raking, pitching and stacking straw, hay and similar material;";Harken, pitchen en stapelen van stro, hooi en dergelijk materiaal;0.0725;
9211;medewerker wijnbouw;"Planting and harvesting field crops, such as rice, by hand;";Planten en oogsten van veldgewassen, zoals rijst, met de hand;0.063;
9212;medewerker veeteelt;"Monitoring livestock and reporting on their condition;";Het bewaken van de veestapel en het rapporteren over hun conditie;0.15;
9212;medewerker veeteelt;"Assisting with herding, droving and separating livestock for milking, shearing, transportation or slaughter and between pastures;";Assisteren bij het hoeden, drijven en scheiden van vee voor het melken, scheren, vervoeren of slachten en tussen weilanden;0.15;
9212;medewerker veeteelt;"Collecting eggs and placing in incubators;";Het verzamelen van eieren en het plaatsen in couveuses;0.095;
9212;medewerker veeteelt;"Digging and shovelling to clear ditches or for other purposes;";Graven en scheppen om greppels vrij te maken of voor andere doeleinden;0.066;
9213;landbouwmedewerker;"Monitoring livestock, reporting on their condition;";Het monitoren van vee, het rapporteren over hun conditie;0.155;
9213;landbouwmedewerker;"Grading, sorting, bunching and packing produce into containers;";Sorteren, sorteren, bundelen en verpakken van producten in containers;0.15;
9213;landbouwmedewerker;"Digging and shovelling to clear ditches or for other purposes;";Graven en scheppen om greppels vrij te maken of voor andere doeleinden;0.075;
9213;landbouwmedewerker;"Planting and harvesting field crops, such as rice, by hand;";Planten en oogsten van veldgewassen, zoals rijst, met de hand;0.0725;
9214;tuinbouwmedewerker;"Harvesting and packaging plants for sale and transport;";Oogst- en verpakkingsinstallaties voor verkoop en transport;0.1475;
9214;tuinbouwmedewerker;Performing minor repairs on fixtures, buildings, equipment and fences.;Het uitvoeren van kleine reparaties aan armaturen, gebouwen, apparatuur en hekken;0.135;
9214;tuinbouwmedewerker;"Tending plants by hand watering and weeding;";Verbeteren van planten door het met de hand besproeien en wieden;0.094;
9214;tuinbouwmedewerker;"Cleaning gardens and removing rubbish;";Het schoonmaken van tuinen en het verwijderen van afval;0.0875;
9215;bosbouwer;Performing minor repairs and maintenance of forest roads, buildings, facilities, and equipment.;Het uitvoeren van kleine reparaties en onderhoud van boswegen, gebouwen, faciliteiten en apparatuur;0.125;
9215;bosbouwer;"Collecting seeds, and planting seedlings;";Zaden verzamelen en zaailingen planten;0.108;
9215;bosbouwer;"Operating and maintaining manual and hand-held machine saws to fell trees and cut felled trees and branches into logs;";Het bedienen en onderhouden van handmatige en handmatige machinezagen om bomen te kappen en gekapte bomen en takken tot stammen te hakken;0.075;
9215;bosbouwer;"Removing major branches and tree tops, trimming branches and sawing trunks into logs;";Het verwijderen van grote takken en boomtoppen, het snoeien van takken en het zagen van stammen in stammen;0.07;
9216;aquacultuurarbeider te water;Handling mooring lines during docking.;Afhandelen van afmeerlijnen tijdens het afmeren;0.15;
9216;aquacultuurarbeider te water;"Cleaning the sea-bed and feeding fish and molluscs that are being cultivated;";Het reinigen van de zeebodem en het voeren van de geteelde vissen en weekdieren;0.13;
9216;aquacultuurarbeider te water;"Cleaning deck surfaces and fish hold;";Het reinigen van dekoppervlakken en visruimen;0.0775;
9216;aquacultuurarbeider te water;"Gathering seaweed, sea mosses, clams and other molluscs;";Het verzamelen van zeewier, zeemossen, mosselen en andere weekdieren;0.0587;
9311;mijnarbeider;"Assisting miners and quarriers in maintaining machinery, equipment, and mine and quarry installations;";Het assisteren van mijnwerkers en quarriers bij het onderhoud van machines, apparatuur en mijn- en steengroeve-installaties;0.1375;
9311;mijnarbeider;"Assembling and dismantling mining equipment;";Montage en demontage van mijnbouwapparatuur;0.125;
9311;mijnarbeider;"Removing tunnel supports from disused workings in mines and quarries;";Het verwijderen van tunnelsteunen van afgedankte werken in mijnen en steengroeven;0.095;
9311;mijnarbeider;"Removing dangerous projections from mine and quarry workings;";Het verwijderen van gevaarlijke projecties uit mijn- en steengroevewerken;0.082;
9312;drainagemedewerker;Cleaning worksites and removing obstructions.;Reinigen van werkplekken en verwijderen van obstakels;0.1325;
9312;drainagemedewerker;"Loading and unloading construction materials, excavated material and equipment and transporting them around construction sites using wheelbarrows and hand trucks;";Het laden en lossen van bouwmaterialen, uitgegraven materiaal en materieel en het transporteren ervan rond bouwplaatsen met behulp van kruiwagens en steekwagens;0.095;
9312;drainagemedewerker;"Trimming and cutting rocks and concrete and bitumen surfaces using jack-hammers;";Gesteente en beton en bitumen met behulp van jackhamers snijden en snijden;0.08;
9312;drainagemedewerker;"Digging and filling holes and trenches using hand held tools;";Graven en vullen van gaten en sleuven met handgereedschap;0.0725;
9313;opperman bouw;"Mixing, pouring and spreading materials such as concrete, plaster and mortar;";Mengen, storten en verspreiden van materialen zoals beton, pleister en mortel;0.12;
9313;opperman bouw;Cleaning work sites and removing obstructions.;Reinigen van werkplekken en verwijderen van obstakels;0.105;
9313;opperman bouw;"Cleaning used building bricks and doing other simple work on demolition sites;";Het reinigen van gebruikte bouwstenen en het uitvoeren van andere eenvoudige werkzaamheden op slooplocaties;0.08;
9313;opperman bouw;"Digging and filling holes and trenches using hand held tools;";Graven en vullen van gaten en sleuven met handgereedschap;0.0725;
9321;inpakker met de hand;Labelling products, packages and various containers by hand.;Etikettering van producten, verpakkingen en diverse containers met de hand;0.25;
9321;inpakker met de hand;"Weighing, wrapping, sealing and packing material and various products by hand;";Wegen, verpakken, afdichten, verpakken en diverse producten met de hand;0.18;
9321;inpakker met de hand;"Filling bottles, cans, boxes, bags and other containers with products by hand;";Flessen, blikken, dozen, zakken en andere containers met de hand vullen met producten;0.1625;
9329;breeuwer;Carrying out manual sorting of products or components.;Het handmatig sorteren van producten of onderdelen;0.1425;
9329;breeuwer;"Clearing machine blockages, cleaning machinery, equipment and tools;";Het verhelpen van machineblokkades, reinigingsmachines, apparatuur en gereedschappen;0.12;
9329;breeuwer;"Conveying goods, material, equipment and other items to work areas, and removing finished pieces;";Het transporteren van goederen, materiaal, apparatuur en andere items naar werkgebieden en het verwijderen van afgewerkte stukken;0.11;
9329;breeuwer;"Loading and unloading vehicles, trucks and trolleys;";Laden en lossen van voertuigen, vrachtwagens en trolleys;0.1075;
9331;fietskoerier;Collecting fares or charges.;Ritprijzen of kosten innen;0.335;
9331;fietskoerier;"Inspecting vehicle components to identify wear and damage;";Inspectie van voertuigonderdelen om slijtage en schade te identificeren;0.23;
9331;fietskoerier;"Loading and unloading goods, or assisting passengers in getting on or off a vehicle;";Het laden en lossen van goederen, of het assisteren van passagiers bij het in- of uitstappen van een voertuig;0.15;
9331;fietskoerier;"Maintaining vehicle, making minor repairs and installing replacement parts;";Voertuig onderhouden, kleine reparaties uitvoeren en vervangende onderdelen installeren;0.14;
9332;koetsier;"Collecting fares or charges;";Het innen van ritprijzen of toeslagen;0.325;
9332;koetsier;"Driving animals in the desired direction with due regard to other traffic and traffic regulations;";Dieren in de gewenste richting rijden met inachtneming van andere verkeers- en verkeersregels;0.16;
9332;koetsier;"Harnessing animals and hitching them to vehicles or machinery;";Dieren uitrusten en aan voertuigen of machines koppelen;0.055;
9332;koetsier;"Driving animals to haul wagons in mines or quarries;";Het drijven van dieren om wagens in mijnen of steengroeven te vervoeren;0.048;
9333;bagagemedewerker;"Packing office or household furniture, machines, appliances and related goods to be transported from one place to another;";Inpakken van kantoor- of huishoudmeubilair, machines, apparaten en aanverwante goederen om van de ene plaats naar de andere te worden vervoerd;0.165;
9333;bagagemedewerker;"Carrying and stacking goods in warehouses and similar establishments;";Het vervoeren en stapelen van goederen in magazijnen en soortgelijke inrichtingen;0.1625;
9333;bagagemedewerker;"Carrying goods to be loaded on or unloaded from vans, trucks, wagons, ships or aircraft;";Het vervoeren van goederen die moeten worden geladen op of gelost uit bestelwagens, vrachtwagens, wagons, schepen of vliegtuigen;0.135;
9333;bagagemedewerker;"Connecting hoses between main shore installation pipes and tanks of barges, tankers and other ships to load and unload petroleum, liquefied gases and other liquids;";Aansluiten van slangen tussen hoofdinstallatiebuizen aan wal en tanks van binnenschepen, tankers en andere schepen voor het laden en lossen van aardolie, vloeibaar gemaakte gassen en andere vloeistoffen;0.095;
9334;schappenvuller;"Directing customers to location of articles sought;";Klanten naar de locatie van gezochte artikelen leiden;0.435;
9334;schappenvuller;"Noting what has been sold and collecting goods needed from the stockroom;";Vaststellen wat er is verkocht en goederen ophalen die nodig zijn in het magazijn;0.27;
9334;schappenvuller;"Filling shelves with goods ensuring goods with the earliest use-by dates are at the front of shelves;";Het vullen van schappen met goederen die ervoor zorgen dat goederen met de vroegste houdbaarheidsdatum zich aan de voorkant van de schappen bevinden;0.15;
9334;schappenvuller;"Removing goods with past due use-by dates;";Het verwijderen van goederen met vervaldatums die zijn verstreken;0.15;
9411;medewerker fastfood;"Taking and serving food and beverage orders in eating places that specialize in fast service and carry-out food;";Het nemen en serveren van voedsel- en drankorders in eetgelegenheden die gespecialiseerd zijn in snelle service en voer;0.25;
9411;medewerker fastfood;"Ordering and taking delivery of fast food ingredients;";Bestellen en in ontvangst nemen van fastfood ingrediënten;0.235;
9411;medewerker fastfood;"Cleaning food preparation areas, cooking surfaces and utensils;";Het schoonmaken van voedselbereidingsruimten, kookoppervlakken en keukengerei;0.135;
9411;medewerker fastfood;"Re-heating pre-prepared food;";Opwarmen van voorbereid voedsel;0.1275;
9412;keukenhulp;"Unpacking checking, transferring, weighing and storing supplies in refrigerators, cupboards and other storage areas;";Het uitpakken van voorraden in koelkasten, kasten en andere opslagruimten;0.15;
9412;keukenhulp;"Assembling dishes for service;";Schalen samenstellen voor service;0.145;
9412;keukenhulp;"Cleaning kitchens, food preparation areas and service areas;";Het schoonmaken van keukens, voedselbereidingsruimten en servicegebieden;0.115;
9412;keukenhulp;Preparing, cooking, toasting and heating simple food items.;Bereiden, koken, toasten en verwarmen van eenvoudige levensmiddelen;0.1;
9510;folderbezorger;Receiving immediate payment.;We ontvangen onmiddellijke betaling;0.335;
9510;folderbezorger;"Assisting car drivers to find a parking place and ensuring that the car is not damaged during driver's absence;";Autobestuurders helpen bij het vinden van een parkeerplaats en ervoor zorgen dat de auto niet wordt beschadigd tijdens de afwezigheid van de bestuurder;0.26;
9510;folderbezorger;"Cleaning and polishing car windows;";Autoruiten reinigen en polijsten;0.0825;
9510;folderbezorger;"Handing out leaflets and free newspapers;";Uitdelen van folders en gratis kranten;0.0825;
9520;markt- en straathandelaar;Receiving immediate payment.;We ontvangen onmiddellijke betaling;0.355;
9520;markt- en straathandelaar;"Buying or receiving items for sale, or making simple items;";Het kopen of ontvangen van artikelen te koop, of het maken van eenvoudige artikelen;0.24;
9520;markt- en straathandelaar;"Approaching potential customers on streets, or by going from house to house, to offer goods for sale;";Het benaderen van potentiële klanten op straat, of door van huis tot huis te gaan, om goederen te koop aan te bieden;0.1175;
9520;markt- en straathandelaar;"Loading and unloading baskets, trays, push-carts, bicycles, hand-trucks or other vehicles, to transport goods to the streets or public places such as stations or cinemas;";Het laden en lossen van manden, dienbladen, steekwagens, fietsen, steekwagens of andere voertuigen, om goederen naar de straat of openbare plaatsen zoals stations of bioscopen te vervoeren;0.0975;
9611;vuilnisophaler;"Riding on or in garbage and recycling trucks;";Rijden op of in vuilniswagens en recyclingwagens;0.1125;
9611;vuilnisophaler;"Lifting garbage bins and emptying contents into trucks and larger containers;";Vuilnisbakken optillen en inhoud legen in vrachtwagens en grotere containers;0.1;
9611;vuilnisophaler;Unloading garbage and recycling trucks.;Het lossen van vuilnis en recycling vrachtwagens;0.08;
9611;vuilnisophaler;"Collecting rubbish and recyclable materials and locating it into bins and garbage and recycling trucks;";Afval en recyclebare materialen inzamelen en in vuilnisbakken en vuilniswagens plaatsen;0.075;
9612;afvalsorteerder;Selling recyclable or reusable materials.;Verkoop recycleerbare of herbruikbare materialen;0.405;
9612;afvalsorteerder;"Identifying and setting aside items of furniture, equipment, machinery or components that are suitable for repair or re-use;";Het identificeren en opzij zetten van meubels, apparatuur, machines of componenten die geschikt zijn voor reparatie of hergebruik;0.155;
9612;afvalsorteerder;"Searching through refuse and collecting items for recycling from dump sites, domestic, commercial and industrial premises or from public places such as streets;";Zoeken via afval en het verzamelen van voorwerpen voor recycling van stortplaatsen, huishoudelijke, commerciële en industriële gebouwen of van openbare plaatsen zoals straten;0.135;
9612;afvalsorteerder;"Transporting recyclable items by hand or using non-motorized vehicles;";Het vervoer van recycleerbare voorwerpen met de hand of met niet-gemotoriseerde voertuigen;0.0925;
9613;straatveger;Cleaning rubbish, leaves and snow from driveways and grounds.;Het reinigen van afval, bladeren en sneeuw van opritten en terreinen;0.125;
9613;straatveger;"Sweeping streets, parks, airports, stations and similar public places;";Veegstraten, parken, luchthavens, stations en soortgelijke openbare plaatsen;0.105;
9613;straatveger;"Beating dust out of carpets by using a carpet-beater;";Stof uit tapijten slaan met behulp van een tapijtklopper;0.0875;
9613;straatveger;"Shovelling snow;";Schuivende sneeuw;0.06;
9621;hotelportier;"Planning and following the most efficient route;";Het plannen en volgen van de meest efficiënte route;0.7;
9621;hotelportier;Sorting items to be delivered according to the delivery route.;Sorteer items te leveren volgens de leveringsroute;0.425;
9621;hotelportier;"Delivering messages, packages and other items within an establishment or between establishments, or elsewhere;";Het afleveren van berichten, pakketten en andere items binnen een vestiging of tussen vestigingen, of elders;0.24;
9621;hotelportier;"Carrying and delivering luggage at hotels, stations, airports, and elsewhere;";Het dragen en afleveren van bagage in hotels, stations, luchthavens en elders;0.2;
9622;klusser;"Adjusting doors and windows;";Het afstellen van deuren en ramen;0.15;
9622;klusser;"Replacing defective items such as light bulbs;";Het vervangen van defecte voorwerpen zoals gloeilampen;0.1388;
9622;klusser;"Replacing tap washers;";Het vervangen van kraanringen;0.08;
9622;klusser;"Putting up handrails and grab rails;";Leuningen en rails;0.08;
9623;meteropnemer gas, water, elektriciteit;"Reading electricity, gas or water meters and recording consumption;";Het lezen van elektriciteits-, gas- of watermeters en het registreren van het verbruik;0.75;
9623;meteropnemer gas, water, elektriciteit;"Keeping records of merchandise distributed and money collected;";Het bijhouden van registers van gedistribueerde goederen en ingezameld geld;0.58;
9623;meteropnemer gas, water, elektriciteit;"Collecting money from parking meters and similar coinboxes;";Geld inzamelen bij parkeermeters en soortgelijke muntboxen;0.19;
9623;meteropnemer gas, water, elektriciteit;"Filling storage areas of vending machines and collecting money from their containers;";Het vullen van opslagruimtes van automaten en het ophalen van geld uit hun containers;0.18;
9629;attractiemedewerker;"Selling admission tickets and passes to patrons at entertainment events or collecting tickets, passes and tags from patrons;";Het verkopen van toegangskaarten en pasjes aan klanten bij entertainment evenementen of het verzamelen van tickets, pasjes en labels van klanten;0.485;
9629;attractiemedewerker;"Examining tickets or passes to verify authenticity, using criteria such as colour and date issued;";Het onderzoeken van tickets of passen om de authenticiteit te verifiëren, aan de hand van criteria zoals kleur en datum van uitgifte;0.45;
9629;attractiemedewerker;Assigning dressing room facilities, locker space or clothing containers to patrons of athletic or bathing establishments.;Het toewijzen van kleedkamerfaciliteiten, kleedruimte of kledingcontainers aan klanten van sport- of badinrichtingen;0.1675;
9629;attractiemedewerker;"Guiding patrons to exits or providing other instructions or assistance in case of emergency;";Patrons begeleiden naar uitgangen of andere instructies of hulp bieden in geval van nood;0.135;
